family,instance,n_vars,ppd_orig,mode,rep,sat,decisions,propagations,conflicts,ppd
uf175-753,uf175-01.cnf,175,30.3519,identical,0,True,5288,157578,4348,29.799167927382754
uf175-753,uf175-01.cnf,175,30.3519,identical,1,True,5288,157578,4348,29.799167927382754
uf175-753,uf175-01.cnf,175,30.3519,identical,2,True,5288,157578,4348,29.799167927382754
uf175-753,uf175-01.cnf,175,30.3519,identical,3,True,5288,157578,4348,29.799167927382754
uf175-753,uf175-01.cnf,175,30.3519,identical,4,True,5288,157578,4348,29.799167927382754
uf175-753,uf175-01.cnf,175,30.3519,identical,5,True,5288,157578,4348,29.799167927382754
uf175-753,uf175-01.cnf,175,30.3519,identical,6,True,5288,157578,4348,29.799167927382754
uf175-753,uf175-01.cnf,175,30.3519,identical,7,True,5288,157578,4348,29.799167927382754
uf175-753,uf175-01.cnf,175,30.3519,identical,8,True,5288,157578,4348,29.799167927382754
uf175-753,uf175-01.cnf,175,30.3519,identical,9,True,5288,157578,4348,29.799167927382754
uf175-753,uf175-01.cnf,175,30.3519,clause_shuffle,0,True,3009,87866,2418,29.20106347623795
uf175-753,uf175-01.cnf,175,30.3519,clause_shuffle,1,True,4231,125332,3392,29.622311510281257
uf175-753,uf175-01.cnf,175,30.3519,clause_shuffle,2,True,4982,146049,4039,29.31533520674428
uf175-753,uf175-01.cnf,175,30.3519,clause_shuffle,3,True,7138,221054,5942,30.96861866068927
uf175-753,uf175-01.cnf,175,30.3519,clause_shuffle,4,True,1729,51075,1364,29.540196645459805
uf175-753,uf175-01.cnf,175,30.3519,clause_shuffle,5,True,916,23739,669,25.91593886462882
uf175-753,uf175-01.cnf,175,30.3519,clause_shuffle,6,True,4821,143782,3975,29.82410288321925
uf175-753,uf175-01.cnf,175,30.3519,clause_shuffle,7,True,3263,95812,2620,29.36316273368066
uf175-753,uf175-01.cnf,175,30.3519,clause_shuffle,8,True,4714,140069,3867,29.71340687314383
uf175-753,uf175-01.cnf,175,30.3519,clause_shuffle,9,True,7188,220766,5933,30.713132999443516
uf175-753,uf175-01.cnf,175,30.3519,var_rename,0,True,9480,285986,7889,30.167299578059072
uf175-753,uf175-01.cnf,175,30.3519,var_rename,1,True,2548,74576,2074,29.26844583987441
uf175-753,uf175-01.cnf,175,30.3519,var_rename,2,True,1206,32287,914,26.771973466003317
uf175-753,uf175-01.cnf,175,30.3519,var_rename,3,True,3206,94242,2585,29.395508421709295
uf175-753,uf175-01.cnf,175,30.3519,var_rename,4,True,9722,294884,8112,30.33161900843448
uf175-753,uf175-01.cnf,175,30.3519,var_rename,5,True,8664,260952,7189,30.1191135734072
uf175-753,uf175-01.cnf,175,30.3519,var_rename,6,True,3004,89988,2438,29.9560585885486
uf175-753,uf175-01.cnf,175,30.3519,var_rename,7,True,6873,203299,5635,29.57936854357631
uf175-753,uf175-01.cnf,175,30.3519,var_rename,8,True,7659,232703,6285,30.38294816555686
uf175-753,uf175-01.cnf,175,30.3519,var_rename,9,True,762,21860,603,28.68766404199475
uf175-753,uf175-01.cnf,175,30.3519,phases,0,True,4556,134349,3768,29.488366988586478
uf175-753,uf175-01.cnf,175,30.3519,phases,1,True,3858,113370,3127,29.385692068429236
uf175-753,uf175-01.cnf,175,30.3519,phases,2,True,9571,288469,7955,30.13990178664716
uf175-753,uf175-01.cnf,175,30.3519,phases,3,True,9125,280750,7642,30.767123287671232
uf175-753,uf175-01.cnf,175,30.3519,phases,4,True,11944,363673,9956,30.4481748158071
uf175-753,uf175-01.cnf,175,30.3519,phases,5,True,7468,226292,6101,30.30155329405463
uf175-753,uf175-01.cnf,175,30.3519,phases,6,True,6104,178361,4991,29.220347313237223
uf175-753,uf175-01.cnf,175,30.3519,phases,7,True,6035,181985,4928,30.154929577464788
uf175-753,uf175-01.cnf,175,30.3519,phases,8,True,9361,280620,7757,29.97756649930563
uf175-753,uf175-01.cnf,175,30.3519,phases,9,True,8012,246994,6705,30.828007988017973
uf175-753,uf175-01.cnf,175,30.3519,all,0,True,1338,38810,1070,29.005979073243648
uf175-753,uf175-01.cnf,175,30.3519,all,1,True,7872,237323,6559,30.147738821138212
uf175-753,uf175-01.cnf,175,30.3519,all,2,True,5358,159141,4404,29.701567749160134
uf175-753,uf175-01.cnf,175,30.3519,all,3,True,2473,71914,2012,29.079660331581074
uf175-753,uf175-01.cnf,175,30.3519,all,4,True,3327,95436,2684,28.685302073940488
uf175-753,uf175-01.cnf,175,30.3519,all,5,True,4673,139256,3788,29.80012839717526
uf175-753,uf175-01.cnf,175,30.3519,all,6,True,5550,163467,4483,29.453513513513514
uf175-753,uf175-01.cnf,175,30.3519,all,7,True,4710,141821,3819,30.110615711252652
uf175-753,uf175-01.cnf,175,30.3519,all,8,True,2726,78760,2151,28.892149669845928
uf175-753,uf175-01.cnf,175,30.3519,all,9,True,2373,64919,1858,27.357353560893383
uf175-753,uf175-010.cnf,175,28.0344,identical,0,True,5554,159728,4480,28.759092545912857
uf175-753,uf175-010.cnf,175,28.0344,identical,1,True,5554,159728,4480,28.759092545912857
uf175-753,uf175-010.cnf,175,28.0344,identical,2,True,5554,159728,4480,28.759092545912857
uf175-753,uf175-010.cnf,175,28.0344,identical,3,True,5554,159728,4480,28.759092545912857
uf175-753,uf175-010.cnf,175,28.0344,identical,4,True,5554,159728,4480,28.759092545912857
uf175-753,uf175-010.cnf,175,28.0344,identical,5,True,5554,159728,4480,28.759092545912857
uf175-753,uf175-010.cnf,175,28.0344,identical,6,True,5554,159728,4480,28.759092545912857
uf175-753,uf175-010.cnf,175,28.0344,identical,7,True,5554,159728,4480,28.759092545912857
uf175-753,uf175-010.cnf,175,28.0344,identical,8,True,5554,159728,4480,28.759092545912857
uf175-753,uf175-010.cnf,175,28.0344,identical,9,True,5554,159728,4480,28.759092545912857
uf175-753,uf175-010.cnf,175,28.0344,clause_shuffle,0,True,2229,60617,1739,27.194706146253925
uf175-753,uf175-010.cnf,175,28.0344,clause_shuffle,1,True,3058,84174,2432,27.525833878351865
uf175-753,uf175-010.cnf,175,28.0344,clause_shuffle,2,True,10257,300071,8488,29.255240323681388
uf175-753,uf175-010.cnf,175,28.0344,clause_shuffle,3,True,8870,251582,7204,28.36324689966178
uf175-753,uf175-010.cnf,175,28.0344,clause_shuffle,4,True,4272,117619,3485,27.532537453183522
uf175-753,uf175-010.cnf,175,28.0344,clause_shuffle,5,True,432,10943,315,25.33101851851852
uf175-753,uf175-010.cnf,175,28.0344,clause_shuffle,6,True,12039,353110,9941,29.3305091785032
uf175-753,uf175-010.cnf,175,28.0344,clause_shuffle,7,True,2867,79800,2274,27.83397279386118
uf175-753,uf175-010.cnf,175,28.0344,clause_shuffle,8,True,12106,352465,9970,29.114901701635553
uf175-753,uf175-010.cnf,175,28.0344,clause_shuffle,9,True,3337,92110,2621,27.60263709919089
uf175-753,uf175-010.cnf,175,28.0344,var_rename,0,True,8686,248459,7025,28.604536034998848
uf175-753,uf175-010.cnf,175,28.0344,var_rename,1,True,7925,228717,6445,28.86018927444795
uf175-753,uf175-010.cnf,175,28.0344,var_rename,2,True,4203,117348,3341,27.92005710206995
uf175-753,uf175-010.cnf,175,28.0344,var_rename,3,True,178,4119,117,23.140449438202246
uf175-753,uf175-010.cnf,175,28.0344,var_rename,4,True,8402,243003,6882,28.92204237086408
uf175-753,uf175-010.cnf,175,28.0344,var_rename,5,True,8495,245551,6959,28.905356091818717
uf175-753,uf175-010.cnf,175,28.0344,var_rename,6,True,4917,136754,3901,27.812487288997357
uf175-753,uf175-010.cnf,175,28.0344,var_rename,7,True,1339,37889,1079,28.29648991784914
uf175-753,uf175-010.cnf,175,28.0344,var_rename,8,True,3652,103177,2929,28.252190580503832
uf175-753,uf175-010.cnf,175,28.0344,var_rename,9,True,795,19717,591,24.80125786163522
uf175-753,uf175-010.cnf,175,28.0344,phases,0,True,498,13761,382,27.632530120481928
uf175-753,uf175-010.cnf,175,28.0344,phases,1,True,3237,91393,2613,28.233858510966943
uf175-753,uf175-010.cnf,175,28.0344,phases,2,True,3898,109759,3140,28.157773217034375
uf175-753,uf175-010.cnf,175,28.0344,phases,3,True,11989,338649,9810,28.246642755859536
uf175-753,uf175-010.cnf,175,28.0344,phases,4,True,788,19872,569,25.218274111675125
uf175-753,uf175-010.cnf,175,28.0344,phases,5,True,2526,67832,1941,26.853523357086303
uf175-753,uf175-010.cnf,175,28.0344,phases,6,True,3602,100194,2883,27.816213214880623
uf175-753,uf175-010.cnf,175,28.0344,phases,7,True,3374,93768,2690,27.791345583876705
uf175-753,uf175-010.cnf,175,28.0344,phases,8,True,996,28643,787,28.758032128514056
uf175-753,uf175-010.cnf,175,28.0344,phases,9,True,1544,42789,1204,27.713082901554404
uf175-753,uf175-010.cnf,175,28.0344,all,0,True,9207,263786,7602,28.65059194091452
uf175-753,uf175-010.cnf,175,28.0344,all,1,True,8403,240872,6860,28.665000595025585
uf175-753,uf175-010.cnf,175,28.0344,all,2,True,2364,65715,1863,27.798223350253807
uf175-753,uf175-010.cnf,175,28.0344,all,3,True,5538,158754,4521,28.666305525460455
uf175-753,uf175-010.cnf,175,28.0344,all,4,True,3362,93352,2707,27.766805472932777
uf175-753,uf175-010.cnf,175,28.0344,all,5,True,410,10463,300,25.51951219512195
uf175-753,uf175-010.cnf,175,28.0344,all,6,True,2610,70932,2049,27.177011494252874
uf175-753,uf175-010.cnf,175,28.0344,all,7,True,3255,88003,2552,27.036251920122886
uf175-753,uf175-010.cnf,175,28.0344,all,8,True,3815,107136,3065,28.08283093053735
uf175-753,uf175-010.cnf,175,28.0344,all,9,True,435,10015,279,23.022988505747126
uf175-753,uf175-0100.cnf,175,28.3717,identical,0,True,1464,38330,1123,26.18169398907104
uf175-753,uf175-0100.cnf,175,28.3717,identical,1,True,1464,38330,1123,26.18169398907104
uf175-753,uf175-0100.cnf,175,28.3717,identical,2,True,1464,38330,1123,26.18169398907104
uf175-753,uf175-0100.cnf,175,28.3717,identical,3,True,1464,38330,1123,26.18169398907104
uf175-753,uf175-0100.cnf,175,28.3717,identical,4,True,1464,38330,1123,26.18169398907104
uf175-753,uf175-0100.cnf,175,28.3717,identical,5,True,1464,38330,1123,26.18169398907104
uf175-753,uf175-0100.cnf,175,28.3717,identical,6,True,1464,38330,1123,26.18169398907104
uf175-753,uf175-0100.cnf,175,28.3717,identical,7,True,1464,38330,1123,26.18169398907104
uf175-753,uf175-0100.cnf,175,28.3717,identical,8,True,1464,38330,1123,26.18169398907104
uf175-753,uf175-0100.cnf,175,28.3717,identical,9,True,1464,38330,1123,26.18169398907104
uf175-753,uf175-0100.cnf,175,28.3717,clause_shuffle,0,True,2695,78584,2201,29.15918367346939
uf175-753,uf175-0100.cnf,175,28.3717,clause_shuffle,1,True,3298,93748,2646,28.42571255306246
uf175-753,uf175-0100.cnf,175,28.3717,clause_shuffle,2,True,9003,271669,7543,30.175385982450294
uf175-753,uf175-0100.cnf,175,28.3717,clause_shuffle,3,True,4576,132217,3658,28.893575174825173
uf175-753,uf175-0100.cnf,175,28.3717,clause_shuffle,4,True,1031,30037,823,29.133850630455868
uf175-753,uf175-0100.cnf,175,28.3717,clause_shuffle,5,True,3615,107068,2972,29.61770401106501
uf175-753,uf175-0100.cnf,175,28.3717,clause_shuffle,6,True,3455,99325,2814,28.748191027496382
uf175-753,uf175-0100.cnf,175,28.3717,clause_shuffle,7,True,3944,115679,3219,29.330375253549697
uf175-753,uf175-0100.cnf,175,28.3717,clause_shuffle,8,True,8158,239945,6691,29.412233390536898
uf175-753,uf175-0100.cnf,175,28.3717,clause_shuffle,9,True,1548,44052,1216,28.45736434108527
uf175-753,uf175-0100.cnf,175,28.3717,var_rename,0,True,645,17727,480,27.483720930232558
uf175-753,uf175-0100.cnf,175,28.3717,var_rename,1,True,1411,37967,1091,26.907866761162296
uf175-753,uf175-0100.cnf,175,28.3717,var_rename,2,True,1321,38440,1058,29.099167297501893
uf175-753,uf175-0100.cnf,175,28.3717,var_rename,3,True,5755,165647,4662,28.783145091225023
uf175-753,uf175-0100.cnf,175,28.3717,var_rename,4,True,4022,115959,3307,28.831178518150175
uf175-753,uf175-0100.cnf,175,28.3717,var_rename,5,True,4995,145499,4104,29.12892892892893
uf175-753,uf175-0100.cnf,175,28.3717,var_rename,6,True,2919,85861,2348,29.41452552243919
uf175-753,uf175-0100.cnf,175,28.3717,var_rename,7,True,3420,99479,2804,29.087426900584795
uf175-753,uf175-0100.cnf,175,28.3717,var_rename,8,True,431,10838,300,25.1461716937355
uf175-753,uf175-0100.cnf,175,28.3717,var_rename,9,True,3858,114250,3154,29.61378952825298
uf175-753,uf175-0100.cnf,175,28.3717,phases,0,True,467,12137,339,25.989293361884368
uf175-753,uf175-0100.cnf,175,28.3717,phases,1,True,3350,96482,2688,28.800597014925373
uf175-753,uf175-0100.cnf,175,28.3717,phases,2,True,1845,52030,1485,28.200542005420054
uf175-753,uf175-0100.cnf,175,28.3717,phases,3,True,373,8482,248,22.739946380697052
uf175-753,uf175-0100.cnf,175,28.3717,phases,4,True,2992,87854,2447,29.362967914438503
uf175-753,uf175-0100.cnf,175,28.3717,phases,5,True,6565,192363,5435,29.301294744859103
uf175-753,uf175-0100.cnf,175,28.3717,phases,6,True,3873,111154,3096,28.69971598244255
uf175-753,uf175-0100.cnf,175,28.3717,phases,7,True,754,20373,580,27.019893899204245
uf175-753,uf175-0100.cnf,175,28.3717,phases,8,True,2937,82974,2297,28.251276813074565
uf175-753,uf175-0100.cnf,175,28.3717,phases,9,True,342,7924,234,23.169590643274855
uf175-753,uf175-0100.cnf,175,28.3717,all,0,True,545,13050,393,23.94495412844037
uf175-753,uf175-0100.cnf,175,28.3717,all,1,True,2953,82306,2308,27.87199458178124
uf175-753,uf175-0100.cnf,175,28.3717,all,2,True,1029,27081,775,26.317784256559765
uf175-753,uf175-0100.cnf,175,28.3717,all,3,True,7620,226344,6299,29.703937007874014
uf175-753,uf175-0100.cnf,175,28.3717,all,4,True,3233,91781,2582,28.388802969378286
uf175-753,uf175-0100.cnf,175,28.3717,all,5,True,1632,46240,1281,28.333333333333332
uf175-753,uf175-0100.cnf,175,28.3717,all,6,True,7107,211652,5919,29.780779513156045
uf175-753,uf175-0100.cnf,175,28.3717,all,7,True,4488,128222,3594,28.569964349376114
uf175-753,uf175-0100.cnf,175,28.3717,all,8,True,2240,67202,1818,30.00089285714286
uf175-753,uf175-0100.cnf,175,28.3717,all,9,True,2048,56519,1592,27.59716796875
uf175-753,uf175-011.cnf,175,26.9309,identical,0,True,482,13659,359,28.33817427385892
uf175-753,uf175-011.cnf,175,26.9309,identical,1,True,482,13659,359,28.33817427385892
uf175-753,uf175-011.cnf,175,26.9309,identical,2,True,482,13659,359,28.33817427385892
uf175-753,uf175-011.cnf,175,26.9309,identical,3,True,482,13659,359,28.33817427385892
uf175-753,uf175-011.cnf,175,26.9309,identical,4,True,482,13659,359,28.33817427385892
uf175-753,uf175-011.cnf,175,26.9309,identical,5,True,482,13659,359,28.33817427385892
uf175-753,uf175-011.cnf,175,26.9309,identical,6,True,482,13659,359,28.33817427385892
uf175-753,uf175-011.cnf,175,26.9309,identical,7,True,482,13659,359,28.33817427385892
uf175-753,uf175-011.cnf,175,26.9309,identical,8,True,482,13659,359,28.33817427385892
uf175-753,uf175-011.cnf,175,26.9309,identical,9,True,482,13659,359,28.33817427385892
uf175-753,uf175-011.cnf,175,26.9309,clause_shuffle,0,True,1100,32056,838,29.14181818181818
uf175-753,uf175-011.cnf,175,26.9309,clause_shuffle,1,True,696,17259,473,24.79741379310345
uf175-753,uf175-011.cnf,175,26.9309,clause_shuffle,2,True,3011,89755,2394,29.8090335436732
uf175-753,uf175-011.cnf,175,26.9309,clause_shuffle,3,True,291,7244,190,24.893470790378007
uf175-753,uf175-011.cnf,175,26.9309,clause_shuffle,4,True,293,6985,182,23.839590443686006
uf175-753,uf175-011.cnf,175,26.9309,clause_shuffle,5,True,924,24550,676,26.56926406926407
uf175-753,uf175-011.cnf,175,26.9309,clause_shuffle,6,True,927,26401,708,28.480043149946063
uf175-753,uf175-011.cnf,175,26.9309,clause_shuffle,7,True,1033,28798,753,27.878025169409486
uf175-753,uf175-011.cnf,175,26.9309,clause_shuffle,8,True,508,13769,374,27.10433070866142
uf175-753,uf175-011.cnf,175,26.9309,clause_shuffle,9,True,997,28230,747,28.31494483450351
uf175-753,uf175-011.cnf,175,26.9309,var_rename,0,True,382,11365,295,29.75130890052356
uf175-753,uf175-011.cnf,175,26.9309,var_rename,1,True,2830,82722,2291,29.230388692579506
uf175-753,uf175-011.cnf,175,26.9309,var_rename,2,True,1130,31095,852,27.51769911504425
uf175-753,uf175-011.cnf,175,26.9309,var_rename,3,True,929,24528,673,26.402583423035523
uf175-753,uf175-011.cnf,175,26.9309,var_rename,4,True,229,5067,138,22.12663755458515
uf175-753,uf175-011.cnf,175,26.9309,var_rename,5,True,372,9583,262,25.760752688172044
uf175-753,uf175-011.cnf,175,26.9309,var_rename,6,True,2679,78228,2100,29.200447928331467
uf175-753,uf175-011.cnf,175,26.9309,var_rename,7,True,1082,31411,855,29.03049907578558
uf175-753,uf175-011.cnf,175,26.9309,var_rename,8,True,523,13585,374,25.97514340344168
uf175-753,uf175-011.cnf,175,26.9309,var_rename,9,True,755,22071,585,29.233112582781455
uf175-753,uf175-011.cnf,175,26.9309,phases,0,True,456,12103,329,26.541666666666668
uf175-753,uf175-011.cnf,175,26.9309,phases,1,True,740,20305,553,27.43918918918919
uf175-753,uf175-011.cnf,175,26.9309,phases,2,True,635,16244,454,25.581102362204724
uf175-753,uf175-011.cnf,175,26.9309,phases,3,True,545,14092,408,25.856880733944955
uf175-753,uf175-011.cnf,175,26.9309,phases,4,True,4754,137040,3781,28.826251577618848
uf175-753,uf175-011.cnf,175,26.9309,phases,5,True,52,510,11,9.807692307692308
uf175-753,uf175-011.cnf,175,26.9309,phases,6,True,3096,91217,2446,29.462855297157624
uf175-753,uf175-011.cnf,175,26.9309,phases,7,True,906,23822,665,26.293598233995585
uf175-753,uf175-011.cnf,175,26.9309,phases,8,True,1831,49567,1399,27.070999453850355
uf175-753,uf175-011.cnf,175,26.9309,phases,9,True,222,5151,145,23.2027027027027
uf175-753,uf175-011.cnf,175,26.9309,all,0,True,1461,39800,1130,27.241615331964407
uf175-753,uf175-011.cnf,175,26.9309,all,1,True,2047,58263,1603,28.462628236443575
uf175-753,uf175-011.cnf,175,26.9309,all,2,True,691,19338,521,27.985528219971055
uf175-753,uf175-011.cnf,175,26.9309,all,3,True,1770,52014,1403,29.386440677966103
uf175-753,uf175-011.cnf,175,26.9309,all,4,True,2400,71032,1913,29.596666666666668
uf175-753,uf175-011.cnf,175,26.9309,all,5,True,614,15424,421,25.120521172638437
uf175-753,uf175-011.cnf,175,26.9309,all,6,True,2334,65683,1815,28.141816623821764
uf175-753,uf175-011.cnf,175,26.9309,all,7,True,132,3202,84,24.257575757575758
uf175-753,uf175-011.cnf,175,26.9309,all,8,True,2075,60354,1649,29.086265060240965
uf175-753,uf175-011.cnf,175,26.9309,all,9,True,458,12537,329,27.37336244541485
uf175-753,uf175-012.cnf,175,26.2335,identical,0,True,1110,28963,837,26.092792792792793
uf175-753,uf175-012.cnf,175,26.2335,identical,1,True,1110,28963,837,26.092792792792793
uf175-753,uf175-012.cnf,175,26.2335,identical,2,True,1110,28963,837,26.092792792792793
uf175-753,uf175-012.cnf,175,26.2335,identical,3,True,1110,28963,837,26.092792792792793
uf175-753,uf175-012.cnf,175,26.2335,identical,4,True,1110,28963,837,26.092792792792793
uf175-753,uf175-012.cnf,175,26.2335,identical,5,True,1110,28963,837,26.092792792792793
uf175-753,uf175-012.cnf,175,26.2335,identical,6,True,1110,28963,837,26.092792792792793
uf175-753,uf175-012.cnf,175,26.2335,identical,7,True,1110,28963,837,26.092792792792793
uf175-753,uf175-012.cnf,175,26.2335,identical,8,True,1110,28963,837,26.092792792792793
uf175-753,uf175-012.cnf,175,26.2335,identical,9,True,1110,28963,837,26.092792792792793
uf175-753,uf175-012.cnf,175,26.2335,clause_shuffle,0,True,1300,37533,1039,28.87153846153846
uf175-753,uf175-012.cnf,175,26.2335,clause_shuffle,1,True,2987,83912,2405,28.09240040174088
uf175-753,uf175-012.cnf,175,26.2335,clause_shuffle,2,True,7394,209625,6052,28.350689748444683
uf175-753,uf175-012.cnf,175,26.2335,clause_shuffle,3,True,3084,86474,2511,28.039559014267187
uf175-753,uf175-012.cnf,175,26.2335,clause_shuffle,4,True,1748,45365,1322,25.952517162471395
uf175-753,uf175-012.cnf,175,26.2335,clause_shuffle,5,True,4534,128857,3678,28.420158800176445
uf175-753,uf175-012.cnf,175,26.2335,clause_shuffle,6,True,2440,64988,1943,26.634426229508197
uf175-753,uf175-012.cnf,175,26.2335,clause_shuffle,7,True,2872,77059,2284,26.831128133704734
uf175-753,uf175-012.cnf,175,26.2335,clause_shuffle,8,True,7853,229381,6493,29.20934674646632
uf175-753,uf175-012.cnf,175,26.2335,clause_shuffle,9,True,9504,274783,7831,28.912352693602692
uf175-753,uf175-012.cnf,175,26.2335,var_rename,0,True,6501,183950,5311,28.295646823565605
uf175-753,uf175-012.cnf,175,26.2335,var_rename,1,True,2335,65872,1875,28.21070663811563
uf175-753,uf175-012.cnf,175,26.2335,var_rename,2,True,3228,86020,2570,26.64807930607187
uf175-753,uf175-012.cnf,175,26.2335,var_rename,3,True,2101,58683,1679,27.93098524512137
uf175-753,uf175-012.cnf,175,26.2335,var_rename,4,True,2732,77028,2211,28.194729136163982
uf175-753,uf175-012.cnf,175,26.2335,var_rename,5,True,7131,206995,5918,29.02748562613939
uf175-753,uf175-012.cnf,175,26.2335,var_rename,6,True,2620,70253,2065,26.81412213740458
uf175-753,uf175-012.cnf,175,26.2335,var_rename,7,True,3548,96089,2825,27.082581736189404
uf175-753,uf175-012.cnf,175,26.2335,var_rename,8,True,748,19910,566,26.61764705882353
uf175-753,uf175-012.cnf,175,26.2335,var_rename,9,True,5146,145151,4221,28.20656820831714
uf175-753,uf175-012.cnf,175,26.2335,phases,0,True,2191,60109,1698,27.43450479233227
uf175-753,uf175-012.cnf,175,26.2335,phases,1,True,6282,177592,5133,28.26997771410379
uf175-753,uf175-012.cnf,175,26.2335,phases,2,True,3939,114909,3272,29.17212490479817
uf175-753,uf175-012.cnf,175,26.2335,phases,3,True,4697,133480,3793,28.41813923781137
uf175-753,uf175-012.cnf,175,26.2335,phases,4,True,4756,133157,3844,27.997687132043733
uf175-753,uf175-012.cnf,175,26.2335,phases,5,True,5112,144921,4150,28.349178403755868
uf175-753,uf175-012.cnf,175,26.2335,phases,6,True,9215,269248,7659,29.218448182311448
uf175-753,uf175-012.cnf,175,26.2335,phases,7,True,923,22648,686,24.537378114842905
uf175-753,uf175-012.cnf,175,26.2335,phases,8,True,2338,64896,1832,27.75705731394354
uf175-753,uf175-012.cnf,175,26.2335,phases,9,True,3468,98543,2816,28.41493656286044
uf175-753,uf175-012.cnf,175,26.2335,all,0,True,2864,79362,2285,27.710195530726256
uf175-753,uf175-012.cnf,175,26.2335,all,1,True,5520,154929,4510,28.066847826086956
uf175-753,uf175-012.cnf,175,26.2335,all,2,True,4040,116655,3304,28.875
uf175-753,uf175-012.cnf,175,26.2335,all,3,True,1240,34243,962,27.615322580645163
uf175-753,uf175-012.cnf,175,26.2335,all,4,True,2342,64597,1914,27.58198121263877
uf175-753,uf175-012.cnf,175,26.2335,all,5,True,5000,141446,4115,28.2892
uf175-753,uf175-012.cnf,175,26.2335,all,6,True,7152,207229,5928,28.974972035794185
uf175-753,uf175-012.cnf,175,26.2335,all,7,True,1279,32638,984,25.518373729476153
uf175-753,uf175-012.cnf,175,26.2335,all,8,True,1918,49455,1467,25.784671532846716
uf175-753,uf175-012.cnf,175,26.2335,all,9,True,2957,82825,2400,28.009807237064592
uf175-753,uf175-013.cnf,175,28.9126,identical,0,True,3546,105930,2879,29.873096446700508
uf175-753,uf175-013.cnf,175,28.9126,identical,1,True,3546,105930,2879,29.873096446700508
uf175-753,uf175-013.cnf,175,28.9126,identical,2,True,3546,105930,2879,29.873096446700508
uf175-753,uf175-013.cnf,175,28.9126,identical,3,True,3546,105930,2879,29.873096446700508
uf175-753,uf175-013.cnf,175,28.9126,identical,4,True,3546,105930,2879,29.873096446700508
uf175-753,uf175-013.cnf,175,28.9126,identical,5,True,3546,105930,2879,29.873096446700508
uf175-753,uf175-013.cnf,175,28.9126,identical,6,True,3546,105930,2879,29.873096446700508
uf175-753,uf175-013.cnf,175,28.9126,identical,7,True,3546,105930,2879,29.873096446700508
uf175-753,uf175-013.cnf,175,28.9126,identical,8,True,3546,105930,2879,29.873096446700508
uf175-753,uf175-013.cnf,175,28.9126,identical,9,True,3546,105930,2879,29.873096446700508
uf175-753,uf175-013.cnf,175,28.9126,clause_shuffle,0,True,2112,60655,1687,28.719223484848484
uf175-753,uf175-013.cnf,175,28.9126,clause_shuffle,1,True,4064,121379,3298,29.86687992125984
uf175-753,uf175-013.cnf,175,28.9126,clause_shuffle,2,True,1613,46813,1275,29.022318660880348
uf175-753,uf175-013.cnf,175,28.9126,clause_shuffle,3,True,4854,142854,3955,29.43016069221261
uf175-753,uf175-013.cnf,175,28.9126,clause_shuffle,4,True,883,23875,663,27.03850509626274
uf175-753,uf175-013.cnf,175,28.9126,clause_shuffle,5,True,5274,157108,4257,29.789154342055365
uf175-753,uf175-013.cnf,175,28.9126,clause_shuffle,6,True,931,26172,725,28.111707841031148
uf175-753,uf175-013.cnf,175,28.9126,clause_shuffle,7,True,4980,149258,4027,29.9714859437751
uf175-753,uf175-013.cnf,175,28.9126,clause_shuffle,8,True,4992,146356,4035,29.318108974358974
uf175-753,uf175-013.cnf,175,28.9126,clause_shuffle,9,True,2488,70684,1949,28.409967845659164
uf175-753,uf175-013.cnf,175,28.9126,var_rename,0,True,1919,56944,1532,29.673788431474726
uf175-753,uf175-013.cnf,175,28.9126,var_rename,1,True,3311,99238,2694,29.97221383267895
uf175-753,uf175-013.cnf,175,28.9126,var_rename,2,True,10504,315921,8619,30.07625666412795
uf175-753,uf175-013.cnf,175,28.9126,var_rename,3,True,1818,51958,1418,28.57975797579758
uf175-753,uf175-013.cnf,175,28.9126,var_rename,4,True,739,19858,544,26.87144790257104
uf175-753,uf175-013.cnf,175,28.9126,var_rename,5,True,10927,329104,8993,30.118422256795096
uf175-753,uf175-013.cnf,175,28.9126,var_rename,6,True,3505,101491,2809,28.956062767475036
uf175-753,uf175-013.cnf,175,28.9126,var_rename,7,True,4791,140500,3929,29.325819244416614
uf175-753,uf175-013.cnf,175,28.9126,var_rename,8,True,3776,109352,3029,28.959745762711865
uf175-753,uf175-013.cnf,175,28.9126,var_rename,9,True,2901,82719,2304,28.51396070320579
uf175-753,uf175-013.cnf,175,28.9126,phases,0,True,1795,50529,1390,28.14986072423398
uf175-753,uf175-013.cnf,175,28.9126,phases,1,True,7912,239973,6530,30.33025783619818
uf175-753,uf175-013.cnf,175,28.9126,phases,2,True,7982,236673,6487,29.650839388624405
uf175-753,uf175-013.cnf,175,28.9126,phases,3,True,8292,250157,6703,30.168475639170286
uf175-753,uf175-013.cnf,175,28.9126,phases,4,True,1478,42116,1139,28.49526387009472
uf175-753,uf175-013.cnf,175,28.9126,phases,5,True,4590,136838,3735,29.812200435729846
uf175-753,uf175-013.cnf,175,28.9126,phases,6,True,3889,115632,3133,29.73309334019028
uf175-753,uf175-013.cnf,175,28.9126,phases,7,True,7954,241161,6601,30.319461905959265
uf175-753,uf175-013.cnf,175,28.9126,phases,8,True,5156,155226,4169,30.10589604344453
uf175-753,uf175-013.cnf,175,28.9126,phases,9,True,6290,187642,5100,29.831796502384737
uf175-753,uf175-013.cnf,175,28.9126,all,0,True,8073,240348,6590,29.7718320327016
uf175-753,uf175-013.cnf,175,28.9126,all,1,True,2068,56611,1590,27.3747582205029
uf175-753,uf175-013.cnf,175,28.9126,all,2,True,1623,43564,1277,26.841651263093038
uf175-753,uf175-013.cnf,175,28.9126,all,3,True,7629,228594,6250,29.963822257176563
uf175-753,uf175-013.cnf,175,28.9126,all,4,True,3945,117928,3193,29.89302915082383
uf175-753,uf175-013.cnf,175,28.9126,all,5,True,10320,320911,8567,31.096027131782947
uf175-753,uf175-013.cnf,175,28.9126,all,6,True,6171,185954,5015,30.133527791281804
uf175-753,uf175-013.cnf,175,28.9126,all,7,True,2380,68401,1882,28.739915966386555
uf175-753,uf175-013.cnf,175,28.9126,all,8,True,2035,60174,1628,29.56953316953317
uf175-753,uf175-013.cnf,175,28.9126,all,9,True,1006,26947,741,26.78628230616302
uf175-753,uf175-014.cnf,175,27.5195,identical,0,True,2679,75810,2128,28.29787234042553
uf175-753,uf175-014.cnf,175,27.5195,identical,1,True,2679,75810,2128,28.29787234042553
uf175-753,uf175-014.cnf,175,27.5195,identical,2,True,2679,75810,2128,28.29787234042553
uf175-753,uf175-014.cnf,175,27.5195,identical,3,True,2679,75810,2128,28.29787234042553
uf175-753,uf175-014.cnf,175,27.5195,identical,4,True,2679,75810,2128,28.29787234042553
uf175-753,uf175-014.cnf,175,27.5195,identical,5,True,2679,75810,2128,28.29787234042553
uf175-753,uf175-014.cnf,175,27.5195,identical,6,True,2679,75810,2128,28.29787234042553
uf175-753,uf175-014.cnf,175,27.5195,identical,7,True,2679,75810,2128,28.29787234042553
uf175-753,uf175-014.cnf,175,27.5195,identical,8,True,2679,75810,2128,28.29787234042553
uf175-753,uf175-014.cnf,175,27.5195,identical,9,True,2679,75810,2128,28.29787234042553
uf175-753,uf175-014.cnf,175,27.5195,clause_shuffle,0,True,1020,25848,765,25.341176470588234
uf175-753,uf175-014.cnf,175,27.5195,clause_shuffle,1,True,2153,57768,1692,26.831398049233627
uf175-753,uf175-014.cnf,175,27.5195,clause_shuffle,2,True,1754,48128,1367,27.438996579247434
uf175-753,uf175-014.cnf,175,27.5195,clause_shuffle,3,True,2561,67257,2006,26.26200702850449
uf175-753,uf175-014.cnf,175,27.5195,clause_shuffle,4,True,3455,94320,2762,27.299565846599133
uf175-753,uf175-014.cnf,175,27.5195,clause_shuffle,5,True,502,11805,342,23.51593625498008
uf175-753,uf175-014.cnf,175,27.5195,clause_shuffle,6,True,5659,164818,4663,29.124933733875242
uf175-753,uf175-014.cnf,175,27.5195,clause_shuffle,7,True,3791,105155,3071,27.73806383539963
uf175-753,uf175-014.cnf,175,27.5195,clause_shuffle,8,True,5135,145338,4233,28.30340798442064
uf175-753,uf175-014.cnf,175,27.5195,clause_shuffle,9,True,6257,183057,5161,29.256352884769058
uf175-753,uf175-014.cnf,175,27.5195,var_rename,0,True,2351,65641,1858,27.920459378987665
uf175-753,uf175-014.cnf,175,27.5195,var_rename,1,True,754,19030,545,25.23872679045093
uf175-753,uf175-014.cnf,175,27.5195,var_rename,2,True,3611,102776,2939,28.461921905289394
uf175-753,uf175-014.cnf,175,27.5195,var_rename,3,True,4679,133167,3856,28.46056849754221
uf175-753,uf175-014.cnf,175,27.5195,var_rename,4,True,3478,98978,2822,28.45830937320299
uf175-753,uf175-014.cnf,175,27.5195,var_rename,5,True,939,26413,727,28.128860489882854
uf175-753,uf175-014.cnf,175,27.5195,var_rename,6,True,776,20727,569,26.710051546391753
uf175-753,uf175-014.cnf,175,27.5195,var_rename,7,True,3128,88736,2594,28.36828644501279
uf175-753,uf175-014.cnf,175,27.5195,var_rename,8,True,5047,145612,4136,28.851198731919954
uf175-753,uf175-014.cnf,175,27.5195,var_rename,9,True,2546,71303,2050,28.005891594658287
uf175-753,uf175-014.cnf,175,27.5195,phases,0,True,2603,72841,2116,27.98348059930849
uf175-753,uf175-014.cnf,175,27.5195,phases,1,True,3990,114248,3305,28.63358395989975
uf175-753,uf175-014.cnf,175,27.5195,phases,2,True,3388,96762,2751,28.560212514757968
uf175-753,uf175-014.cnf,175,27.5195,phases,3,True,5653,158749,4628,28.082257208561824
uf175-753,uf175-014.cnf,175,27.5195,phases,4,True,4400,124920,3581,28.39090909090909
uf175-753,uf175-014.cnf,175,27.5195,phases,5,True,1595,42827,1257,26.850783699059562
uf175-753,uf175-014.cnf,175,27.5195,phases,6,True,2558,71673,2053,28.019155590304926
uf175-753,uf175-014.cnf,175,27.5195,phases,7,True,5615,159542,4616,28.413535173642032
uf175-753,uf175-014.cnf,175,27.5195,phases,8,True,4581,130020,3718,28.382449246889326
uf175-753,uf175-014.cnf,175,27.5195,phases,9,True,5558,157160,4545,28.276358402302986
uf175-753,uf175-014.cnf,175,27.5195,all,0,True,437,10801,313,24.716247139588102
uf175-753,uf175-014.cnf,175,27.5195,all,1,True,1699,48066,1352,28.29075927015892
uf175-753,uf175-014.cnf,175,27.5195,all,2,True,3191,93604,2581,29.333751175180193
uf175-753,uf175-014.cnf,175,27.5195,all,3,True,5814,167002,4710,28.724114207086345
uf175-753,uf175-014.cnf,175,27.5195,all,4,True,2838,83167,2290,29.304792107117688
uf175-753,uf175-014.cnf,175,27.5195,all,5,True,6594,194273,5503,29.462086745526236
uf175-753,uf175-014.cnf,175,27.5195,all,6,True,4299,123581,3565,28.746452663410096
uf175-753,uf175-014.cnf,175,27.5195,all,7,True,6335,180664,5260,28.518389897395423
uf175-753,uf175-014.cnf,175,27.5195,all,8,True,9730,287726,8130,29.571017471736898
uf175-753,uf175-014.cnf,175,27.5195,all,9,True,7735,228334,6402,29.519586296056886
uf175-753,uf175-015.cnf,175,27.7503,identical,0,True,4830,141917,3868,29.3824016563147
uf175-753,uf175-015.cnf,175,27.7503,identical,1,True,4830,141917,3868,29.3824016563147
uf175-753,uf175-015.cnf,175,27.7503,identical,2,True,4830,141917,3868,29.3824016563147
uf175-753,uf175-015.cnf,175,27.7503,identical,3,True,4830,141917,3868,29.3824016563147
uf175-753,uf175-015.cnf,175,27.7503,identical,4,True,4830,141917,3868,29.3824016563147
uf175-753,uf175-015.cnf,175,27.7503,identical,5,True,4830,141917,3868,29.3824016563147
uf175-753,uf175-015.cnf,175,27.7503,identical,6,True,4830,141917,3868,29.3824016563147
uf175-753,uf175-015.cnf,175,27.7503,identical,7,True,4830,141917,3868,29.3824016563147
uf175-753,uf175-015.cnf,175,27.7503,identical,8,True,4830,141917,3868,29.3824016563147
uf175-753,uf175-015.cnf,175,27.7503,identical,9,True,4830,141917,3868,29.3824016563147
uf175-753,uf175-015.cnf,175,27.7503,clause_shuffle,0,True,2423,68390,1864,28.22534048699959
uf175-753,uf175-015.cnf,175,27.7503,clause_shuffle,1,True,1958,56323,1546,28.765577119509704
uf175-753,uf175-015.cnf,175,27.7503,clause_shuffle,2,True,6553,183676,5255,28.0292995574546
uf175-753,uf175-015.cnf,175,27.7503,clause_shuffle,3,True,1606,45138,1271,28.10585305105853
uf175-753,uf175-015.cnf,175,27.7503,clause_shuffle,4,True,2661,75017,2096,28.191281473130402
uf175-753,uf175-015.cnf,175,27.7503,clause_shuffle,5,True,6106,171118,4866,28.024566000655092
uf175-753,uf175-015.cnf,175,27.7503,clause_shuffle,6,True,1473,41777,1164,28.36184657162254
uf175-753,uf175-015.cnf,175,27.7503,clause_shuffle,7,True,3580,100445,2894,28.057262569832403
uf175-753,uf175-015.cnf,175,27.7503,clause_shuffle,8,True,816,22082,614,27.061274509803923
uf175-753,uf175-015.cnf,175,27.7503,clause_shuffle,9,True,1734,45343,1306,26.149365628604382
uf175-753,uf175-015.cnf,175,27.7503,var_rename,0,True,4335,127345,3484,29.3760092272203
uf175-753,uf175-015.cnf,175,27.7503,var_rename,1,True,883,22642,660,25.642129105322763
uf175-753,uf175-015.cnf,175,27.7503,var_rename,2,True,1295,34057,970,26.2988416988417
uf175-753,uf175-015.cnf,175,27.7503,var_rename,3,True,2982,84472,2349,28.32729711602951
uf175-753,uf175-015.cnf,175,27.7503,var_rename,4,True,2412,65206,1860,27.033996683250415
uf175-753,uf175-015.cnf,175,27.7503,var_rename,5,True,1590,41752,1196,26.259119496855345
uf175-753,uf175-015.cnf,175,27.7503,var_rename,6,True,1342,37267,1063,27.769746646795827
uf175-753,uf175-015.cnf,175,27.7503,var_rename,7,True,226,5202,147,23.01769911504425
uf175-753,uf175-015.cnf,175,27.7503,var_rename,8,True,3254,91012,2592,27.969268592501535
uf175-753,uf175-015.cnf,175,27.7503,var_rename,9,True,1560,42973,1233,27.546794871794873
uf175-753,uf175-015.cnf,175,27.7503,phases,0,True,1346,39157,1081,29.09138187221397
uf175-753,uf175-015.cnf,175,27.7503,phases,1,True,4483,127982,3607,28.548293553424045
uf175-753,uf175-015.cnf,175,27.7503,phases,2,True,7058,199604,5678,28.28053272881836
uf175-753,uf175-015.cnf,175,27.7503,phases,3,True,2472,71737,1972,29.01982200647249
uf175-753,uf175-015.cnf,175,27.7503,phases,4,True,120,2562,70,21.35
uf175-753,uf175-015.cnf,175,27.7503,phases,5,True,1373,36920,1040,26.890021849963585
uf175-753,uf175-015.cnf,175,27.7503,phases,6,True,829,20918,597,25.232810615199035
uf175-753,uf175-015.cnf,175,27.7503,phases,7,True,3441,99533,2681,28.925603022377217
uf175-753,uf175-015.cnf,175,27.7503,phases,8,True,4872,142022,3903,29.150656814449917
uf175-753,uf175-015.cnf,175,27.7503,phases,9,True,3143,86150,2444,27.41011772192173
uf175-753,uf175-015.cnf,175,27.7503,all,0,True,1411,36487,1060,25.858965272856132
uf175-753,uf175-015.cnf,175,27.7503,all,1,True,3114,86089,2451,27.645793192035967
uf175-753,uf175-015.cnf,175,27.7503,all,2,True,3920,112352,3146,28.66122448979592
uf175-753,uf175-015.cnf,175,27.7503,all,3,True,1117,30703,857,27.4870188003581
uf175-753,uf175-015.cnf,175,27.7503,all,4,True,1202,32818,922,27.302828618968388
uf175-753,uf175-015.cnf,175,27.7503,all,5,True,2847,78133,2190,27.443976115208994
uf175-753,uf175-015.cnf,175,27.7503,all,6,True,126,2317,64,18.38888888888889
uf175-753,uf175-015.cnf,175,27.7503,all,7,True,1338,39925,1064,29.83931240657698
uf175-753,uf175-015.cnf,175,27.7503,all,8,True,2876,86427,2314,30.051112656467314
uf175-753,uf175-015.cnf,175,27.7503,all,9,True,264,7004,176,26.53030303030303
uf175-753,uf175-016.cnf,175,27.6821,identical,0,True,569,14718,436,25.866432337434095
uf175-753,uf175-016.cnf,175,27.6821,identical,1,True,569,14718,436,25.866432337434095
uf175-753,uf175-016.cnf,175,27.6821,identical,2,True,569,14718,436,25.866432337434095
uf175-753,uf175-016.cnf,175,27.6821,identical,3,True,569,14718,436,25.866432337434095
uf175-753,uf175-016.cnf,175,27.6821,identical,4,True,569,14718,436,25.866432337434095
uf175-753,uf175-016.cnf,175,27.6821,identical,5,True,569,14718,436,25.866432337434095
uf175-753,uf175-016.cnf,175,27.6821,identical,6,True,569,14718,436,25.866432337434095
uf175-753,uf175-016.cnf,175,27.6821,identical,7,True,569,14718,436,25.866432337434095
uf175-753,uf175-016.cnf,175,27.6821,identical,8,True,569,14718,436,25.866432337434095
uf175-753,uf175-016.cnf,175,27.6821,identical,9,True,569,14718,436,25.866432337434095
uf175-753,uf175-016.cnf,175,27.6821,clause_shuffle,0,True,2218,64257,1819,28.970694319206494
uf175-753,uf175-016.cnf,175,27.6821,clause_shuffle,1,True,2671,73178,2160,27.397229502059155
uf175-753,uf175-016.cnf,175,27.6821,clause_shuffle,2,True,4127,120341,3416,29.159437848315967
uf175-753,uf175-016.cnf,175,27.6821,clause_shuffle,3,True,4466,126874,3650,28.408866995073893
uf175-753,uf175-016.cnf,175,27.6821,clause_shuffle,4,True,2280,61494,1790,26.971052631578946
uf175-753,uf175-016.cnf,175,27.6821,clause_shuffle,5,True,3550,99894,2910,28.139154929577465
uf175-753,uf175-016.cnf,175,27.6821,clause_shuffle,6,True,1336,35171,1041,26.32559880239521
uf175-753,uf175-016.cnf,175,27.6821,clause_shuffle,7,True,2836,76143,2238,26.84873060648801
uf175-753,uf175-016.cnf,175,27.6821,clause_shuffle,8,True,3189,91778,2609,28.779554719347757
uf175-753,uf175-016.cnf,175,27.6821,clause_shuffle,9,True,644,16803,501,26.091614906832298
uf175-753,uf175-016.cnf,175,27.6821,var_rename,0,True,451,10734,321,23.800443458980045
uf175-753,uf175-016.cnf,175,27.6821,var_rename,1,True,1343,35169,1056,26.186895011169025
uf175-753,uf175-016.cnf,175,27.6821,var_rename,2,True,217,4117,131,18.972350230414747
uf175-753,uf175-016.cnf,175,27.6821,var_rename,3,True,6552,188243,5382,28.730616605616607
uf175-753,uf175-016.cnf,175,27.6821,var_rename,4,True,717,19521,565,27.225941422594143
uf175-753,uf175-016.cnf,175,27.6821,var_rename,5,True,1946,52641,1565,27.05087358684481
uf175-753,uf175-016.cnf,175,27.6821,var_rename,6,True,1072,29407,829,27.431902985074625
uf175-753,uf175-016.cnf,175,27.6821,var_rename,7,True,3316,95315,2756,28.74396863691194
uf175-753,uf175-016.cnf,175,27.6821,var_rename,8,True,2371,64754,1864,27.31083930830873
uf175-753,uf175-016.cnf,175,27.6821,var_rename,9,True,2652,74965,2162,28.267345399698343
uf175-753,uf175-016.cnf,175,27.6821,phases,0,True,2774,77779,2216,28.03857245854362
uf175-753,uf175-016.cnf,175,27.6821,phases,1,True,3726,106466,3055,28.57380568974772
uf175-753,uf175-016.cnf,175,27.6821,phases,2,True,3998,116068,3267,29.03151575787894
uf175-753,uf175-016.cnf,175,27.6821,phases,3,True,3622,106949,2992,29.52760905577029
uf175-753,uf175-016.cnf,175,27.6821,phases,4,True,652,17521,495,26.87269938650307
uf175-753,uf175-016.cnf,175,27.6821,phases,5,True,6448,189369,5348,29.368641439205955
uf175-753,uf175-016.cnf,175,27.6821,phases,6,True,524,13554,382,25.866412213740457
uf175-753,uf175-016.cnf,175,27.6821,phases,7,True,2569,69693,2026,27.128454651615414
uf175-753,uf175-016.cnf,175,27.6821,phases,8,True,2871,82268,2325,28.654824103099966
uf175-753,uf175-016.cnf,175,27.6821,phases,9,True,1232,33339,970,27.060876623376622
uf175-753,uf175-016.cnf,175,27.6821,all,0,True,2407,68613,1946,28.505608641462402
uf175-753,uf175-016.cnf,175,27.6821,all,1,True,3624,102923,2954,28.400386313465784
uf175-753,uf175-016.cnf,175,27.6821,all,2,True,3221,91345,2627,28.3592052157715
uf175-753,uf175-016.cnf,175,27.6821,all,3,True,3027,83939,2431,27.730095804426824
uf175-753,uf175-016.cnf,175,27.6821,all,4,True,838,22564,648,26.92601431980907
uf175-753,uf175-016.cnf,175,27.6821,all,5,True,3616,104136,2966,28.798672566371682
uf175-753,uf175-016.cnf,175,27.6821,all,6,True,545,13484,390,24.741284403669724
uf175-753,uf175-016.cnf,175,27.6821,all,7,True,8122,238350,6797,29.346220142821966
uf175-753,uf175-016.cnf,175,27.6821,all,8,True,4800,133259,3943,27.762291666666666
uf175-753,uf175-016.cnf,175,27.6821,all,9,True,2995,84700,2441,28.280467445742904
uf175-753,uf175-017.cnf,175,26.3326,identical,0,True,1956,52132,1546,26.652351738241308
uf175-753,uf175-017.cnf,175,26.3326,identical,1,True,1956,52132,1546,26.652351738241308
uf175-753,uf175-017.cnf,175,26.3326,identical,2,True,1956,52132,1546,26.652351738241308
uf175-753,uf175-017.cnf,175,26.3326,identical,3,True,1956,52132,1546,26.652351738241308
uf175-753,uf175-017.cnf,175,26.3326,identical,4,True,1956,52132,1546,26.652351738241308
uf175-753,uf175-017.cnf,175,26.3326,identical,5,True,1956,52132,1546,26.652351738241308
uf175-753,uf175-017.cnf,175,26.3326,identical,6,True,1956,52132,1546,26.652351738241308
uf175-753,uf175-017.cnf,175,26.3326,identical,7,True,1956,52132,1546,26.652351738241308
uf175-753,uf175-017.cnf,175,26.3326,identical,8,True,1956,52132,1546,26.652351738241308
uf175-753,uf175-017.cnf,175,26.3326,identical,9,True,1956,52132,1546,26.652351738241308
uf175-753,uf175-017.cnf,175,26.3326,clause_shuffle,0,True,2619,70830,2101,27.0446735395189
uf175-753,uf175-017.cnf,175,26.3326,clause_shuffle,1,True,8628,244360,7160,28.321743161798796
uf175-753,uf175-017.cnf,175,26.3326,clause_shuffle,2,True,6023,173426,4960,28.793956500083016
uf175-753,uf175-017.cnf,175,26.3326,clause_shuffle,3,True,2726,74407,2181,27.295304475421865
uf175-753,uf175-017.cnf,175,26.3326,clause_shuffle,4,True,1509,43479,1240,28.813121272365805
uf175-753,uf175-017.cnf,175,26.3326,clause_shuffle,5,True,8147,230339,6698,28.272861175892967
uf175-753,uf175-017.cnf,175,26.3326,clause_shuffle,6,True,7642,216399,6301,28.3170635959173
uf175-753,uf175-017.cnf,175,26.3326,clause_shuffle,7,True,4865,132693,3911,27.27502569373073
uf175-753,uf175-017.cnf,175,26.3326,clause_shuffle,8,True,5736,163435,4751,28.492852161785216
uf175-753,uf175-017.cnf,175,26.3326,clause_shuffle,9,True,7290,203423,5999,27.904389574759946
uf175-753,uf175-017.cnf,175,26.3326,var_rename,0,True,6001,168306,4930,28.046325612397933
uf175-753,uf175-017.cnf,175,26.3326,var_rename,1,True,10274,292311,8614,28.45152812925832
uf175-753,uf175-017.cnf,175,26.3326,var_rename,2,True,5259,148619,4340,28.25993534892565
uf175-753,uf175-017.cnf,175,26.3326,var_rename,3,True,1855,49367,1415,26.612938005390834
uf175-753,uf175-017.cnf,175,26.3326,var_rename,4,True,11430,323747,9496,28.324321959755032
uf175-753,uf175-017.cnf,175,26.3326,var_rename,5,True,9326,264704,7797,28.383444134677248
uf175-753,uf175-017.cnf,175,26.3326,var_rename,6,True,7125,194056,5837,27.235929824561403
uf175-753,uf175-017.cnf,175,26.3326,var_rename,7,True,3297,90495,2637,27.447679708826204
uf175-753,uf175-017.cnf,175,26.3326,var_rename,8,True,10046,279446,8233,27.816643440175195
uf175-753,uf175-017.cnf,175,26.3326,var_rename,9,True,6533,183418,5378,28.07561610286239
uf175-753,uf175-017.cnf,175,26.3326,phases,0,True,5811,162165,4771,27.906556530717605
uf175-753,uf175-017.cnf,175,26.3326,phases,1,True,7504,208318,6143,27.76092750533049
uf175-753,uf175-017.cnf,175,26.3326,phases,2,True,3204,91530,2611,28.56741573033708
uf175-753,uf175-017.cnf,175,26.3326,phases,3,True,5435,152022,4433,27.970929162833485
uf175-753,uf175-017.cnf,175,26.3326,phases,4,True,9419,271490,7867,28.823654315744772
uf175-753,uf175-017.cnf,175,26.3326,phases,5,True,6220,172975,5052,27.809485530546624
uf175-753,uf175-017.cnf,175,26.3326,phases,6,True,3087,86024,2506,27.86653709102689
uf175-753,uf175-017.cnf,175,26.3326,phases,7,True,1111,30616,879,27.557155715571557
uf175-753,uf175-017.cnf,175,26.3326,phases,8,True,6072,170555,5056,28.088768115942027
uf175-753,uf175-017.cnf,175,26.3326,phases,9,True,9253,266992,7756,28.854641737814763
uf175-753,uf175-017.cnf,175,26.3326,all,0,True,1796,48752,1426,27.14476614699332
uf175-753,uf175-017.cnf,175,26.3326,all,1,True,684,15998,492,23.38888888888889
uf175-753,uf175-017.cnf,175,26.3326,all,2,True,2478,67579,1974,27.271589991928973
uf175-753,uf175-017.cnf,175,26.3326,all,3,True,7542,220092,6312,29.182179793158312
uf175-753,uf175-017.cnf,175,26.3326,all,4,True,6499,180454,5340,27.766425603939066
uf175-753,uf175-017.cnf,175,26.3326,all,5,True,5308,147586,4351,27.804446119065563
uf175-753,uf175-017.cnf,175,26.3326,all,6,True,3159,89821,2572,28.433364988920545
uf175-753,uf175-017.cnf,175,26.3326,all,7,True,4169,114441,3359,27.45046773806668
uf175-753,uf175-017.cnf,175,26.3326,all,8,True,5303,152489,4371,28.755232887045068
uf175-753,uf175-017.cnf,175,26.3326,all,9,True,10042,287525,8333,28.632244572794264
uf175-753,uf175-018.cnf,175,27.4212,identical,0,True,1415,39788,1096,28.118727915194345
uf175-753,uf175-018.cnf,175,27.4212,identical,1,True,1415,39788,1096,28.118727915194345
uf175-753,uf175-018.cnf,175,27.4212,identical,2,True,1415,39788,1096,28.118727915194345
uf175-753,uf175-018.cnf,175,27.4212,identical,3,True,1415,39788,1096,28.118727915194345
uf175-753,uf175-018.cnf,175,27.4212,identical,4,True,1415,39788,1096,28.118727915194345
uf175-753,uf175-018.cnf,175,27.4212,identical,5,True,1415,39788,1096,28.118727915194345
uf175-753,uf175-018.cnf,175,27.4212,identical,6,True,1415,39788,1096,28.118727915194345
uf175-753,uf175-018.cnf,175,27.4212,identical,7,True,1415,39788,1096,28.118727915194345
uf175-753,uf175-018.cnf,175,27.4212,identical,8,True,1415,39788,1096,28.118727915194345
uf175-753,uf175-018.cnf,175,27.4212,identical,9,True,1415,39788,1096,28.118727915194345
uf175-753,uf175-018.cnf,175,27.4212,clause_shuffle,0,True,734,18781,556,25.587193460490465
uf175-753,uf175-018.cnf,175,27.4212,clause_shuffle,1,True,748,20387,597,27.255347593582886
uf175-753,uf175-018.cnf,175,27.4212,clause_shuffle,2,True,2615,73841,2071,28.237476099426384
uf175-753,uf175-018.cnf,175,27.4212,clause_shuffle,3,True,2239,62570,1767,27.945511389012953
uf175-753,uf175-018.cnf,175,27.4212,clause_shuffle,4,True,890,23612,681,26.530337078651684
uf175-753,uf175-018.cnf,175,27.4212,clause_shuffle,5,True,3045,85301,2404,28.013464696223316
uf175-753,uf175-018.cnf,175,27.4212,clause_shuffle,6,True,2860,82788,2287,28.946853146853147
uf175-753,uf175-018.cnf,175,27.4212,clause_shuffle,7,True,4105,115090,3302,28.036540803897687
uf175-753,uf175-018.cnf,175,27.4212,clause_shuffle,8,True,2782,79984,2233,28.750539180445724
uf175-753,uf175-018.cnf,175,27.4212,clause_shuffle,9,True,3836,110964,3071,28.927007299270073
uf175-753,uf175-018.cnf,175,27.4212,var_rename,0,True,1761,47463,1356,26.95229982964225
uf175-753,uf175-018.cnf,175,27.4212,var_rename,1,True,3942,116805,3270,29.63089802130898
uf175-753,uf175-018.cnf,175,27.4212,var_rename,2,True,493,12459,350,25.27180527383367
uf175-753,uf175-018.cnf,175,27.4212,var_rename,3,True,2252,65000,1776,28.863232682060392
uf175-753,uf175-018.cnf,175,27.4212,var_rename,4,True,3534,103744,2778,29.355970571590266
uf175-753,uf175-018.cnf,175,27.4212,var_rename,5,True,1742,48843,1364,28.03846153846154
uf175-753,uf175-018.cnf,175,27.4212,var_rename,6,True,903,24859,698,27.52934662236988
uf175-753,uf175-018.cnf,175,27.4212,var_rename,7,True,640,17330,466,27.078125
uf175-753,uf175-018.cnf,175,27.4212,var_rename,8,True,2541,68916,1971,27.121605667060212
uf175-753,uf175-018.cnf,175,27.4212,var_rename,9,True,1948,53060,1486,27.238193018480494
uf175-753,uf175-018.cnf,175,27.4212,phases,0,True,317,7731,205,24.38801261829653
uf175-753,uf175-018.cnf,175,27.4212,phases,1,True,142,3642,94,25.64788732394366
uf175-753,uf175-018.cnf,175,27.4212,phases,2,True,2238,60985,1726,27.24977658623771
uf175-753,uf175-018.cnf,175,27.4212,phases,3,True,105,2338,56,22.266666666666666
uf175-753,uf175-018.cnf,175,27.4212,phases,4,True,1862,51686,1441,27.758324382384533
uf175-753,uf175-018.cnf,175,27.4212,phases,5,True,714,18123,532,25.38235294117647
uf175-753,uf175-018.cnf,175,27.4212,phases,6,True,1208,34089,917,28.219370860927153
uf175-753,uf175-018.cnf,175,27.4212,phases,7,True,1784,48833,1385,27.37275784753363
uf175-753,uf175-018.cnf,175,27.4212,phases,8,True,1199,34277,925,28.587989991659715
uf175-753,uf175-018.cnf,175,27.4212,phases,9,True,203,4675,121,23.029556650246306
uf175-753,uf175-018.cnf,175,27.4212,all,0,True,1107,30674,872,27.709123757904244
uf175-753,uf175-018.cnf,175,27.4212,all,1,True,1809,48379,1376,26.74350469872858
uf175-753,uf175-018.cnf,175,27.4212,all,2,True,2593,72202,2010,27.844967219436946
uf175-753,uf175-018.cnf,175,27.4212,all,3,True,1433,38040,1095,26.545708304256802
uf175-753,uf175-018.cnf,175,27.4212,all,4,True,2098,63078,1664,30.065776930409914
uf175-753,uf175-018.cnf,175,27.4212,all,5,True,1064,26793,753,25.18139097744361
uf175-753,uf175-018.cnf,175,27.4212,all,6,True,363,9678,265,26.66115702479339
uf175-753,uf175-018.cnf,175,27.4212,all,7,True,1685,46101,1307,27.359643916913946
uf175-753,uf175-018.cnf,175,27.4212,all,8,True,1024,27731,792,27.0810546875
uf175-753,uf175-018.cnf,175,27.4212,all,9,True,112,2387,70,21.3125
uf175-753,uf175-019.cnf,175,29.2616,identical,0,True,5478,159294,4421,29.078860898138007
uf175-753,uf175-019.cnf,175,29.2616,identical,1,True,5478,159294,4421,29.078860898138007
uf175-753,uf175-019.cnf,175,29.2616,identical,2,True,5478,159294,4421,29.078860898138007
uf175-753,uf175-019.cnf,175,29.2616,identical,3,True,5478,159294,4421,29.078860898138007
uf175-753,uf175-019.cnf,175,29.2616,identical,4,True,5478,159294,4421,29.078860898138007
uf175-753,uf175-019.cnf,175,29.2616,identical,5,True,5478,159294,4421,29.078860898138007
uf175-753,uf175-019.cnf,175,29.2616,identical,6,True,5478,159294,4421,29.078860898138007
uf175-753,uf175-019.cnf,175,29.2616,identical,7,True,5478,159294,4421,29.078860898138007
uf175-753,uf175-019.cnf,175,29.2616,identical,8,True,5478,159294,4421,29.078860898138007
uf175-753,uf175-019.cnf,175,29.2616,identical,9,True,5478,159294,4421,29.078860898138007
uf175-753,uf175-019.cnf,175,29.2616,clause_shuffle,0,True,6373,188848,5277,29.63251216067786
uf175-753,uf175-019.cnf,175,29.2616,clause_shuffle,1,True,1701,47266,1311,27.787184009406232
uf175-753,uf175-019.cnf,175,29.2616,clause_shuffle,2,True,6404,189236,5243,29.549656464709557
uf175-753,uf175-019.cnf,175,29.2616,clause_shuffle,3,True,3605,104455,2930,28.9750346740638
uf175-753,uf175-019.cnf,175,29.2616,clause_shuffle,4,True,11677,344054,9587,29.46424595358397
uf175-753,uf175-019.cnf,175,29.2616,clause_shuffle,5,True,6028,177761,4891,29.48921698739217
uf175-753,uf175-019.cnf,175,29.2616,clause_shuffle,6,True,6478,190654,5310,29.430997221364617
uf175-753,uf175-019.cnf,175,29.2616,clause_shuffle,7,True,14196,427242,11882,30.09594251901944
uf175-753,uf175-019.cnf,175,29.2616,clause_shuffle,8,True,5137,151912,4210,29.572123807669847
uf175-753,uf175-019.cnf,175,29.2616,clause_shuffle,9,True,15608,474437,12903,30.397039979497695
uf175-753,uf175-019.cnf,175,29.2616,var_rename,0,True,5355,159278,4386,29.743790849673204
uf175-753,uf175-019.cnf,175,29.2616,var_rename,1,True,7629,228742,6282,29.98322191637174
uf175-753,uf175-019.cnf,175,29.2616,var_rename,2,True,4890,145294,4010,29.71247443762781
uf175-753,uf175-019.cnf,175,29.2616,var_rename,3,True,1679,49953,1333,29.751637879690293
uf175-753,uf175-019.cnf,175,29.2616,var_rename,4,True,2433,71151,1963,29.244143033292232
uf175-753,uf175-019.cnf,175,29.2616,var_rename,5,True,4787,142389,3963,29.744934196782953
uf175-753,uf175-019.cnf,175,29.2616,var_rename,6,True,14611,445296,12223,30.476764081856135
uf175-753,uf175-019.cnf,175,29.2616,var_rename,7,True,765,20707,570,27.06797385620915
uf175-753,uf175-019.cnf,175,29.2616,var_rename,8,True,8533,256571,6971,30.068088597210828
uf175-753,uf175-019.cnf,175,29.2616,var_rename,9,True,12137,371887,10158,30.6407678998105
uf175-753,uf175-019.cnf,175,29.2616,phases,0,True,11522,348013,9547,30.20421801770526
uf175-753,uf175-019.cnf,175,29.2616,phases,1,True,1710,49135,1386,28.73391812865497
uf175-753,uf175-019.cnf,175,29.2616,phases,2,True,2098,60444,1634,28.81029551954242
uf175-753,uf175-019.cnf,175,29.2616,phases,3,True,14096,431394,11772,30.60400113507378
uf175-753,uf175-019.cnf,175,29.2616,phases,4,True,5335,155807,4355,29.20468603561387
uf175-753,uf175-019.cnf,175,29.2616,phases,5,True,7091,209887,5782,29.599069242702015
uf175-753,uf175-019.cnf,175,29.2616,phases,6,True,3981,117911,3254,29.618437578497865
uf175-753,uf175-019.cnf,175,29.2616,phases,7,True,1690,50042,1370,29.610650887573964
uf175-753,uf175-019.cnf,175,29.2616,phases,8,True,3797,109527,3082,28.84566763234132
uf175-753,uf175-019.cnf,175,29.2616,phases,9,True,8483,248881,6949,29.33879523753389
uf175-753,uf175-019.cnf,175,29.2616,all,0,True,12043,360526,9917,29.936560657643444
uf175-753,uf175-019.cnf,175,29.2616,all,1,True,9493,291961,7998,30.755398714842517
uf175-753,uf175-019.cnf,175,29.2616,all,2,True,234,5521,157,23.594017094017094
uf175-753,uf175-019.cnf,175,29.2616,all,3,True,7936,232232,6512,29.263104838709676
uf175-753,uf175-019.cnf,175,29.2616,all,4,True,4246,123282,3451,29.03485633537447
uf175-753,uf175-019.cnf,175,29.2616,all,5,True,13431,404633,11164,30.12679621770531
uf175-753,uf175-019.cnf,175,29.2616,all,6,True,2006,55742,1560,27.7876370887338
uf175-753,uf175-019.cnf,175,29.2616,all,7,True,2721,77650,2164,28.537302462330025
uf175-753,uf175-019.cnf,175,29.2616,all,8,True,3880,113590,3201,29.27577319587629
uf175-753,uf175-019.cnf,175,29.2616,all,9,True,3987,122736,3292,30.784048156508653
uf175-753,uf175-02.cnf,175,28.2719,identical,0,True,3124,87746,2527,28.087708066581307
uf175-753,uf175-02.cnf,175,28.2719,identical,1,True,3124,87746,2527,28.087708066581307
uf175-753,uf175-02.cnf,175,28.2719,identical,2,True,3124,87746,2527,28.087708066581307
uf175-753,uf175-02.cnf,175,28.2719,identical,3,True,3124,87746,2527,28.087708066581307
uf175-753,uf175-02.cnf,175,28.2719,identical,4,True,3124,87746,2527,28.087708066581307
uf175-753,uf175-02.cnf,175,28.2719,identical,5,True,3124,87746,2527,28.087708066581307
uf175-753,uf175-02.cnf,175,28.2719,identical,6,True,3124,87746,2527,28.087708066581307
uf175-753,uf175-02.cnf,175,28.2719,identical,7,True,3124,87746,2527,28.087708066581307
uf175-753,uf175-02.cnf,175,28.2719,identical,8,True,3124,87746,2527,28.087708066581307
uf175-753,uf175-02.cnf,175,28.2719,identical,9,True,3124,87746,2527,28.087708066581307
uf175-753,uf175-02.cnf,175,28.2719,clause_shuffle,0,True,6762,194635,5441,28.783643892339544
uf175-753,uf175-02.cnf,175,28.2719,clause_shuffle,1,True,6911,201385,5770,29.13977716683548
uf175-753,uf175-02.cnf,175,28.2719,clause_shuffle,2,True,11251,329751,9362,29.308594791574084
uf175-753,uf175-02.cnf,175,28.2719,clause_shuffle,3,True,7691,222866,6241,28.97750617604993
uf175-753,uf175-02.cnf,175,28.2719,clause_shuffle,4,True,8717,257560,7211,29.546862452678674
uf175-753,uf175-02.cnf,175,28.2719,clause_shuffle,5,True,10964,324068,9100,29.557460780736957
uf175-753,uf175-02.cnf,175,28.2719,clause_shuffle,6,True,8815,254332,7345,28.85218377765173
uf175-753,uf175-02.cnf,175,28.2719,clause_shuffle,7,True,3616,103758,2942,28.694137168141594
uf175-753,uf175-02.cnf,175,28.2719,clause_shuffle,8,True,10559,307076,8717,29.081920636423902
uf175-753,uf175-02.cnf,175,28.2719,clause_shuffle,9,True,1182,32255,937,27.28849407783418
uf175-753,uf175-02.cnf,175,28.2719,var_rename,0,True,7244,208525,5877,28.78589177250138
uf175-753,uf175-02.cnf,175,28.2719,var_rename,1,True,11472,342816,9629,29.88284518828452
uf175-753,uf175-02.cnf,175,28.2719,var_rename,2,True,1116,28621,837,25.64605734767025
uf175-753,uf175-02.cnf,175,28.2719,var_rename,3,True,7952,229085,6546,28.808475855130784
uf175-753,uf175-02.cnf,175,28.2719,var_rename,4,True,256,6929,188,27.06640625
uf175-753,uf175-02.cnf,175,28.2719,var_rename,5,True,9358,275609,7752,29.451699081000214
uf175-753,uf175-02.cnf,175,28.2719,var_rename,6,True,3566,97798,2831,27.425126191811554
uf175-753,uf175-02.cnf,175,28.2719,var_rename,7,True,9134,266561,7561,29.183380775125904
uf175-753,uf175-02.cnf,175,28.2719,var_rename,8,True,10537,302591,8626,28.71699724779349
uf175-753,uf175-02.cnf,175,28.2719,var_rename,9,True,856,22118,617,25.838785046728972
uf175-753,uf175-02.cnf,175,28.2719,phases,0,True,6473,184024,5251,28.42947628611154
uf175-753,uf175-02.cnf,175,28.2719,phases,1,True,14094,411299,11715,29.182559954590605
uf175-753,uf175-02.cnf,175,28.2719,phases,2,True,11175,334938,9357,29.972080536912753
uf175-753,uf175-02.cnf,175,28.2719,phases,3,True,10712,316763,8833,29.57085511575803
uf175-753,uf175-02.cnf,175,28.2719,phases,4,True,8026,233257,6551,29.0626713182158
uf175-753,uf175-02.cnf,175,28.2719,phases,5,True,6185,177487,5011,28.696362166531934
uf175-753,uf175-02.cnf,175,28.2719,phases,6,True,3683,101841,2956,27.65164268259571
uf175-753,uf175-02.cnf,175,28.2719,phases,7,True,8131,235780,6636,28.997663264051162
uf175-753,uf175-02.cnf,175,28.2719,phases,8,True,8891,259224,7383,29.15577550331796
uf175-753,uf175-02.cnf,175,28.2719,phases,9,True,6541,189126,5373,28.913927534016207
uf175-753,uf175-02.cnf,175,28.2719,all,0,True,1979,54523,1577,27.55078322385043
uf175-753,uf175-02.cnf,175,28.2719,all,1,True,5926,167619,4847,28.28535268309146
uf175-753,uf175-02.cnf,175,28.2719,all,2,True,8285,236879,6820,28.5913095956548
uf175-753,uf175-02.cnf,175,28.2719,all,3,True,2982,83883,2439,28.12977867203219
uf175-753,uf175-02.cnf,175,28.2719,all,4,True,943,23562,702,24.986214209968185
uf175-753,uf175-02.cnf,175,28.2719,all,5,True,6866,200398,5665,29.18700844742208
uf175-753,uf175-02.cnf,175,28.2719,all,6,True,5363,156836,4426,29.244079806078688
uf175-753,uf175-02.cnf,175,28.2719,all,7,True,11039,323963,9192,29.347132892472143
uf175-753,uf175-02.cnf,175,28.2719,all,8,True,4658,133051,3747,28.563975955345644
uf175-753,uf175-02.cnf,175,28.2719,all,9,True,11542,341199,9570,29.561514468896206
uf175-753,uf175-020.cnf,175,26.6632,identical,0,True,8054,230614,6565,28.63347405016141
uf175-753,uf175-020.cnf,175,26.6632,identical,1,True,8054,230614,6565,28.63347405016141
uf175-753,uf175-020.cnf,175,26.6632,identical,2,True,8054,230614,6565,28.63347405016141
uf175-753,uf175-020.cnf,175,26.6632,identical,3,True,8054,230614,6565,28.63347405016141
uf175-753,uf175-020.cnf,175,26.6632,identical,4,True,8054,230614,6565,28.63347405016141
uf175-753,uf175-020.cnf,175,26.6632,identical,5,True,8054,230614,6565,28.63347405016141
uf175-753,uf175-020.cnf,175,26.6632,identical,6,True,8054,230614,6565,28.63347405016141
uf175-753,uf175-020.cnf,175,26.6632,identical,7,True,8054,230614,6565,28.63347405016141
uf175-753,uf175-020.cnf,175,26.6632,identical,8,True,8054,230614,6565,28.63347405016141
uf175-753,uf175-020.cnf,175,26.6632,identical,9,True,8054,230614,6565,28.63347405016141
uf175-753,uf175-020.cnf,175,26.6632,clause_shuffle,0,True,10596,307459,8706,29.016515666289166
uf175-753,uf175-020.cnf,175,26.6632,clause_shuffle,1,True,9145,264062,7462,28.875013668671404
uf175-753,uf175-020.cnf,175,26.6632,clause_shuffle,2,True,4063,116756,3267,28.736401673640167
uf175-753,uf175-020.cnf,175,26.6632,clause_shuffle,3,True,2587,71304,2084,27.562427522226518
uf175-753,uf175-020.cnf,175,26.6632,clause_shuffle,4,True,9285,272684,7697,29.36822832525579
uf175-753,uf175-020.cnf,175,26.6632,clause_shuffle,5,True,6950,199717,5634,28.736258992805755
uf175-753,uf175-020.cnf,175,26.6632,clause_shuffle,6,True,10653,309531,8761,29.05575894114334
uf175-753,uf175-020.cnf,175,26.6632,clause_shuffle,7,True,7391,210724,5982,28.510891624949263
uf175-753,uf175-020.cnf,175,26.6632,clause_shuffle,8,True,6626,188386,5385,28.43133111983097
uf175-753,uf175-020.cnf,175,26.6632,clause_shuffle,9,True,1541,45435,1258,29.484101232965607
uf175-753,uf175-020.cnf,175,26.6632,var_rename,0,True,7871,232860,6560,29.584550882988186
uf175-753,uf175-020.cnf,175,26.6632,var_rename,1,True,9887,291929,8211,29.526550015171438
uf175-753,uf175-020.cnf,175,26.6632,var_rename,2,True,8529,256809,7066,30.110094970102004
uf175-753,uf175-020.cnf,175,26.6632,var_rename,3,True,10586,306298,8704,28.934252786699414
uf175-753,uf175-020.cnf,175,26.6632,var_rename,4,True,7073,204967,5811,28.978792591545314
uf175-753,uf175-020.cnf,175,26.6632,var_rename,5,True,7321,209583,5934,28.627646496380276
uf175-753,uf175-020.cnf,175,26.6632,var_rename,6,True,9458,278065,7833,29.399978853880313
uf175-753,uf175-020.cnf,175,26.6632,var_rename,7,True,891,24796,675,27.829405162738496
uf175-753,uf175-020.cnf,175,26.6632,var_rename,8,True,11053,322027,9167,29.134805030308513
uf175-753,uf175-020.cnf,175,26.6632,var_rename,9,True,7498,218648,6117,29.160842891437717
uf175-753,uf175-020.cnf,175,26.6632,phases,0,True,6329,186339,5196,29.442091957655236
uf175-753,uf175-020.cnf,175,26.6632,phases,1,True,2725,74928,2128,27.49651376146789
uf175-753,uf175-020.cnf,175,26.6632,phases,2,True,7443,212946,6130,28.61023780733575
uf175-753,uf175-020.cnf,175,26.6632,phases,3,True,7366,212474,6007,28.84523486288352
uf175-753,uf175-020.cnf,175,26.6632,phases,4,True,6571,188356,5355,28.6647390047177
uf175-753,uf175-020.cnf,175,26.6632,phases,5,True,8927,262480,7366,29.402934916545313
uf175-753,uf175-020.cnf,175,26.6632,phases,6,True,9465,277646,7814,29.333967247754888
uf175-753,uf175-020.cnf,175,26.6632,phases,7,True,2684,74177,2107,27.63673621460507
uf175-753,uf175-020.cnf,175,26.6632,phases,8,True,10080,293185,8226,29.08581349206349
uf175-753,uf175-020.cnf,175,26.6632,phases,9,True,3450,103901,2798,30.11623188405797
uf175-753,uf175-020.cnf,175,26.6632,all,0,True,13463,393390,11198,29.220084676520834
uf175-753,uf175-020.cnf,175,26.6632,all,1,True,7836,223146,6389,28.477029096477796
uf175-753,uf175-020.cnf,175,26.6632,all,2,True,8621,251606,7124,29.185245331168076
uf175-753,uf175-020.cnf,175,26.6632,all,3,True,11163,320020,9121,28.66792080981815
uf175-753,uf175-020.cnf,175,26.6632,all,4,True,273,6921,187,25.35164835164835
uf175-753,uf175-020.cnf,175,26.6632,all,5,True,6893,194236,5608,28.178732047004207
uf175-753,uf175-020.cnf,175,26.6632,all,6,True,4848,139478,3944,28.770214521452147
uf175-753,uf175-020.cnf,175,26.6632,all,7,True,5951,161705,4776,27.172744076625776
uf175-753,uf175-020.cnf,175,26.6632,all,8,True,8241,235617,6677,28.590826356024753
uf175-753,uf175-020.cnf,175,26.6632,all,9,True,6997,205349,5778,29.348149206802916
uf175-753,uf175-021.cnf,175,28.368,identical,0,True,2036,55301,1632,27.161591355599214
uf175-753,uf175-021.cnf,175,28.368,identical,1,True,2036,55301,1632,27.161591355599214
uf175-753,uf175-021.cnf,175,28.368,identical,2,True,2036,55301,1632,27.161591355599214
uf175-753,uf175-021.cnf,175,28.368,identical,3,True,2036,55301,1632,27.161591355599214
uf175-753,uf175-021.cnf,175,28.368,identical,4,True,2036,55301,1632,27.161591355599214
uf175-753,uf175-021.cnf,175,28.368,identical,5,True,2036,55301,1632,27.161591355599214
uf175-753,uf175-021.cnf,175,28.368,identical,6,True,2036,55301,1632,27.161591355599214
uf175-753,uf175-021.cnf,175,28.368,identical,7,True,2036,55301,1632,27.161591355599214
uf175-753,uf175-021.cnf,175,28.368,identical,8,True,2036,55301,1632,27.161591355599214
uf175-753,uf175-021.cnf,175,28.368,identical,9,True,2036,55301,1632,27.161591355599214
uf175-753,uf175-021.cnf,175,28.368,clause_shuffle,0,True,4908,147609,4097,30.075183374083128
uf175-753,uf175-021.cnf,175,28.368,clause_shuffle,1,True,4119,116045,3359,28.173100267055112
uf175-753,uf175-021.cnf,175,28.368,clause_shuffle,2,True,4238,122287,3462,28.854884379424256
uf175-753,uf175-021.cnf,175,28.368,clause_shuffle,3,True,4329,123392,3538,28.503580503580505
uf175-753,uf175-021.cnf,175,28.368,clause_shuffle,4,True,5031,142413,4140,28.307096004770422
uf175-753,uf175-021.cnf,175,28.368,clause_shuffle,5,True,6641,188241,5527,28.3452793254028
uf175-753,uf175-021.cnf,175,28.368,clause_shuffle,6,True,8641,244345,7194,28.27739844925356
uf175-753,uf175-021.cnf,175,28.368,clause_shuffle,7,True,3908,111289,3206,28.477226202661207
uf175-753,uf175-021.cnf,175,28.368,clause_shuffle,8,True,1495,39660,1195,26.528428093645484
uf175-753,uf175-021.cnf,175,28.368,clause_shuffle,9,True,4920,137489,4010,27.944918699186992
uf175-753,uf175-021.cnf,175,28.368,var_rename,0,True,7548,224502,6317,29.743243243243242
uf175-753,uf175-021.cnf,175,28.368,var_rename,1,True,7762,223462,6481,28.789229580005152
uf175-753,uf175-021.cnf,175,28.368,var_rename,2,True,5509,154620,4533,28.066799782174623
uf175-753,uf175-021.cnf,175,28.368,var_rename,3,True,3222,90115,2647,27.96865301055245
uf175-753,uf175-021.cnf,175,28.368,var_rename,4,True,996,26348,758,26.453815261044177
uf175-753,uf175-021.cnf,175,28.368,var_rename,5,True,7136,210390,6006,29.482903587443946
uf175-753,uf175-021.cnf,175,28.368,var_rename,6,True,1657,45070,1320,27.1997585998793
uf175-753,uf175-021.cnf,175,28.368,var_rename,7,True,4556,127166,3752,27.91176470588235
uf175-753,uf175-021.cnf,175,28.368,var_rename,8,True,602,16374,455,27.19933554817276
uf175-753,uf175-021.cnf,175,28.368,var_rename,9,True,3769,103146,3048,27.36694083311223
uf175-753,uf175-021.cnf,175,28.368,phases,0,True,7071,200790,5854,28.396266440390328
uf175-753,uf175-021.cnf,175,28.368,phases,1,True,7446,216691,6222,29.101665323663713
uf175-753,uf175-021.cnf,175,28.368,phases,2,True,4044,110231,3310,27.257912957467855
uf175-753,uf175-021.cnf,175,28.368,phases,3,True,4934,137920,4016,27.95297932711796
uf175-753,uf175-021.cnf,175,28.368,phases,4,True,5113,145911,4223,28.537257969880695
uf175-753,uf175-021.cnf,175,28.368,phases,5,True,7439,213856,6174,28.747949993278667
uf175-753,uf175-021.cnf,175,28.368,phases,6,True,1022,26546,769,25.974559686888455
uf175-753,uf175-021.cnf,175,28.368,phases,7,True,1123,30349,885,27.024933214603738
uf175-753,uf175-021.cnf,175,28.368,phases,8,True,2629,71879,2075,27.340813997717763
uf175-753,uf175-021.cnf,175,28.368,phases,9,True,7380,219793,6169,29.782249322493225
uf175-753,uf175-021.cnf,175,28.368,all,0,True,8876,258679,7434,29.143645786390266
uf175-753,uf175-021.cnf,175,28.368,all,1,True,2841,84241,2330,29.651883139739528
uf175-753,uf175-021.cnf,175,28.368,all,2,True,3914,111296,3264,28.435360245273376
uf175-753,uf175-021.cnf,175,28.368,all,3,True,6425,181241,5323,28.208715953307394
uf175-753,uf175-021.cnf,175,28.368,all,4,True,1343,35667,1043,26.55770662695458
uf175-753,uf175-021.cnf,175,28.368,all,5,True,3626,99371,2932,27.405129619415334
uf175-753,uf175-021.cnf,175,28.368,all,6,True,7457,217815,6169,29.209467614322115
uf175-753,uf175-021.cnf,175,28.368,all,7,True,6659,192183,5531,28.86063973569605
uf175-753,uf175-021.cnf,175,28.368,all,8,True,5393,156980,4472,29.108103096606712
uf175-753,uf175-021.cnf,175,28.368,all,9,True,9019,260846,7571,28.921831688657278
uf175-753,uf175-022.cnf,175,28.9939,identical,0,True,4754,138957,3846,29.229490954985277
uf175-753,uf175-022.cnf,175,28.9939,identical,1,True,4754,138957,3846,29.229490954985277
uf175-753,uf175-022.cnf,175,28.9939,identical,2,True,4754,138957,3846,29.229490954985277
uf175-753,uf175-022.cnf,175,28.9939,identical,3,True,4754,138957,3846,29.229490954985277
uf175-753,uf175-022.cnf,175,28.9939,identical,4,True,4754,138957,3846,29.229490954985277
uf175-753,uf175-022.cnf,175,28.9939,identical,5,True,4754,138957,3846,29.229490954985277
uf175-753,uf175-022.cnf,175,28.9939,identical,6,True,4754,138957,3846,29.229490954985277
uf175-753,uf175-022.cnf,175,28.9939,identical,7,True,4754,138957,3846,29.229490954985277
uf175-753,uf175-022.cnf,175,28.9939,identical,8,True,4754,138957,3846,29.229490954985277
uf175-753,uf175-022.cnf,175,28.9939,identical,9,True,4754,138957,3846,29.229490954985277
uf175-753,uf175-022.cnf,175,28.9939,clause_shuffle,0,True,5004,145323,4057,29.04136690647482
uf175-753,uf175-022.cnf,175,28.9939,clause_shuffle,1,True,4744,137104,3829,28.900505902192243
uf175-753,uf175-022.cnf,175,28.9939,clause_shuffle,2,True,1411,39553,1095,28.031892274982283
uf175-753,uf175-022.cnf,175,28.9939,clause_shuffle,3,True,2698,79847,2173,29.59488510007413
uf175-753,uf175-022.cnf,175,28.9939,clause_shuffle,4,True,5204,152083,4252,29.22425057647963
uf175-753,uf175-022.cnf,175,28.9939,clause_shuffle,5,True,7208,207642,5818,28.80715871254162
uf175-753,uf175-022.cnf,175,28.9939,clause_shuffle,6,True,5269,150724,4238,28.605807553615488
uf175-753,uf175-022.cnf,175,28.9939,clause_shuffle,7,True,1300,35773,983,27.517692307692307
uf175-753,uf175-022.cnf,175,28.9939,clause_shuffle,8,True,4043,118177,3261,29.230027207519168
uf175-753,uf175-022.cnf,175,28.9939,clause_shuffle,9,True,3338,97693,2655,29.266926303175556
uf175-753,uf175-022.cnf,175,28.9939,var_rename,0,True,7693,227667,6315,29.594046535811778
uf175-753,uf175-022.cnf,175,28.9939,var_rename,1,True,4945,144609,3983,29.243478260869566
uf175-753,uf175-022.cnf,175,28.9939,var_rename,2,True,3393,98497,2747,29.029472443265547
uf175-753,uf175-022.cnf,175,28.9939,var_rename,3,True,10188,304196,8421,29.858264625049078
uf175-753,uf175-022.cnf,175,28.9939,var_rename,4,True,5610,167531,4611,29.862923351158646
uf175-753,uf175-022.cnf,175,28.9939,var_rename,5,True,1388,37395,1075,26.94164265129683
uf175-753,uf175-022.cnf,175,28.9939,var_rename,6,True,7174,217003,5931,30.248536381377196
uf175-753,uf175-022.cnf,175,28.9939,var_rename,7,True,9428,280301,7758,29.73069579974544
uf175-753,uf175-022.cnf,175,28.9939,var_rename,8,True,5675,160721,4553,28.32088105726872
uf175-753,uf175-022.cnf,175,28.9939,var_rename,9,True,10751,320764,8865,29.83573621058506
uf175-753,uf175-022.cnf,175,28.9939,phases,0,True,2940,86863,2388,29.545238095238094
uf175-753,uf175-022.cnf,175,28.9939,phases,1,True,6331,183446,5121,28.975833201705893
uf175-753,uf175-022.cnf,175,28.9939,phases,2,True,9599,282853,7929,29.466923637878946
uf175-753,uf175-022.cnf,175,28.9939,phases,3,True,4472,132657,3657,29.663908765652952
uf175-753,uf175-022.cnf,175,28.9939,phases,4,True,8160,239845,6677,29.39276960784314
uf175-753,uf175-022.cnf,175,28.9939,phases,5,True,6189,180724,5048,29.20084020035547
uf175-753,uf175-022.cnf,175,28.9939,phases,6,True,2831,81164,2277,28.669728011303427
uf175-753,uf175-022.cnf,175,28.9939,phases,7,True,782,21215,587,27.12915601023018
uf175-753,uf175-022.cnf,175,28.9939,phases,8,True,1530,40531,1174,26.490849673202614
uf175-753,uf175-022.cnf,175,28.9939,phases,9,True,6685,193130,5448,28.89005235602094
uf175-753,uf175-022.cnf,175,28.9939,all,0,True,2539,70179,2010,27.64040961008271
uf175-753,uf175-022.cnf,175,28.9939,all,1,True,1233,33216,944,26.939172749391727
uf175-753,uf175-022.cnf,175,28.9939,all,2,True,4160,122920,3370,29.548076923076923
uf175-753,uf175-022.cnf,175,28.9939,all,3,True,3429,99768,2768,29.095363079615048
uf175-753,uf175-022.cnf,175,28.9939,all,4,True,3486,97315,2753,27.915949512335054
uf175-753,uf175-022.cnf,175,28.9939,all,5,True,6881,202984,5584,29.499200697573027
uf175-753,uf175-022.cnf,175,28.9939,all,6,True,3974,114335,3205,28.770759939607448
uf175-753,uf175-022.cnf,175,28.9939,all,7,True,8667,257419,7154,29.701049959616938
uf175-753,uf175-022.cnf,175,28.9939,all,8,True,5157,149942,4168,29.075431452394803
uf175-753,uf175-022.cnf,175,28.9939,all,9,True,3775,108190,3055,28.659602649006622
uf175-753,uf175-023.cnf,175,28.3422,identical,0,True,9198,272452,7517,29.620787127636444
uf175-753,uf175-023.cnf,175,28.3422,identical,1,True,9198,272452,7517,29.620787127636444
uf175-753,uf175-023.cnf,175,28.3422,identical,2,True,9198,272452,7517,29.620787127636444
uf175-753,uf175-023.cnf,175,28.3422,identical,3,True,9198,272452,7517,29.620787127636444
uf175-753,uf175-023.cnf,175,28.3422,identical,4,True,9198,272452,7517,29.620787127636444
uf175-753,uf175-023.cnf,175,28.3422,identical,5,True,9198,272452,7517,29.620787127636444
uf175-753,uf175-023.cnf,175,28.3422,identical,6,True,9198,272452,7517,29.620787127636444
uf175-753,uf175-023.cnf,175,28.3422,identical,7,True,9198,272452,7517,29.620787127636444
uf175-753,uf175-023.cnf,175,28.3422,identical,8,True,9198,272452,7517,29.620787127636444
uf175-753,uf175-023.cnf,175,28.3422,identical,9,True,9198,272452,7517,29.620787127636444
uf175-753,uf175-023.cnf,175,28.3422,clause_shuffle,0,True,953,25099,721,26.33683105981112
uf175-753,uf175-023.cnf,175,28.3422,clause_shuffle,1,True,8715,255497,7061,29.316924842226047
uf175-753,uf175-023.cnf,175,28.3422,clause_shuffle,2,True,14011,415974,11512,29.68910142031261
uf175-753,uf175-023.cnf,175,28.3422,clause_shuffle,3,True,8173,239730,6602,29.331946653615564
uf175-753,uf175-023.cnf,175,28.3422,clause_shuffle,4,True,7355,217389,6012,29.556628144119646
uf175-753,uf175-023.cnf,175,28.3422,clause_shuffle,5,True,1370,37814,1067,27.6014598540146
uf175-753,uf175-023.cnf,175,28.3422,clause_shuffle,6,True,12844,377876,10542,29.420429772656494
uf175-753,uf175-023.cnf,175,28.3422,clause_shuffle,7,True,4325,124682,3480,28.82820809248555
uf175-753,uf175-023.cnf,175,28.3422,clause_shuffle,8,True,508,14012,375,27.58267716535433
uf175-753,uf175-023.cnf,175,28.3422,clause_shuffle,9,True,2087,57965,1636,27.774317201724966
uf175-753,uf175-023.cnf,175,28.3422,var_rename,0,True,2533,72449,1980,28.602052901697594
uf175-753,uf175-023.cnf,175,28.3422,var_rename,1,True,4423,130131,3591,29.421433416233327
uf175-753,uf175-023.cnf,175,28.3422,var_rename,2,True,7796,234256,6476,30.04822986146742
uf175-753,uf175-023.cnf,175,28.3422,var_rename,3,True,1335,36188,996,27.107116104868915
uf175-753,uf175-023.cnf,175,28.3422,var_rename,4,True,4333,128813,3551,29.728363720286175
uf175-753,uf175-023.cnf,175,28.3422,var_rename,5,True,6006,176424,4836,29.374625374625374
uf175-753,uf175-023.cnf,175,28.3422,var_rename,6,True,10300,308294,8406,29.93145631067961
uf175-753,uf175-023.cnf,175,28.3422,var_rename,7,True,1394,40901,1097,29.340746054519368
uf175-753,uf175-023.cnf,175,28.3422,var_rename,8,True,7772,226917,6261,29.196731857951622
uf175-753,uf175-023.cnf,175,28.3422,var_rename,9,True,2939,83365,2345,28.365090166723377
uf175-753,uf175-023.cnf,175,28.3422,phases,0,True,4622,133705,3735,28.92795326698399
uf175-753,uf175-023.cnf,175,28.3422,phases,1,True,7829,234285,6513,29.925277813258397
uf175-753,uf175-023.cnf,175,28.3422,phases,2,True,4207,122283,3389,29.066555740432612
uf175-753,uf175-023.cnf,175,28.3422,phases,3,True,1156,34584,945,29.91695501730104
uf175-753,uf175-023.cnf,175,28.3422,phases,4,True,10629,316234,8719,29.751999247342177
uf175-753,uf175-023.cnf,175,28.3422,phases,5,True,1100,29585,852,26.895454545454545
uf175-753,uf175-023.cnf,175,28.3422,phases,6,True,4453,128550,3571,28.868178755894903
uf175-753,uf175-023.cnf,175,28.3422,phases,7,True,3466,101566,2793,29.303519907674552
uf175-753,uf175-023.cnf,175,28.3422,phases,8,True,2012,53621,1526,26.650596421471175
uf175-753,uf175-023.cnf,175,28.3422,phases,9,True,943,24929,693,26.435843054082714
uf175-753,uf175-023.cnf,175,28.3422,all,0,True,5201,148113,4279,28.47779273216689
uf175-753,uf175-023.cnf,175,28.3422,all,1,True,2150,61235,1687,28.48139534883721
uf175-753,uf175-023.cnf,175,28.3422,all,2,True,1553,43613,1178,28.083065035415324
uf175-753,uf175-023.cnf,175,28.3422,all,3,True,4789,140085,3825,29.251409480058467
uf175-753,uf175-023.cnf,175,28.3422,all,4,True,2904,79578,2326,27.40289256198347
uf175-753,uf175-023.cnf,175,28.3422,all,5,True,1833,51369,1443,28.02454991816694
uf175-753,uf175-023.cnf,175,28.3422,all,6,True,12915,380015,10605,29.424312814556718
uf175-753,uf175-023.cnf,175,28.3422,all,7,True,6307,179261,5081,28.42254637704138
uf175-753,uf175-023.cnf,175,28.3422,all,8,True,4014,114750,3221,28.58744394618834
uf175-753,uf175-023.cnf,175,28.3422,all,9,True,7925,228893,6468,28.882397476340692
uf175-753,uf175-024.cnf,175,29.362,identical,0,True,7419,218194,6108,29.410163094756705
uf175-753,uf175-024.cnf,175,29.362,identical,1,True,7419,218194,6108,29.410163094756705
uf175-753,uf175-024.cnf,175,29.362,identical,2,True,7419,218194,6108,29.410163094756705
uf175-753,uf175-024.cnf,175,29.362,identical,3,True,7419,218194,6108,29.410163094756705
uf175-753,uf175-024.cnf,175,29.362,identical,4,True,7419,218194,6108,29.410163094756705
uf175-753,uf175-024.cnf,175,29.362,identical,5,True,7419,218194,6108,29.410163094756705
uf175-753,uf175-024.cnf,175,29.362,identical,6,True,7419,218194,6108,29.410163094756705
uf175-753,uf175-024.cnf,175,29.362,identical,7,True,7419,218194,6108,29.410163094756705
uf175-753,uf175-024.cnf,175,29.362,identical,8,True,7419,218194,6108,29.410163094756705
uf175-753,uf175-024.cnf,175,29.362,identical,9,True,7419,218194,6108,29.410163094756705
uf175-753,uf175-024.cnf,175,29.362,clause_shuffle,0,True,6732,192126,5529,28.53921568627451
uf175-753,uf175-024.cnf,175,29.362,clause_shuffle,1,True,5938,169778,4780,28.591781744695183
uf175-753,uf175-024.cnf,175,29.362,clause_shuffle,2,True,8117,241852,6644,29.795737341382285
uf175-753,uf175-024.cnf,175,29.362,clause_shuffle,3,True,6659,190035,5379,28.538068779095962
uf175-753,uf175-024.cnf,175,29.362,clause_shuffle,4,True,11086,328121,9114,29.59778098502616
uf175-753,uf175-024.cnf,175,29.362,clause_shuffle,5,True,10028,303617,8316,30.27692461108895
uf175-753,uf175-024.cnf,175,29.362,clause_shuffle,6,True,2772,76036,2170,27.43001443001443
uf175-753,uf175-024.cnf,175,29.362,clause_shuffle,7,True,6774,195723,5412,28.893268379096547
uf175-753,uf175-024.cnf,175,29.362,clause_shuffle,8,True,13085,389802,10827,29.789988536492167
uf175-753,uf175-024.cnf,175,29.362,clause_shuffle,9,True,2913,83671,2327,28.723309303123926
uf175-753,uf175-024.cnf,175,29.362,var_rename,0,True,9646,287875,7957,29.84397677793904
uf175-753,uf175-024.cnf,175,29.362,var_rename,1,True,10242,311446,8506,30.40870923647725
uf175-753,uf175-024.cnf,175,29.362,var_rename,2,True,3465,97454,2741,28.125252525252524
uf175-753,uf175-024.cnf,175,29.362,var_rename,3,True,1623,46384,1272,28.579174368453483
uf175-753,uf175-024.cnf,175,29.362,var_rename,4,True,8361,246485,6842,29.480325319937805
uf175-753,uf175-024.cnf,175,29.362,var_rename,5,True,6406,184684,5147,28.82984701842023
uf175-753,uf175-024.cnf,175,29.362,var_rename,6,True,6716,195730,5484,29.143835616438356
uf175-753,uf175-024.cnf,175,29.362,var_rename,7,True,4035,114568,3217,28.39355638166047
uf175-753,uf175-024.cnf,175,29.362,var_rename,8,True,6451,184577,5177,28.61215315454968
uf175-753,uf175-024.cnf,175,29.362,var_rename,9,True,769,20665,598,26.87256176853056
uf175-753,uf175-024.cnf,175,29.362,phases,0,True,10282,306387,8540,29.79838552810737
uf175-753,uf175-024.cnf,175,29.362,phases,1,True,9712,293226,8040,30.192133443163097
uf175-753,uf175-024.cnf,175,29.362,phases,2,True,1485,41220,1146,27.757575757575758
uf175-753,uf175-024.cnf,175,29.362,phases,3,True,11366,336065,9404,29.567569945451346
uf175-753,uf175-024.cnf,175,29.362,phases,4,True,5000,148182,4080,29.6364
uf175-753,uf175-024.cnf,175,29.362,phases,5,True,4716,138295,3823,29.324639525021205
uf175-753,uf175-024.cnf,175,29.362,phases,6,True,5344,152515,4307,28.53948353293413
uf175-753,uf175-024.cnf,175,29.362,phases,7,True,1445,38619,1129,26.725951557093424
uf175-753,uf175-024.cnf,175,29.362,phases,8,True,7411,213480,6099,28.805829172851166
uf175-753,uf175-024.cnf,175,29.362,phases,9,True,4387,130299,3608,29.701162525643948
uf175-753,uf175-024.cnf,175,29.362,all,0,True,1211,33635,953,27.77456647398844
uf175-753,uf175-024.cnf,175,29.362,all,1,True,4761,137710,3884,28.924595673177905
uf175-753,uf175-024.cnf,175,29.362,all,2,True,1836,51172,1457,27.871459694989106
uf175-753,uf175-024.cnf,175,29.362,all,3,True,5065,149966,4128,29.608292201382035
uf175-753,uf175-024.cnf,175,29.362,all,4,True,7703,234059,6352,30.38543424639751
uf175-753,uf175-024.cnf,175,29.362,all,5,True,3398,96369,2687,28.360506180105943
uf175-753,uf175-024.cnf,175,29.362,all,6,True,8484,248421,7036,29.281117397454032
uf175-753,uf175-024.cnf,175,29.362,all,7,True,7125,212136,5888,29.773473684210526
uf175-753,uf175-024.cnf,175,29.362,all,8,True,609,14428,433,23.69129720853859
uf175-753,uf175-024.cnf,175,29.362,all,9,True,5766,165361,4630,28.678633368019423
uf175-753,uf175-025.cnf,175,29.2987,identical,0,True,6228,185426,5113,29.77296082209377
uf175-753,uf175-025.cnf,175,29.2987,identical,1,True,6228,185426,5113,29.77296082209377
uf175-753,uf175-025.cnf,175,29.2987,identical,2,True,6228,185426,5113,29.77296082209377
uf175-753,uf175-025.cnf,175,29.2987,identical,3,True,6228,185426,5113,29.77296082209377
uf175-753,uf175-025.cnf,175,29.2987,identical,4,True,6228,185426,5113,29.77296082209377
uf175-753,uf175-025.cnf,175,29.2987,identical,5,True,6228,185426,5113,29.77296082209377
uf175-753,uf175-025.cnf,175,29.2987,identical,6,True,6228,185426,5113,29.77296082209377
uf175-753,uf175-025.cnf,175,29.2987,identical,7,True,6228,185426,5113,29.77296082209377
uf175-753,uf175-025.cnf,175,29.2987,identical,8,True,6228,185426,5113,29.77296082209377
uf175-753,uf175-025.cnf,175,29.2987,identical,9,True,6228,185426,5113,29.77296082209377
uf175-753,uf175-025.cnf,175,29.2987,clause_shuffle,0,True,9908,296099,8126,29.884840532902704
uf175-753,uf175-025.cnf,175,29.2987,clause_shuffle,1,True,2770,81337,2184,29.363537906137186
uf175-753,uf175-025.cnf,175,29.2987,clause_shuffle,2,True,10355,309574,8620,29.89608884596813
uf175-753,uf175-025.cnf,175,29.2987,clause_shuffle,3,True,663,19135,497,28.861236802413273
uf175-753,uf175-025.cnf,175,29.2987,clause_shuffle,4,True,914,25997,688,28.443107221006564
uf175-753,uf175-025.cnf,175,29.2987,clause_shuffle,5,True,6837,204841,5541,29.960655258154162
uf175-753,uf175-025.cnf,175,29.2987,clause_shuffle,6,True,1912,52837,1507,27.634414225941423
uf175-753,uf175-025.cnf,175,29.2987,clause_shuffle,7,True,2151,60792,1681,28.262203626220362
uf175-753,uf175-025.cnf,175,29.2987,clause_shuffle,8,True,1981,56765,1555,28.65471983846542
uf175-753,uf175-025.cnf,175,29.2987,clause_shuffle,9,True,5775,168664,4711,29.205887445887445
uf175-753,uf175-025.cnf,175,29.2987,var_rename,0,True,14417,434215,11953,30.118263161545396
uf175-753,uf175-025.cnf,175,29.2987,var_rename,1,True,7607,220019,6131,28.923228605232023
uf175-753,uf175-025.cnf,175,29.2987,var_rename,2,True,13567,416983,11383,30.735092503869684
uf175-753,uf175-025.cnf,175,29.2987,var_rename,3,True,2460,71443,1938,29.041869918699188
uf175-753,uf175-025.cnf,175,29.2987,var_rename,4,True,249,6219,180,24.97590361445783
uf175-753,uf175-025.cnf,175,29.2987,var_rename,5,True,1396,40185,1094,28.785816618911173
uf175-753,uf175-025.cnf,175,29.2987,var_rename,6,True,419,12455,308,29.725536992840095
uf175-753,uf175-025.cnf,175,29.2987,var_rename,7,True,1319,35702,1023,27.067475360121303
uf175-753,uf175-025.cnf,175,29.2987,var_rename,8,True,6942,208766,5740,30.07288965715932
uf175-753,uf175-025.cnf,175,29.2987,var_rename,9,True,968,29036,756,29.99586776859504
uf175-753,uf175-025.cnf,175,29.2987,phases,0,True,4528,131401,3668,29.0196554770318
uf175-753,uf175-025.cnf,175,29.2987,phases,1,True,8987,269546,7378,29.992878602425726
uf175-753,uf175-025.cnf,175,29.2987,phases,2,True,1340,39621,1082,29.567910447761193
uf175-753,uf175-025.cnf,175,29.2987,phases,3,True,248,6553,174,26.423387096774192
uf175-753,uf175-025.cnf,175,29.2987,phases,4,True,4549,137331,3697,30.189272367553308
uf175-753,uf175-025.cnf,175,29.2987,phases,5,True,8645,261717,7196,30.2737998843262
uf175-753,uf175-025.cnf,175,29.2987,phases,6,True,4270,126497,3486,29.624590163934425
uf175-753,uf175-025.cnf,175,29.2987,phases,7,True,2402,69310,1917,28.85512073272273
uf175-753,uf175-025.cnf,175,29.2987,phases,8,True,1124,32721,893,29.11120996441281
uf175-753,uf175-025.cnf,175,29.2987,phases,9,True,3279,97699,2681,29.795364440378165
uf175-753,uf175-025.cnf,175,29.2987,all,0,True,1121,31582,869,28.173059768064228
uf175-753,uf175-025.cnf,175,29.2987,all,1,True,460,11762,329,25.569565217391304
uf175-753,uf175-025.cnf,175,29.2987,all,2,True,9630,287112,7950,29.814330218068537
uf175-753,uf175-025.cnf,175,29.2987,all,3,True,7285,215433,6004,29.57213452299245
uf175-753,uf175-025.cnf,175,29.2987,all,4,True,1127,31891,875,28.297249334516415
uf175-753,uf175-025.cnf,175,29.2987,all,5,True,981,29157,774,29.7217125382263
uf175-753,uf175-025.cnf,175,29.2987,all,6,True,593,16029,430,27.03035413153457
uf175-753,uf175-025.cnf,175,29.2987,all,7,True,8620,260716,7166,30.245475638051044
uf175-753,uf175-025.cnf,175,29.2987,all,8,True,8185,246072,6761,30.063775198533904
uf175-753,uf175-025.cnf,175,29.2987,all,9,True,12585,373060,10333,29.64322606277314
uf175-753,uf175-026.cnf,175,28.8056,identical,0,True,9856,288479,8095,29.269379058441558
uf175-753,uf175-026.cnf,175,28.8056,identical,1,True,9856,288479,8095,29.269379058441558
uf175-753,uf175-026.cnf,175,28.8056,identical,2,True,9856,288479,8095,29.269379058441558
uf175-753,uf175-026.cnf,175,28.8056,identical,3,True,9856,288479,8095,29.269379058441558
uf175-753,uf175-026.cnf,175,28.8056,identical,4,True,9856,288479,8095,29.269379058441558
uf175-753,uf175-026.cnf,175,28.8056,identical,5,True,9856,288479,8095,29.269379058441558
uf175-753,uf175-026.cnf,175,28.8056,identical,6,True,9856,288479,8095,29.269379058441558
uf175-753,uf175-026.cnf,175,28.8056,identical,7,True,9856,288479,8095,29.269379058441558
uf175-753,uf175-026.cnf,175,28.8056,identical,8,True,9856,288479,8095,29.269379058441558
uf175-753,uf175-026.cnf,175,28.8056,identical,9,True,9856,288479,8095,29.269379058441558
uf175-753,uf175-026.cnf,175,28.8056,clause_shuffle,0,True,1732,50054,1355,28.899538106235564
uf175-753,uf175-026.cnf,175,28.8056,clause_shuffle,1,True,7897,232116,6400,29.392934025579333
uf175-753,uf175-026.cnf,175,28.8056,clause_shuffle,2,True,8620,255213,7074,29.60707656612529
uf175-753,uf175-026.cnf,175,28.8056,clause_shuffle,3,True,5807,166575,4690,28.685207508179783
uf175-753,uf175-026.cnf,175,28.8056,clause_shuffle,4,True,7454,220221,6080,29.544003219747786
uf175-753,uf175-026.cnf,175,28.8056,clause_shuffle,5,True,18093,538670,14968,29.77228762504836
uf175-753,uf175-026.cnf,175,28.8056,clause_shuffle,6,True,3345,95994,2654,28.697757847533634
uf175-753,uf175-026.cnf,175,28.8056,clause_shuffle,7,True,6711,194862,5411,29.036209208761733
uf175-753,uf175-026.cnf,175,28.8056,clause_shuffle,8,True,5394,156750,4330,29.060066740823135
uf175-753,uf175-026.cnf,175,28.8056,clause_shuffle,9,True,8556,254765,7050,29.776180458158017
uf175-753,uf175-026.cnf,175,28.8056,var_rename,0,True,5315,148617,4186,27.961806208842898
uf175-753,uf175-026.cnf,175,28.8056,var_rename,1,True,3326,92320,2655,27.757065544197236
uf175-753,uf175-026.cnf,175,28.8056,var_rename,2,True,8447,246362,6855,29.165620930507874
uf175-753,uf175-026.cnf,175,28.8056,var_rename,3,True,5241,153241,4286,29.238885708834193
uf175-753,uf175-026.cnf,175,28.8056,var_rename,4,True,16340,483012,13409,29.560097919216645
uf175-753,uf175-026.cnf,175,28.8056,var_rename,5,True,2934,84517,2340,28.806066802999318
uf175-753,uf175-026.cnf,175,28.8056,var_rename,6,True,1063,29360,803,27.61994355597366
uf175-753,uf175-026.cnf,175,28.8056,var_rename,7,True,9577,280862,7776,29.32672026730709
uf175-753,uf175-026.cnf,175,28.8056,var_rename,8,True,4565,127909,3677,28.019496166484117
uf175-753,uf175-026.cnf,175,28.8056,var_rename,9,True,1896,53404,1528,28.166666666666668
uf175-753,uf175-026.cnf,175,28.8056,phases,0,True,275,6296,192,22.894545454545455
uf175-753,uf175-026.cnf,175,28.8056,phases,1,True,4367,129677,3516,29.694756125486602
uf175-753,uf175-026.cnf,175,28.8056,phases,2,True,1871,54796,1498,29.2870122928915
uf175-753,uf175-026.cnf,175,28.8056,phases,3,True,1208,32372,916,26.79801324503311
uf175-753,uf175-026.cnf,175,28.8056,phases,4,True,4165,120517,3322,28.93565426170468
uf175-753,uf175-026.cnf,175,28.8056,phases,5,True,10095,302455,8279,29.96087171867261
uf175-753,uf175-026.cnf,175,28.8056,phases,6,True,5887,170811,4765,29.014948190929164
uf175-753,uf175-026.cnf,175,28.8056,phases,7,True,6984,201474,5616,28.8479381443299
uf175-753,uf175-026.cnf,175,28.8056,phases,8,True,1314,36643,1026,27.88660578386606
uf175-753,uf175-026.cnf,175,28.8056,phases,9,True,2131,60939,1656,28.596433599249178
uf175-753,uf175-026.cnf,175,28.8056,all,0,True,8009,235947,6499,29.46023223873143
uf175-753,uf175-026.cnf,175,28.8056,all,1,True,2429,68061,1929,28.020172910662826
uf175-753,uf175-026.cnf,175,28.8056,all,2,True,473,12093,345,25.56659619450317
uf175-753,uf175-026.cnf,175,28.8056,all,3,True,3485,100697,2807,28.894404591104735
uf175-753,uf175-026.cnf,175,28.8056,all,4,True,12086,355039,9927,29.376054939599538
uf175-753,uf175-026.cnf,175,28.8056,all,5,True,2070,60226,1654,29.094685990338164
uf175-753,uf175-026.cnf,175,28.8056,all,6,True,1192,33729,905,28.296140939597315
uf175-753,uf175-026.cnf,175,28.8056,all,7,True,7283,215841,5956,29.636276259783056
uf175-753,uf175-026.cnf,175,28.8056,all,8,True,1437,40416,1155,28.12526096033403
uf175-753,uf175-026.cnf,175,28.8056,all,9,True,582,15981,441,27.45876288659794
uf200-860,uf200-01.cnf,200,31.6494,identical,0,True,23643,760623,19623,32.171171171171174
uf200-860,uf200-01.cnf,200,31.6494,identical,1,True,23643,760623,19623,32.171171171171174
uf200-860,uf200-01.cnf,200,31.6494,identical,2,True,23643,760623,19623,32.171171171171174
uf200-860,uf200-01.cnf,200,31.6494,identical,3,True,23643,760623,19623,32.171171171171174
uf200-860,uf200-01.cnf,200,31.6494,identical,4,True,23643,760623,19623,32.171171171171174
uf200-860,uf200-01.cnf,200,31.6494,identical,5,True,23643,760623,19623,32.171171171171174
uf200-860,uf200-01.cnf,200,31.6494,identical,6,True,23643,760623,19623,32.171171171171174
uf200-860,uf200-01.cnf,200,31.6494,identical,7,True,23643,760623,19623,32.171171171171174
uf200-860,uf200-01.cnf,200,31.6494,identical,8,True,23643,760623,19623,32.171171171171174
uf200-860,uf200-01.cnf,200,31.6494,identical,9,True,23643,760623,19623,32.171171171171174
uf200-860,uf200-01.cnf,200,31.6494,clause_shuffle,0,True,13947,441848,11513,31.680504768050476
uf200-860,uf200-01.cnf,200,31.6494,clause_shuffle,1,True,8011,251748,6588,31.425290225939335
uf200-860,uf200-01.cnf,200,31.6494,clause_shuffle,2,True,21040,664292,17410,31.57281368821293
uf200-860,uf200-01.cnf,200,31.6494,clause_shuffle,3,True,22459,722985,18617,32.19132641702658
uf200-860,uf200-01.cnf,200,31.6494,clause_shuffle,4,True,28381,912071,23613,32.13667594517459
uf200-860,uf200-01.cnf,200,31.6494,clause_shuffle,5,True,16688,517827,13587,31.02990172579099
uf200-860,uf200-01.cnf,200,31.6494,clause_shuffle,6,True,21498,690720,17720,32.129500418643595
uf200-860,uf200-01.cnf,200,31.6494,clause_shuffle,7,True,19390,621015,16090,32.02759154203198
uf200-860,uf200-01.cnf,200,31.6494,clause_shuffle,8,True,20918,671277,17300,32.09087866908882
uf200-860,uf200-01.cnf,200,31.6494,clause_shuffle,9,True,19261,614823,15873,31.920616790405482
uf200-860,uf200-01.cnf,200,31.6494,var_rename,0,True,19846,640491,16489,32.27305250428298
uf200-860,uf200-01.cnf,200,31.6494,var_rename,1,True,15081,473493,12384,31.396658046548637
uf200-860,uf200-01.cnf,200,31.6494,var_rename,2,True,16575,520904,13562,31.42708898944193
uf200-860,uf200-01.cnf,200,31.6494,var_rename,3,True,8758,272979,7112,31.169102534825303
uf200-860,uf200-01.cnf,200,31.6494,var_rename,4,True,6371,192880,5052,30.274682153508085
uf200-860,uf200-01.cnf,200,31.6494,var_rename,5,True,22593,716004,18723,31.691408843447086
uf200-860,uf200-01.cnf,200,31.6494,var_rename,6,True,29580,940017,24586,31.778803245436105
uf200-860,uf200-01.cnf,200,31.6494,var_rename,7,True,9009,283132,7335,31.427683427683426
uf200-860,uf200-01.cnf,200,31.6494,var_rename,8,True,7186,221783,5796,30.86320623434456
uf200-860,uf200-01.cnf,200,31.6494,var_rename,9,True,7255,223043,5831,30.743349414197105
uf200-860,uf200-01.cnf,200,31.6494,phases,0,True,21687,686371,17766,31.648960206575367
uf200-860,uf200-01.cnf,200,31.6494,phases,1,True,31678,1006536,26281,31.773975629774608
uf200-860,uf200-01.cnf,200,31.6494,phases,2,True,13585,418438,11071,30.80147221199853
uf200-860,uf200-01.cnf,200,31.6494,phases,3,True,19564,624542,16107,31.923021876916785
uf200-860,uf200-01.cnf,200,31.6494,phases,4,True,14995,481509,12422,32.11130376792264
uf200-860,uf200-01.cnf,200,31.6494,phases,5,True,14793,463965,12188,31.363820726019064
uf200-860,uf200-01.cnf,200,31.6494,phases,6,True,5252,164093,4287,31.243907083015994
uf200-860,uf200-01.cnf,200,31.6494,phases,7,True,25171,807592,20936,32.08422390846609
uf200-860,uf200-01.cnf,200,31.6494,phases,8,True,18712,599201,15407,32.022285164600255
uf200-860,uf200-01.cnf,200,31.6494,phases,9,True,21598,700563,18067,32.436475599592555
uf200-860,uf200-01.cnf,200,31.6494,all,0,True,19708,632818,16347,32.109701644002435
uf200-860,uf200-01.cnf,200,31.6494,all,1,True,19572,638444,16126,32.62027386061721
uf200-860,uf200-01.cnf,200,31.6494,all,2,True,20094,639821,16561,31.841395441425302
uf200-860,uf200-01.cnf,200,31.6494,all,3,True,9295,291999,7479,31.41463152232383
uf200-860,uf200-01.cnf,200,31.6494,all,4,True,28305,915998,23459,32.36170287934994
uf200-860,uf200-01.cnf,200,31.6494,all,5,True,20389,656925,16920,32.21957918485458
uf200-860,uf200-01.cnf,200,31.6494,all,6,True,11559,367572,9574,31.79963664676875
uf200-860,uf200-01.cnf,200,31.6494,all,7,True,1103,34718,842,31.475974614687217
uf200-860,uf200-01.cnf,200,31.6494,all,8,True,22077,709574,18193,32.14087058930108
uf200-860,uf200-01.cnf,200,31.6494,all,9,True,2955,91232,2361,30.873773265651437
uf200-860,uf200-010.cnf,200,29.8441,identical,0,True,24205,769183,20146,31.777855814914275
uf200-860,uf200-010.cnf,200,29.8441,identical,1,True,24205,769183,20146,31.777855814914275
uf200-860,uf200-010.cnf,200,29.8441,identical,2,True,24205,769183,20146,31.777855814914275
uf200-860,uf200-010.cnf,200,29.8441,identical,3,True,24205,769183,20146,31.777855814914275
uf200-860,uf200-010.cnf,200,29.8441,identical,4,True,24205,769183,20146,31.777855814914275
uf200-860,uf200-010.cnf,200,29.8441,identical,5,True,24205,769183,20146,31.777855814914275
uf200-860,uf200-010.cnf,200,29.8441,identical,6,True,24205,769183,20146,31.777855814914275
uf200-860,uf200-010.cnf,200,29.8441,identical,7,True,24205,769183,20146,31.777855814914275
uf200-860,uf200-010.cnf,200,29.8441,identical,8,True,24205,769183,20146,31.777855814914275
uf200-860,uf200-010.cnf,200,29.8441,identical,9,True,24205,769183,20146,31.777855814914275
uf200-860,uf200-010.cnf,200,29.8441,clause_shuffle,0,True,18133,567884,14944,31.31770804610379
uf200-860,uf200-010.cnf,200,29.8441,clause_shuffle,1,True,3538,106517,2808,30.10655737704918
uf200-860,uf200-010.cnf,200,29.8441,clause_shuffle,2,True,3854,120457,3141,31.25505967825636
uf200-860,uf200-010.cnf,200,29.8441,clause_shuffle,3,True,3367,101605,2729,30.176715176715177
uf200-860,uf200-010.cnf,200,29.8441,clause_shuffle,4,True,15340,471557,12374,30.740352020860495
uf200-860,uf200-010.cnf,200,29.8441,clause_shuffle,5,True,36962,1190758,30776,32.2157350792706
uf200-860,uf200-010.cnf,200,29.8441,clause_shuffle,6,True,3961,124892,3203,31.53042161070437
uf200-860,uf200-010.cnf,200,29.8441,clause_shuffle,7,True,10594,334580,8737,31.58202756277138
uf200-860,uf200-010.cnf,200,29.8441,clause_shuffle,8,True,22981,728363,19100,31.69413863626474
uf200-860,uf200-010.cnf,200,29.8441,clause_shuffle,9,True,16881,535398,13767,31.716012084592144
uf200-860,uf200-010.cnf,200,29.8441,var_rename,0,True,24242,763719,19868,31.50396006930121
uf200-860,uf200-010.cnf,200,29.8441,var_rename,1,True,4855,148619,3920,30.61153450051493
uf200-860,uf200-010.cnf,200,29.8441,var_rename,2,True,8074,250766,6630,31.058459251919743
uf200-860,uf200-010.cnf,200,29.8441,var_rename,3,True,17458,548797,14306,31.435273227173788
uf200-860,uf200-010.cnf,200,29.8441,var_rename,4,True,9972,308075,8095,30.894003208985158
uf200-860,uf200-010.cnf,200,29.8441,var_rename,5,True,483,14741,362,30.51966873706004
uf200-860,uf200-010.cnf,200,29.8441,var_rename,6,True,24250,759101,20004,31.303134020618558
uf200-860,uf200-010.cnf,200,29.8441,var_rename,7,True,5866,182474,4752,31.10705762018411
uf200-860,uf200-010.cnf,200,29.8441,var_rename,8,True,4641,137094,3657,29.539754363283777
uf200-860,uf200-010.cnf,200,29.8441,var_rename,9,True,4203,125387,3345,29.832738520104687
uf200-860,uf200-010.cnf,200,29.8441,phases,0,True,2477,74304,1989,29.997577714977794
uf200-860,uf200-010.cnf,200,29.8441,phases,1,True,12973,402931,10677,31.059199876666924
uf200-860,uf200-010.cnf,200,29.8441,phases,2,True,25167,788746,20781,31.340485556482694
uf200-860,uf200-010.cnf,200,29.8441,phases,3,True,11333,346381,9152,30.563928350833848
uf200-860,uf200-010.cnf,200,29.8441,phases,4,True,9720,301543,7957,31.022942386831275
uf200-860,uf200-010.cnf,200,29.8441,phases,5,True,3986,122225,3207,30.66357250376317
uf200-860,uf200-010.cnf,200,29.8441,phases,6,True,3462,103254,2716,29.824956672443673
uf200-860,uf200-010.cnf,200,29.8441,phases,7,True,32650,1036705,27115,31.752067381316998
uf200-860,uf200-010.cnf,200,29.8441,phases,8,True,19869,629150,16298,31.66490512859228
uf200-860,uf200-010.cnf,200,29.8441,phases,9,True,20862,654042,17141,31.350877192982455
uf200-860,uf200-010.cnf,200,29.8441,all,0,True,7739,232503,6193,30.043028815092388
uf200-860,uf200-010.cnf,200,29.8441,all,1,True,13178,408801,10824,31.02147518591592
uf200-860,uf200-010.cnf,200,29.8441,all,2,True,9745,305556,8061,31.35515649050795
uf200-860,uf200-010.cnf,200,29.8441,all,3,True,16249,508981,13272,31.323835312942336
uf200-860,uf200-010.cnf,200,29.8441,all,4,True,14474,449660,11841,31.066740362028465
uf200-860,uf200-010.cnf,200,29.8441,all,5,True,25154,802057,20839,31.885863083406218
uf200-860,uf200-010.cnf,200,29.8441,all,6,True,35541,1113446,29395,31.328493852170734
uf200-860,uf200-010.cnf,200,29.8441,all,7,True,25324,793328,20843,31.32712051808561
uf200-860,uf200-010.cnf,200,29.8441,all,8,True,2041,63060,1607,30.896619304262618
uf200-860,uf200-010.cnf,200,29.8441,all,9,True,7063,216712,5719,30.68271272830242
uf200-860,uf200-0100.cnf,200,30.4018,identical,0,True,7495,228938,6025,30.545430286857904
uf200-860,uf200-0100.cnf,200,30.4018,identical,1,True,7495,228938,6025,30.545430286857904
uf200-860,uf200-0100.cnf,200,30.4018,identical,2,True,7495,228938,6025,30.545430286857904
uf200-860,uf200-0100.cnf,200,30.4018,identical,3,True,7495,228938,6025,30.545430286857904
uf200-860,uf200-0100.cnf,200,30.4018,identical,4,True,7495,228938,6025,30.545430286857904
uf200-860,uf200-0100.cnf,200,30.4018,identical,5,True,7495,228938,6025,30.545430286857904
uf200-860,uf200-0100.cnf,200,30.4018,identical,6,True,7495,228938,6025,30.545430286857904
uf200-860,uf200-0100.cnf,200,30.4018,identical,7,True,7495,228938,6025,30.545430286857904
uf200-860,uf200-0100.cnf,200,30.4018,identical,8,True,7495,228938,6025,30.545430286857904
uf200-860,uf200-0100.cnf,200,30.4018,identical,9,True,7495,228938,6025,30.545430286857904
uf200-860,uf200-0100.cnf,200,30.4018,clause_shuffle,0,True,12817,403911,10447,31.513692751814
uf200-860,uf200-0100.cnf,200,30.4018,clause_shuffle,1,True,42280,1340091,34902,31.69562440870388
uf200-860,uf200-0100.cnf,200,30.4018,clause_shuffle,2,True,45138,1441238,37451,31.929593690460365
uf200-860,uf200-0100.cnf,200,30.4018,clause_shuffle,3,True,9158,285887,7519,31.21718715876829
uf200-860,uf200-0100.cnf,200,30.4018,clause_shuffle,4,True,22030,693978,18087,31.501497957330912
uf200-860,uf200-0100.cnf,200,30.4018,clause_shuffle,5,True,51155,1640177,42474,32.06288730329391
uf200-860,uf200-0100.cnf,200,30.4018,clause_shuffle,6,True,6942,215566,5565,31.05243445692884
uf200-860,uf200-0100.cnf,200,30.4018,clause_shuffle,7,True,52738,1692360,43963,32.08995411278395
uf200-860,uf200-0100.cnf,200,30.4018,clause_shuffle,8,True,32257,1020348,26661,31.631831850451064
uf200-860,uf200-0100.cnf,200,30.4018,clause_shuffle,9,True,39361,1253980,32500,31.858438555931
uf200-860,uf200-0100.cnf,200,30.4018,var_rename,0,True,24672,779297,20264,31.58629215304799
uf200-860,uf200-0100.cnf,200,30.4018,var_rename,1,True,29070,932614,23981,32.08166494668043
uf200-860,uf200-0100.cnf,200,30.4018,var_rename,2,True,7292,220354,5855,30.218595721338453
uf200-860,uf200-0100.cnf,200,30.4018,var_rename,3,True,40391,1279458,33182,31.676809190166125
uf200-860,uf200-0100.cnf,200,30.4018,var_rename,4,True,11379,353202,9201,31.039810176641183
uf200-860,uf200-0100.cnf,200,30.4018,var_rename,5,True,53842,1742869,44997,32.37006426210022
uf200-860,uf200-0100.cnf,200,30.4018,var_rename,6,True,2844,87533,2241,30.778129395218002
uf200-860,uf200-0100.cnf,200,30.4018,var_rename,7,True,6408,198228,5148,30.93445692883895
uf200-860,uf200-0100.cnf,200,30.4018,var_rename,8,True,1699,48141,1279,28.33490288404944
uf200-860,uf200-0100.cnf,200,30.4018,var_rename,9,True,3284,97770,2544,29.771619975639464
uf200-860,uf200-0100.cnf,200,30.4018,phases,0,True,53575,1734197,44624,32.369519365375645
uf200-860,uf200-0100.cnf,200,30.4018,phases,1,True,38578,1233866,31984,31.983669448908703
uf200-860,uf200-0100.cnf,200,30.4018,phases,2,True,41356,1319797,34185,31.913071863816615
uf200-860,uf200-0100.cnf,200,30.4018,phases,3,True,46692,1499538,38686,32.115523001799026
uf200-860,uf200-0100.cnf,200,30.4018,phases,4,True,27935,895130,23168,32.043314838016826
uf200-860,uf200-0100.cnf,200,30.4018,phases,5,True,33008,1051002,27214,31.840826466311196
uf200-860,uf200-0100.cnf,200,30.4018,phases,6,True,23186,734569,19210,31.681575088415425
uf200-860,uf200-0100.cnf,200,30.4018,phases,7,True,19459,616320,15986,31.67274782876818
uf200-860,uf200-0100.cnf,200,30.4018,phases,8,True,31767,1007522,26096,31.715994585576226
uf200-860,uf200-0100.cnf,200,30.4018,phases,9,True,4639,139974,3669,30.173313214054755
uf200-860,uf200-0100.cnf,200,30.4018,all,0,True,9138,285989,7436,31.296673232654847
uf200-860,uf200-0100.cnf,200,30.4018,all,1,True,14592,451191,11787,30.920435855263158
uf200-860,uf200-0100.cnf,200,30.4018,all,2,True,22262,709653,18461,31.877324588985715
uf200-860,uf200-0100.cnf,200,30.4018,all,3,True,18622,588915,15317,31.624691225432283
uf200-860,uf200-0100.cnf,200,30.4018,all,4,True,27855,874401,23069,31.391168551427032
uf200-860,uf200-0100.cnf,200,30.4018,all,5,True,35141,1126575,29326,32.05870635440084
uf200-860,uf200-0100.cnf,200,30.4018,all,6,True,19354,617586,15969,31.90999276635321
uf200-860,uf200-0100.cnf,200,30.4018,all,7,True,33031,1048817,27180,31.752505222366867
uf200-860,uf200-0100.cnf,200,30.4018,all,8,True,50383,1621834,41894,32.190103804854814
uf200-860,uf200-0100.cnf,200,30.4018,all,9,True,29898,955044,24659,31.943407585791693
uf200-860,uf200-011.cnf,200,27.7157,identical,0,True,1754,52861,1370,30.137400228050172
uf200-860,uf200-011.cnf,200,27.7157,identical,1,True,1754,52861,1370,30.137400228050172
uf200-860,uf200-011.cnf,200,27.7157,identical,2,True,1754,52861,1370,30.137400228050172
uf200-860,uf200-011.cnf,200,27.7157,identical,3,True,1754,52861,1370,30.137400228050172
uf200-860,uf200-011.cnf,200,27.7157,identical,4,True,1754,52861,1370,30.137400228050172
uf200-860,uf200-011.cnf,200,27.7157,identical,5,True,1754,52861,1370,30.137400228050172
uf200-860,uf200-011.cnf,200,27.7157,identical,6,True,1754,52861,1370,30.137400228050172
uf200-860,uf200-011.cnf,200,27.7157,identical,7,True,1754,52861,1370,30.137400228050172
uf200-860,uf200-011.cnf,200,27.7157,identical,8,True,1754,52861,1370,30.137400228050172
uf200-860,uf200-011.cnf,200,27.7157,identical,9,True,1754,52861,1370,30.137400228050172
uf200-860,uf200-011.cnf,200,27.7157,clause_shuffle,0,True,9455,299856,7700,31.714013749338974
uf200-860,uf200-011.cnf,200,27.7157,clause_shuffle,1,True,3022,91408,2404,30.24751819986764
uf200-860,uf200-011.cnf,200,27.7157,clause_shuffle,2,True,5348,168587,4344,31.523373223635005
uf200-860,uf200-011.cnf,200,27.7157,clause_shuffle,3,True,4562,138435,3666,30.345243314335818
uf200-860,uf200-011.cnf,200,27.7157,clause_shuffle,4,True,3329,100310,2656,30.13217182337038
uf200-860,uf200-011.cnf,200,27.7157,clause_shuffle,5,True,4623,139260,3703,30.123296560674888
uf200-860,uf200-011.cnf,200,27.7157,clause_shuffle,6,True,3442,104896,2760,30.475305055200465
uf200-860,uf200-011.cnf,200,27.7157,clause_shuffle,7,True,6158,190377,4994,30.91539460863917
uf200-860,uf200-011.cnf,200,27.7157,clause_shuffle,8,True,10773,338648,8894,31.434883505058945
uf200-860,uf200-011.cnf,200,27.7157,clause_shuffle,9,True,1633,48753,1280,29.854868340477648
uf200-860,uf200-011.cnf,200,27.7157,var_rename,0,True,7077,218649,5777,30.895718524798642
uf200-860,uf200-011.cnf,200,27.7157,var_rename,1,True,3929,118469,3163,30.15245609569865
uf200-860,uf200-011.cnf,200,27.7157,var_rename,2,True,6864,209956,5538,30.587995337995338
uf200-860,uf200-011.cnf,200,27.7157,var_rename,3,True,5233,158818,4151,30.34932161284158
uf200-860,uf200-011.cnf,200,27.7157,var_rename,4,True,3368,103182,2693,30.635985748218527
uf200-860,uf200-011.cnf,200,27.7157,var_rename,5,True,9795,304878,7965,31.125880551301684
uf200-860,uf200-011.cnf,200,27.7157,var_rename,6,True,6111,192288,4922,31.46588119783996
uf200-860,uf200-011.cnf,200,27.7157,var_rename,7,True,7799,246478,6379,31.60379535837928
uf200-860,uf200-011.cnf,200,27.7157,var_rename,8,True,3253,98843,2559,30.385182908084843
uf200-860,uf200-011.cnf,200,27.7157,var_rename,9,True,826,22141,597,26.805084745762713
uf200-860,uf200-011.cnf,200,27.7157,phases,0,True,4763,150267,3880,31.548813772832247
uf200-860,uf200-011.cnf,200,27.7157,phases,1,True,330,10234,244,31.01212121212121
uf200-860,uf200-011.cnf,200,27.7157,phases,2,True,2201,68580,1787,31.158564288959564
uf200-860,uf200-011.cnf,200,27.7157,phases,3,True,3815,119144,3065,31.23040629095675
uf200-860,uf200-011.cnf,200,27.7157,phases,4,True,8550,273098,7062,31.941286549707602
uf200-860,uf200-011.cnf,200,27.7157,phases,5,True,618,16775,426,27.144012944983817
uf200-860,uf200-011.cnf,200,27.7157,phases,6,True,14715,461054,12173,31.332246007475366
uf200-860,uf200-011.cnf,200,27.7157,phases,7,True,4377,135009,3600,30.845099383139136
uf200-860,uf200-011.cnf,200,27.7157,phases,8,True,1385,37344,1033,26.96317689530686
uf200-860,uf200-011.cnf,200,27.7157,phases,9,True,5199,163857,4276,31.517022504327755
uf200-860,uf200-011.cnf,200,27.7157,all,0,True,4942,156413,4006,31.649736948603802
uf200-860,uf200-011.cnf,200,27.7157,all,1,True,2903,90833,2318,31.28935583878746
uf200-860,uf200-011.cnf,200,27.7157,all,2,True,8284,264600,6847,31.941091260260745
uf200-860,uf200-011.cnf,200,27.7157,all,3,True,4912,149463,3986,30.428135179153095
uf200-860,uf200-011.cnf,200,27.7157,all,4,True,3885,116585,3118,30.00900900900901
uf200-860,uf200-011.cnf,200,27.7157,all,5,True,1118,32173,802,28.777280858676207
uf200-860,uf200-011.cnf,200,27.7157,all,6,True,4299,132799,3537,30.890672249360318
uf200-860,uf200-011.cnf,200,27.7157,all,7,True,11603,373220,9568,32.16581918469361
uf200-860,uf200-011.cnf,200,27.7157,all,8,True,3037,88892,2393,29.269674020414882
uf200-860,uf200-011.cnf,200,27.7157,all,9,True,790,21074,585,26.675949367088606
uf200-860,uf200-012.cnf,200,31.1505,identical,0,True,2218,68929,1731,31.077096483318304
uf200-860,uf200-012.cnf,200,31.1505,identical,1,True,2218,68929,1731,31.077096483318304
uf200-860,uf200-012.cnf,200,31.1505,identical,2,True,2218,68929,1731,31.077096483318304
uf200-860,uf200-012.cnf,200,31.1505,identical,3,True,2218,68929,1731,31.077096483318304
uf200-860,uf200-012.cnf,200,31.1505,identical,4,True,2218,68929,1731,31.077096483318304
uf200-860,uf200-012.cnf,200,31.1505,identical,5,True,2218,68929,1731,31.077096483318304
uf200-860,uf200-012.cnf,200,31.1505,identical,6,True,2218,68929,1731,31.077096483318304
uf200-860,uf200-012.cnf,200,31.1505,identical,7,True,2218,68929,1731,31.077096483318304
uf200-860,uf200-012.cnf,200,31.1505,identical,8,True,2218,68929,1731,31.077096483318304
uf200-860,uf200-012.cnf,200,31.1505,identical,9,True,2218,68929,1731,31.077096483318304
uf200-860,uf200-012.cnf,200,31.1505,clause_shuffle,0,True,5600,178400,4511,31.857142857142858
uf200-860,uf200-012.cnf,200,31.1505,clause_shuffle,1,True,11482,368775,9399,32.11766242814841
uf200-860,uf200-012.cnf,200,31.1505,clause_shuffle,2,True,9682,314994,7888,32.53398058252427
uf200-860,uf200-012.cnf,200,31.1505,clause_shuffle,3,True,1838,56885,1451,30.949401523394993
uf200-860,uf200-012.cnf,200,31.1505,clause_shuffle,4,True,5957,180842,4694,30.35789827094175
uf200-860,uf200-012.cnf,200,31.1505,clause_shuffle,5,True,7582,243200,6122,32.0759694012134
uf200-860,uf200-012.cnf,200,31.1505,clause_shuffle,6,True,8867,285554,7177,32.20412766437352
uf200-860,uf200-012.cnf,200,31.1505,clause_shuffle,7,True,9014,289384,7365,32.10383847348569
uf200-860,uf200-012.cnf,200,31.1505,clause_shuffle,8,True,979,27040,720,27.620020429009195
uf200-860,uf200-012.cnf,200,31.1505,clause_shuffle,9,True,6802,207925,5441,30.568215230814467
uf200-860,uf200-012.cnf,200,31.1505,var_rename,0,True,17254,556213,14140,32.23675669409992
uf200-860,uf200-012.cnf,200,31.1505,var_rename,1,True,514,13912,356,27.06614785992218
uf200-860,uf200-012.cnf,200,31.1505,var_rename,2,True,1978,58786,1536,29.719919110212334
uf200-860,uf200-012.cnf,200,31.1505,var_rename,3,True,595,15637,421,26.280672268907562
uf200-860,uf200-012.cnf,200,31.1505,var_rename,4,True,9155,297584,7480,32.50507919169853
uf200-860,uf200-012.cnf,200,31.1505,var_rename,5,True,2841,90979,2248,32.02358324533615
uf200-860,uf200-012.cnf,200,31.1505,var_rename,6,True,3943,122093,3095,30.964494040071013
uf200-860,uf200-012.cnf,200,31.1505,var_rename,7,True,1210,36372,920,30.059504132231407
uf200-860,uf200-012.cnf,200,31.1505,var_rename,8,True,4788,148376,3802,30.989139515455307
uf200-860,uf200-012.cnf,200,31.1505,var_rename,9,True,6627,209464,5353,31.607665610381773
uf200-860,uf200-012.cnf,200,31.1505,phases,0,True,7280,223827,5870,30.74546703296703
uf200-860,uf200-012.cnf,200,31.1505,phases,1,True,1161,35033,876,30.174849267872524
uf200-860,uf200-012.cnf,200,31.1505,phases,2,True,4267,132307,3371,31.007030700726506
uf200-860,uf200-012.cnf,200,31.1505,phases,3,True,5190,168562,4203,32.47822736030829
uf200-860,uf200-012.cnf,200,31.1505,phases,4,True,9517,297622,7742,31.2726699590207
uf200-860,uf200-012.cnf,200,31.1505,phases,5,True,11345,364689,9293,32.14535037461437
uf200-860,uf200-012.cnf,200,31.1505,phases,6,True,1161,34940,892,30.094745908699398
uf200-860,uf200-012.cnf,200,31.1505,phases,7,True,3851,122303,3063,31.75876395741366
uf200-860,uf200-012.cnf,200,31.1505,phases,8,True,7603,236251,6060,31.073392082072868
uf200-860,uf200-012.cnf,200,31.1505,phases,9,True,1761,51284,1351,29.122089721749006
uf200-860,uf200-012.cnf,200,31.1505,all,0,True,10401,335746,8518,32.28016536871455
uf200-860,uf200-012.cnf,200,31.1505,all,1,True,3747,116755,2978,31.15959434214038
uf200-860,uf200-012.cnf,200,31.1505,all,2,True,2222,69945,1743,31.478397839783977
uf200-860,uf200-012.cnf,200,31.1505,all,3,True,4179,131541,3344,31.47666905958363
uf200-860,uf200-012.cnf,200,31.1505,all,4,True,18111,583616,14868,32.224394014687206
uf200-860,uf200-012.cnf,200,31.1505,all,5,True,18223,582013,14905,31.938374581572738
uf200-860,uf200-012.cnf,200,31.1505,all,6,True,10821,339752,8782,31.397467886516957
uf200-860,uf200-012.cnf,200,31.1505,all,7,True,751,20906,550,27.837549933422103
uf200-860,uf200-012.cnf,200,31.1505,all,8,True,3506,110921,2771,31.6374786081004
uf200-860,uf200-012.cnf,200,31.1505,all,9,True,2719,80872,2091,29.743287973519678
uf200-860,uf200-013.cnf,200,29.7835,identical,0,True,3877,119583,3097,30.844209440288882
uf200-860,uf200-013.cnf,200,29.7835,identical,1,True,3877,119583,3097,30.844209440288882
uf200-860,uf200-013.cnf,200,29.7835,identical,2,True,3877,119583,3097,30.844209440288882
uf200-860,uf200-013.cnf,200,29.7835,identical,3,True,3877,119583,3097,30.844209440288882
uf200-860,uf200-013.cnf,200,29.7835,identical,4,True,3877,119583,3097,30.844209440288882
uf200-860,uf200-013.cnf,200,29.7835,identical,5,True,3877,119583,3097,30.844209440288882
uf200-860,uf200-013.cnf,200,29.7835,identical,6,True,3877,119583,3097,30.844209440288882
uf200-860,uf200-013.cnf,200,29.7835,identical,7,True,3877,119583,3097,30.844209440288882
uf200-860,uf200-013.cnf,200,29.7835,identical,8,True,3877,119583,3097,30.844209440288882
uf200-860,uf200-013.cnf,200,29.7835,identical,9,True,3877,119583,3097,30.844209440288882
uf200-860,uf200-013.cnf,200,29.7835,clause_shuffle,0,True,8975,280281,7350,31.22908077994429
uf200-860,uf200-013.cnf,200,29.7835,clause_shuffle,1,True,4933,151707,4003,30.753496857895804
uf200-860,uf200-013.cnf,200,29.7835,clause_shuffle,2,True,26327,852013,21985,32.3627074866107
uf200-860,uf200-013.cnf,200,29.7835,clause_shuffle,3,True,14040,443589,11530,31.59465811965812
uf200-860,uf200-013.cnf,200,29.7835,clause_shuffle,4,True,7914,257132,6544,32.49077584028304
uf200-860,uf200-013.cnf,200,29.7835,clause_shuffle,5,True,19092,604544,15761,31.664781060129897
uf200-860,uf200-013.cnf,200,29.7835,clause_shuffle,6,True,18053,573473,14891,31.766077660222678
uf200-860,uf200-013.cnf,200,29.7835,clause_shuffle,7,True,17430,567883,14504,32.58078026391279
uf200-860,uf200-013.cnf,200,29.7835,clause_shuffle,8,True,12824,405399,10663,31.61252339363693
uf200-860,uf200-013.cnf,200,29.7835,clause_shuffle,9,True,25884,834234,21638,32.22971719981456
uf200-860,uf200-013.cnf,200,29.7835,var_rename,0,True,1315,37270,1007,28.342205323193916
uf200-860,uf200-013.cnf,200,29.7835,var_rename,1,True,13404,426981,11108,31.854744852282902
uf200-860,uf200-013.cnf,200,29.7835,var_rename,2,True,9792,305074,8011,31.155433006535947
uf200-860,uf200-013.cnf,200,29.7835,var_rename,3,True,7107,223128,5776,31.395525538201774
uf200-860,uf200-013.cnf,200,29.7835,var_rename,4,True,10653,342813,8797,32.17994931005351
uf200-860,uf200-013.cnf,200,29.7835,var_rename,5,True,2902,84709,2235,29.18986905582357
uf200-860,uf200-013.cnf,200,29.7835,var_rename,6,True,2878,90504,2320,31.44683808200139
uf200-860,uf200-013.cnf,200,29.7835,var_rename,7,True,5686,176481,4544,31.037812170242702
uf200-860,uf200-013.cnf,200,29.7835,var_rename,8,True,36996,1186707,30967,32.076629905935775
uf200-860,uf200-013.cnf,200,29.7835,var_rename,9,True,4411,140327,3583,31.81296758104738
uf200-860,uf200-013.cnf,200,29.7835,phases,0,True,7225,223856,5896,30.983529411764707
uf200-860,uf200-013.cnf,200,29.7835,phases,1,True,12976,408747,10685,31.500231196054255
uf200-860,uf200-013.cnf,200,29.7835,phases,2,True,23394,758238,19602,32.41164401128494
uf200-860,uf200-013.cnf,200,29.7835,phases,3,True,1047,28669,790,27.382043935052533
uf200-860,uf200-013.cnf,200,29.7835,phases,4,True,9064,294783,7572,32.52239629302736
uf200-860,uf200-013.cnf,200,29.7835,phases,5,True,11313,352026,9306,31.116945107398568
uf200-860,uf200-013.cnf,200,29.7835,phases,6,True,3767,115723,3008,30.72020175205734
uf200-860,uf200-013.cnf,200,29.7835,phases,7,True,21294,660019,17439,30.9955386493848
uf200-860,uf200-013.cnf,200,29.7835,phases,8,True,26695,852483,22197,31.934182431166885
uf200-860,uf200-013.cnf,200,29.7835,phases,9,True,4842,147827,3882,30.530152829409335
uf200-860,uf200-013.cnf,200,29.7835,all,0,True,25057,815189,21001,32.53338388474279
uf200-860,uf200-013.cnf,200,29.7835,all,1,True,8417,259671,6747,30.850778187002494
uf200-860,uf200-013.cnf,200,29.7835,all,2,True,30838,997277,25794,32.339224333614375
uf200-860,uf200-013.cnf,200,29.7835,all,3,True,884,24362,631,27.558823529411764
uf200-860,uf200-013.cnf,200,29.7835,all,4,True,7810,246272,6383,31.53290653008963
uf200-860,uf200-013.cnf,200,29.7835,all,5,True,9364,300838,7797,32.127082443400255
uf200-860,uf200-013.cnf,200,29.7835,all,6,True,8832,276209,7270,31.273663949275363
uf200-860,uf200-013.cnf,200,29.7835,all,7,True,3703,114495,2974,30.91952470969484
uf200-860,uf200-013.cnf,200,29.7835,all,8,True,20116,646816,16751,32.154305030821234
uf200-860,uf200-013.cnf,200,29.7835,all,9,True,6043,186082,4900,30.792983617408574
uf200-860,uf200-014.cnf,200,30.3991,identical,0,True,2636,80085,2090,30.381259484066767
uf200-860,uf200-014.cnf,200,30.3991,identical,1,True,2636,80085,2090,30.381259484066767
uf200-860,uf200-014.cnf,200,30.3991,identical,2,True,2636,80085,2090,30.381259484066767
uf200-860,uf200-014.cnf,200,30.3991,identical,3,True,2636,80085,2090,30.381259484066767
uf200-860,uf200-014.cnf,200,30.3991,identical,4,True,2636,80085,2090,30.381259484066767
uf200-860,uf200-014.cnf,200,30.3991,identical,5,True,2636,80085,2090,30.381259484066767
uf200-860,uf200-014.cnf,200,30.3991,identical,6,True,2636,80085,2090,30.381259484066767
uf200-860,uf200-014.cnf,200,30.3991,identical,7,True,2636,80085,2090,30.381259484066767
uf200-860,uf200-014.cnf,200,30.3991,identical,8,True,2636,80085,2090,30.381259484066767
uf200-860,uf200-014.cnf,200,30.3991,identical,9,True,2636,80085,2090,30.381259484066767
uf200-860,uf200-014.cnf,200,30.3991,clause_shuffle,0,True,3592,111192,2930,30.955456570155903
uf200-860,uf200-014.cnf,200,30.3991,clause_shuffle,1,True,13336,414794,10927,31.103329334133175
uf200-860,uf200-014.cnf,200,30.3991,clause_shuffle,2,True,1565,44358,1201,28.343769968051117
uf200-860,uf200-014.cnf,200,30.3991,clause_shuffle,3,True,2710,85194,2146,31.43690036900369
uf200-860,uf200-014.cnf,200,30.3991,clause_shuffle,4,True,16500,513587,13610,31.12648484848485
uf200-860,uf200-014.cnf,200,30.3991,clause_shuffle,5,True,16083,497217,13356,30.915687371759
uf200-860,uf200-014.cnf,200,30.3991,clause_shuffle,6,True,11342,341880,9204,30.142831952036676
uf200-860,uf200-014.cnf,200,30.3991,clause_shuffle,7,True,8738,267064,7247,30.563515678645
uf200-860,uf200-014.cnf,200,30.3991,clause_shuffle,8,True,5786,178282,4726,30.812651227099895
uf200-860,uf200-014.cnf,200,30.3991,clause_shuffle,9,True,3708,106599,2898,28.748381877022652
uf200-860,uf200-014.cnf,200,30.3991,var_rename,0,True,13885,432396,11433,31.141231544832554
uf200-860,uf200-014.cnf,200,30.3991,var_rename,1,True,9136,281012,7476,30.758756567425568
uf200-860,uf200-014.cnf,200,30.3991,var_rename,2,True,7828,238444,6279,30.46039856923863
uf200-860,uf200-014.cnf,200,30.3991,var_rename,3,True,16152,488031,13218,30.21489598811293
uf200-860,uf200-014.cnf,200,30.3991,var_rename,4,True,893,25721,656,28.802911534154536
uf200-860,uf200-014.cnf,200,30.3991,var_rename,5,True,20395,636402,16760,31.203824466781075
uf200-860,uf200-014.cnf,200,30.3991,var_rename,6,True,8665,267433,7077,30.863589151759953
uf200-860,uf200-014.cnf,200,30.3991,var_rename,7,True,6232,186037,4928,29.851893453145056
uf200-860,uf200-014.cnf,200,30.3991,var_rename,8,True,642,18584,461,28.947040498442366
uf200-860,uf200-014.cnf,200,30.3991,var_rename,9,True,1150,31061,849,27.009565217391305
uf200-860,uf200-014.cnf,200,30.3991,phases,0,True,2897,89397,2301,30.858474283741803
uf200-860,uf200-014.cnf,200,30.3991,phases,1,True,2053,60980,1624,29.702873843156357
uf200-860,uf200-014.cnf,200,30.3991,phases,2,True,5461,164930,4370,30.201428309833364
uf200-860,uf200-014.cnf,200,30.3991,phases,3,True,3891,116977,3097,30.063479825237728
uf200-860,uf200-014.cnf,200,30.3991,phases,4,True,2366,71073,1849,30.039306846999153
uf200-860,uf200-014.cnf,200,30.3991,phases,5,True,5466,160638,4371,29.388583973655322
uf200-860,uf200-014.cnf,200,30.3991,phases,6,True,17784,543400,14440,30.555555555555557
uf200-860,uf200-014.cnf,200,30.3991,phases,7,True,6204,188040,4961,30.309477756286267
uf200-860,uf200-014.cnf,200,30.3991,phases,8,True,771,21395,583,27.749675745784696
uf200-860,uf200-014.cnf,200,30.3991,phases,9,True,6596,201653,5372,30.57201334141904
uf200-860,uf200-014.cnf,200,30.3991,all,0,True,5519,163158,4414,29.56296430512774
uf200-860,uf200-014.cnf,200,30.3991,all,1,True,11394,351907,9284,30.885290503773916
uf200-860,uf200-014.cnf,200,30.3991,all,2,True,4051,121627,3236,30.023944705011107
uf200-860,uf200-014.cnf,200,30.3991,all,3,True,2631,79335,2094,30.153933865450398
uf200-860,uf200-014.cnf,200,30.3991,all,4,True,3279,92583,2584,28.23513266239707
uf200-860,uf200-014.cnf,200,30.3991,all,5,True,4713,141424,3731,30.007214088690855
uf200-860,uf200-014.cnf,200,30.3991,all,6,True,3099,90550,2435,29.219102936431106
uf200-860,uf200-014.cnf,200,30.3991,all,7,True,352,8064,222,22.90909090909091
uf200-860,uf200-014.cnf,200,30.3991,all,8,True,1156,31946,884,27.634948096885815
uf200-860,uf200-014.cnf,200,30.3991,all,9,True,2599,77742,2055,29.912273951519815
uf200-860,uf200-015.cnf,200,31.8999,identical,0,True,12366,396763,10150,32.08499110464176
uf200-860,uf200-015.cnf,200,31.8999,identical,1,True,12366,396763,10150,32.08499110464176
uf200-860,uf200-015.cnf,200,31.8999,identical,2,True,12366,396763,10150,32.08499110464176
uf200-860,uf200-015.cnf,200,31.8999,identical,3,True,12366,396763,10150,32.08499110464176
uf200-860,uf200-015.cnf,200,31.8999,identical,4,True,12366,396763,10150,32.08499110464176
uf200-860,uf200-015.cnf,200,31.8999,identical,5,True,12366,396763,10150,32.08499110464176
uf200-860,uf200-015.cnf,200,31.8999,identical,6,True,12366,396763,10150,32.08499110464176
uf200-860,uf200-015.cnf,200,31.8999,identical,7,True,12366,396763,10150,32.08499110464176
uf200-860,uf200-015.cnf,200,31.8999,identical,8,True,12366,396763,10150,32.08499110464176
uf200-860,uf200-015.cnf,200,31.8999,identical,9,True,12366,396763,10150,32.08499110464176
uf200-860,uf200-015.cnf,200,31.8999,clause_shuffle,0,True,12287,394812,10134,32.13249776186213
uf200-860,uf200-015.cnf,200,31.8999,clause_shuffle,1,True,11749,367987,9627,31.320708145374073
uf200-860,uf200-015.cnf,200,31.8999,clause_shuffle,2,True,19871,629110,16433,31.659705097881336
uf200-860,uf200-015.cnf,200,31.8999,clause_shuffle,3,True,8751,271629,7198,31.03976688378471
uf200-860,uf200-015.cnf,200,31.8999,clause_shuffle,4,True,8388,260273,6838,31.029208392942298
uf200-860,uf200-015.cnf,200,31.8999,clause_shuffle,5,True,23504,751724,19409,31.98281143635126
uf200-860,uf200-015.cnf,200,31.8999,clause_shuffle,6,True,9128,287990,7465,31.550175284837863
uf200-860,uf200-015.cnf,200,31.8999,clause_shuffle,7,True,38304,1224537,31806,31.96890664160401
uf200-860,uf200-015.cnf,200,31.8999,clause_shuffle,8,True,33096,1073568,27616,32.43799854967368
uf200-860,uf200-015.cnf,200,31.8999,clause_shuffle,9,True,17890,578466,14770,32.334600335382895
uf200-860,uf200-015.cnf,200,31.8999,var_rename,0,True,11773,374539,9585,31.813386562473458
uf200-860,uf200-015.cnf,200,31.8999,var_rename,1,True,15010,479698,12349,31.958560959360426
uf200-860,uf200-015.cnf,200,31.8999,var_rename,2,True,22001,714374,18333,32.47006954229353
uf200-860,uf200-015.cnf,200,31.8999,var_rename,3,True,22182,711503,18379,32.07569200252457
uf200-860,uf200-015.cnf,200,31.8999,var_rename,4,True,17857,580232,14748,32.49325194601557
uf200-860,uf200-015.cnf,200,31.8999,var_rename,5,True,4042,126362,3180,31.262246412666997
uf200-860,uf200-015.cnf,200,31.8999,var_rename,6,True,10115,319976,8308,31.633811171527434
uf200-860,uf200-015.cnf,200,31.8999,var_rename,7,True,21865,694079,17971,31.743837182712095
uf200-860,uf200-015.cnf,200,31.8999,var_rename,8,True,30159,975437,25033,32.34314798236016
uf200-860,uf200-015.cnf,200,31.8999,var_rename,9,True,13130,422244,10824,32.15872048743336
uf200-860,uf200-015.cnf,200,31.8999,phases,0,True,11336,355550,9217,31.36467889908257
uf200-860,uf200-015.cnf,200,31.8999,phases,1,True,15629,492752,12824,31.528056817454733
uf200-860,uf200-015.cnf,200,31.8999,phases,2,True,12163,384469,10024,31.609717997204637
uf200-860,uf200-015.cnf,200,31.8999,phases,3,True,28455,922971,23727,32.436162361623616
uf200-860,uf200-015.cnf,200,31.8999,phases,4,True,19026,607914,15737,31.95175023651845
uf200-860,uf200-015.cnf,200,31.8999,phases,5,True,12128,374036,9893,30.840699208443272
uf200-860,uf200-015.cnf,200,31.8999,phases,6,True,11721,374621,9648,31.961522054432216
uf200-860,uf200-015.cnf,200,31.8999,phases,7,True,20177,654726,16755,32.44912524161174
uf200-860,uf200-015.cnf,200,31.8999,phases,8,True,10918,346804,8938,31.764425718996154
uf200-860,uf200-015.cnf,200,31.8999,phases,9,True,18419,586028,15047,31.816493837884792
uf200-860,uf200-015.cnf,200,31.8999,all,0,True,31105,999944,25936,32.147371805176014
uf200-860,uf200-015.cnf,200,31.8999,all,1,True,5208,167952,4233,32.24884792626728
uf200-860,uf200-015.cnf,200,31.8999,all,2,True,11557,364038,9445,31.49935104265813
uf200-860,uf200-015.cnf,200,31.8999,all,3,True,476,13159,358,27.644957983193276
uf200-860,uf200-015.cnf,200,31.8999,all,4,True,16838,535067,13856,31.77734885378311
uf200-860,uf200-015.cnf,200,31.8999,all,5,True,38709,1240753,32014,32.053346766901754
uf200-860,uf200-015.cnf,200,31.8999,all,6,True,23848,767565,19965,32.18571787990607
uf200-860,uf200-015.cnf,200,31.8999,all,7,True,7551,237866,6133,31.50125811150841
uf200-860,uf200-015.cnf,200,31.8999,all,8,True,249,6026,154,24.200803212851405
uf200-860,uf200-015.cnf,200,31.8999,all,9,True,2470,73327,1949,29.687044534412955
uf200-860,uf200-016.cnf,200,29.4249,identical,0,True,10884,348817,8959,32.04860345461228
uf200-860,uf200-016.cnf,200,29.4249,identical,1,True,10884,348817,8959,32.04860345461228
uf200-860,uf200-016.cnf,200,29.4249,identical,2,True,10884,348817,8959,32.04860345461228
uf200-860,uf200-016.cnf,200,29.4249,identical,3,True,10884,348817,8959,32.04860345461228
uf200-860,uf200-016.cnf,200,29.4249,identical,4,True,10884,348817,8959,32.04860345461228
uf200-860,uf200-016.cnf,200,29.4249,identical,5,True,10884,348817,8959,32.04860345461228
uf200-860,uf200-016.cnf,200,29.4249,identical,6,True,10884,348817,8959,32.04860345461228
uf200-860,uf200-016.cnf,200,29.4249,identical,7,True,10884,348817,8959,32.04860345461228
uf200-860,uf200-016.cnf,200,29.4249,identical,8,True,10884,348817,8959,32.04860345461228
uf200-860,uf200-016.cnf,200,29.4249,identical,9,True,10884,348817,8959,32.04860345461228
uf200-860,uf200-016.cnf,200,29.4249,clause_shuffle,0,True,4210,127876,3403,30.37434679334917
uf200-860,uf200-016.cnf,200,29.4249,clause_shuffle,1,True,6490,204336,5314,31.484745762711864
uf200-860,uf200-016.cnf,200,29.4249,clause_shuffle,2,True,2359,69298,1813,29.376006782534972
uf200-860,uf200-016.cnf,200,29.4249,clause_shuffle,3,True,8008,256393,6589,32.017107892107894
uf200-860,uf200-016.cnf,200,29.4249,clause_shuffle,4,True,6418,205592,5255,32.033655344344034
uf200-860,uf200-016.cnf,200,29.4249,clause_shuffle,5,True,6385,190983,5097,29.911198120595145
uf200-860,uf200-016.cnf,200,29.4249,clause_shuffle,6,True,2706,82166,2122,30.364375461936437
uf200-860,uf200-016.cnf,200,29.4249,clause_shuffle,7,True,3627,114229,2982,31.49407223600772
uf200-860,uf200-016.cnf,200,29.4249,clause_shuffle,8,True,3293,102671,2640,31.178560583054963
uf200-860,uf200-016.cnf,200,29.4249,clause_shuffle,9,True,10282,335690,8534,32.64831744796732
uf200-860,uf200-016.cnf,200,29.4249,var_rename,0,True,18087,577629,14867,31.93614198042793
uf200-860,uf200-016.cnf,200,29.4249,var_rename,1,True,15712,504573,12983,32.11386201629328
uf200-860,uf200-016.cnf,200,29.4249,var_rename,2,True,398,10785,273,27.097989949748744
uf200-860,uf200-016.cnf,200,29.4249,var_rename,3,True,3987,127915,3256,32.08301981439679
uf200-860,uf200-016.cnf,200,29.4249,var_rename,4,True,11762,369891,9650,31.44796803264751
uf200-860,uf200-016.cnf,200,29.4249,var_rename,5,True,12080,383119,10033,31.715149006622518
uf200-860,uf200-016.cnf,200,29.4249,var_rename,6,True,10980,351347,9022,31.9988160291439
uf200-860,uf200-016.cnf,200,29.4249,var_rename,7,True,1390,40014,1078,28.78705035971223
uf200-860,uf200-016.cnf,200,29.4249,var_rename,8,True,10226,323820,8431,31.666340700176022
uf200-860,uf200-016.cnf,200,29.4249,var_rename,9,True,740,21022,532,28.40810810810811
uf200-860,uf200-016.cnf,200,29.4249,phases,0,True,3393,105939,2753,31.222811671087534
uf200-860,uf200-016.cnf,200,29.4249,phases,1,True,2477,72750,1913,29.37020589422689
uf200-860,uf200-016.cnf,200,29.4249,phases,2,True,3378,108352,2673,32.07578448786264
uf200-860,uf200-016.cnf,200,29.4249,phases,3,True,7625,235952,6174,30.944524590163933
uf200-860,uf200-016.cnf,200,29.4249,phases,4,True,3780,116775,3064,30.892857142857142
uf200-860,uf200-016.cnf,200,29.4249,phases,5,True,3839,115920,3065,30.195363375879136
uf200-860,uf200-016.cnf,200,29.4249,phases,6,True,185,4439,113,23.994594594594595
uf200-860,uf200-016.cnf,200,29.4249,phases,7,True,11254,361919,9238,32.15914341567443
uf200-860,uf200-016.cnf,200,29.4249,phases,8,True,5254,165756,4285,31.5485344499429
uf200-860,uf200-016.cnf,200,29.4249,phases,9,True,7716,240927,6293,31.22433903576983
uf200-860,uf200-016.cnf,200,29.4249,all,0,True,10045,319805,8343,31.837232453957192
uf200-860,uf200-016.cnf,200,29.4249,all,1,True,9463,296655,7838,31.34893796893163
uf200-860,uf200-016.cnf,200,29.4249,all,2,True,9366,293316,7659,31.317104420243435
uf200-860,uf200-016.cnf,200,29.4249,all,3,True,3776,116586,3011,30.875529661016948
uf200-860,uf200-016.cnf,200,29.4249,all,4,True,1384,40957,1079,29.59320809248555
uf200-860,uf200-016.cnf,200,29.4249,all,5,True,6821,214246,5597,31.40976396422812
uf200-860,uf200-016.cnf,200,29.4249,all,6,True,3197,97329,2540,30.443853612761963
uf200-860,uf200-016.cnf,200,29.4249,all,7,True,2542,75382,1963,29.65460267505901
uf200-860,uf200-016.cnf,200,29.4249,all,8,True,17561,560822,14421,31.935652867148796
uf200-860,uf200-016.cnf,200,29.4249,all,9,True,5265,164194,4238,31.185944919278253
uf200-860,uf200-017.cnf,200,32.3397,identical,0,True,28486,909046,23452,31.91202696061223
uf200-860,uf200-017.cnf,200,32.3397,identical,1,True,28486,909046,23452,31.91202696061223
uf200-860,uf200-017.cnf,200,32.3397,identical,2,True,28486,909046,23452,31.91202696061223
uf200-860,uf200-017.cnf,200,32.3397,identical,3,True,28486,909046,23452,31.91202696061223
uf200-860,uf200-017.cnf,200,32.3397,identical,4,True,28486,909046,23452,31.91202696061223
uf200-860,uf200-017.cnf,200,32.3397,identical,5,True,28486,909046,23452,31.91202696061223
uf200-860,uf200-017.cnf,200,32.3397,identical,6,True,28486,909046,23452,31.91202696061223
uf200-860,uf200-017.cnf,200,32.3397,identical,7,True,28486,909046,23452,31.91202696061223
uf200-860,uf200-017.cnf,200,32.3397,identical,8,True,28486,909046,23452,31.91202696061223
uf200-860,uf200-017.cnf,200,32.3397,identical,9,True,28486,909046,23452,31.91202696061223
uf200-860,uf200-017.cnf,200,32.3397,clause_shuffle,0,True,7396,240221,6105,32.479853975121685
uf200-860,uf200-017.cnf,200,32.3397,clause_shuffle,1,True,12836,408942,10436,31.858990339669678
uf200-860,uf200-017.cnf,200,32.3397,clause_shuffle,2,True,13728,425122,11130,30.967511655011656
uf200-860,uf200-017.cnf,200,32.3397,clause_shuffle,3,True,8551,269686,6887,31.538533504853234
uf200-860,uf200-017.cnf,200,32.3397,clause_shuffle,4,True,2260,66236,1764,29.30796460176991
uf200-860,uf200-017.cnf,200,32.3397,clause_shuffle,5,True,7880,247981,6480,31.469670050761422
uf200-860,uf200-017.cnf,200,32.3397,clause_shuffle,6,True,6424,196624,5152,30.60772104607721
uf200-860,uf200-017.cnf,200,32.3397,clause_shuffle,7,True,5080,154037,4011,30.322244094488187
uf200-860,uf200-017.cnf,200,32.3397,clause_shuffle,8,True,9605,310234,7835,32.299219156689226
uf200-860,uf200-017.cnf,200,32.3397,clause_shuffle,9,True,21728,687013,17706,31.61878681885125
uf200-860,uf200-017.cnf,200,32.3397,var_rename,0,True,24842,798270,20601,32.13388616053458
uf200-860,uf200-017.cnf,200,32.3397,var_rename,1,True,1955,59950,1533,30.664961636828643
uf200-860,uf200-017.cnf,200,32.3397,var_rename,2,True,7756,237606,6196,30.63512119649304
uf200-860,uf200-017.cnf,200,32.3397,var_rename,3,True,8298,257041,6655,30.976259339599903
uf200-860,uf200-017.cnf,200,32.3397,var_rename,4,True,6821,210057,5515,30.79563113912916
uf200-860,uf200-017.cnf,200,32.3397,var_rename,5,True,19338,611593,15774,31.62648671010446
uf200-860,uf200-017.cnf,200,32.3397,var_rename,6,True,29521,942524,24533,31.927238237187087
uf200-860,uf200-017.cnf,200,32.3397,var_rename,7,True,15426,477033,12433,30.92395954881369
uf200-860,uf200-017.cnf,200,32.3397,var_rename,8,True,4136,125988,3287,30.461315280464216
uf200-860,uf200-017.cnf,200,32.3397,var_rename,9,True,7954,247517,6388,31.11855670103093
uf200-860,uf200-017.cnf,200,32.3397,phases,0,True,1568,49491,1251,31.56313775510204
uf200-860,uf200-017.cnf,200,32.3397,phases,1,True,9099,286747,7329,31.514122431036377
uf200-860,uf200-017.cnf,200,32.3397,phases,2,True,10667,340329,8620,31.90484672353989
uf200-860,uf200-017.cnf,200,32.3397,phases,3,True,9366,294096,7568,31.400384368994235
uf200-860,uf200-017.cnf,200,32.3397,phases,4,True,1425,42832,1090,30.057543859649122
uf200-860,uf200-017.cnf,200,32.3397,phases,5,True,1927,59183,1511,30.712506486766994
uf200-860,uf200-017.cnf,200,32.3397,phases,6,True,2817,87347,2217,31.007099751508697
uf200-860,uf200-017.cnf,200,32.3397,phases,7,True,1901,57773,1496,30.390846922672278
uf200-860,uf200-017.cnf,200,32.3397,phases,8,True,25477,819960,21095,32.18432311496644
uf200-860,uf200-017.cnf,200,32.3397,phases,9,True,4019,123545,3150,30.74023388902712
uf200-860,uf200-017.cnf,200,32.3397,all,0,True,5737,173660,4507,30.270176050200455
uf200-860,uf200-017.cnf,200,32.3397,all,1,True,1297,36365,971,28.037779491133385
uf200-860,uf200-017.cnf,200,32.3397,all,2,True,8954,279496,7212,31.214652669198124
uf200-860,uf200-017.cnf,200,32.3397,all,3,True,273,7087,181,25.95970695970696
uf200-860,uf200-017.cnf,200,32.3397,all,4,True,20005,634383,16351,31.711222194451388
uf200-860,uf200-017.cnf,200,32.3397,all,5,True,2278,68619,1758,30.12247585601405
uf200-860,uf200-017.cnf,200,32.3397,all,6,True,9606,304244,7885,31.67228815323756
uf200-860,uf200-017.cnf,200,32.3397,all,7,True,11185,356121,9117,31.839159588734912
uf200-860,uf200-017.cnf,200,32.3397,all,8,True,10403,321909,8342,30.94386234739979
uf200-860,uf200-017.cnf,200,32.3397,all,9,True,5905,181064,4711,30.662828111769688
uf200-860,uf200-018.cnf,200,27.7492,identical,0,True,15800,513038,12884,32.47075949367088
uf200-860,uf200-018.cnf,200,27.7492,identical,1,True,15800,513038,12884,32.47075949367088
uf200-860,uf200-018.cnf,200,27.7492,identical,2,True,15800,513038,12884,32.47075949367088
uf200-860,uf200-018.cnf,200,27.7492,identical,3,True,15800,513038,12884,32.47075949367088
uf200-860,uf200-018.cnf,200,27.7492,identical,4,True,15800,513038,12884,32.47075949367088
uf200-860,uf200-018.cnf,200,27.7492,identical,5,True,15800,513038,12884,32.47075949367088
uf200-860,uf200-018.cnf,200,27.7492,identical,6,True,15800,513038,12884,32.47075949367088
uf200-860,uf200-018.cnf,200,27.7492,identical,7,True,15800,513038,12884,32.47075949367088
uf200-860,uf200-018.cnf,200,27.7492,identical,8,True,15800,513038,12884,32.47075949367088
uf200-860,uf200-018.cnf,200,27.7492,identical,9,True,15800,513038,12884,32.47075949367088
uf200-860,uf200-018.cnf,200,27.7492,clause_shuffle,0,True,7070,232993,5717,32.955162659123054
uf200-860,uf200-018.cnf,200,27.7492,clause_shuffle,1,True,1251,37847,947,30.253397282174262
uf200-860,uf200-018.cnf,200,27.7492,clause_shuffle,2,True,8233,269588,6656,32.7448074820843
uf200-860,uf200-018.cnf,200,27.7492,clause_shuffle,3,True,9009,288387,7307,32.010989010989015
uf200-860,uf200-018.cnf,200,27.7492,clause_shuffle,4,True,4974,156909,4012,31.54583835946924
uf200-860,uf200-018.cnf,200,27.7492,clause_shuffle,5,True,6709,213886,5389,31.88045908481145
uf200-860,uf200-018.cnf,200,27.7492,clause_shuffle,6,True,16893,556503,13876,32.94281655123424
uf200-860,uf200-018.cnf,200,27.7492,clause_shuffle,7,True,4605,145789,3702,31.65884907709012
uf200-860,uf200-018.cnf,200,27.7492,clause_shuffle,8,True,12352,392448,9997,31.7720207253886
uf200-860,uf200-018.cnf,200,27.7492,clause_shuffle,9,True,19961,668188,16560,33.47467561745403
uf200-860,uf200-018.cnf,200,27.7492,var_rename,0,True,4299,131768,3402,30.650849034659224
uf200-860,uf200-018.cnf,200,27.7492,var_rename,1,True,1177,34789,878,29.55734919286321
uf200-860,uf200-018.cnf,200,27.7492,var_rename,2,True,4256,140377,3444,32.98331766917293
uf200-860,uf200-018.cnf,200,27.7492,var_rename,3,True,4713,152985,3795,32.46021642266073
uf200-860,uf200-018.cnf,200,27.7492,var_rename,4,True,8844,285441,7189,32.275101763907735
uf200-860,uf200-018.cnf,200,27.7492,var_rename,5,True,5262,164885,4220,31.335043709616116
uf200-860,uf200-018.cnf,200,27.7492,var_rename,6,True,7925,255862,6395,32.28542586750789
uf200-860,uf200-018.cnf,200,27.7492,var_rename,7,True,5678,184930,4579,32.56956674885523
uf200-860,uf200-018.cnf,200,27.7492,var_rename,8,True,8466,265773,6795,31.392983699503898
uf200-860,uf200-018.cnf,200,27.7492,var_rename,9,True,12464,404375,10186,32.443437098844676
uf200-860,uf200-018.cnf,200,27.7492,phases,0,True,5744,180875,4557,31.489380222841227
uf200-860,uf200-018.cnf,200,27.7492,phases,1,True,11644,382861,9658,32.880539333562346
uf200-860,uf200-018.cnf,200,27.7492,phases,2,True,2535,79901,1984,31.51913214990138
uf200-860,uf200-018.cnf,200,27.7492,phases,3,True,431,12520,315,29.048723897911835
uf200-860,uf200-018.cnf,200,27.7492,phases,4,True,11433,369443,9481,32.313740925391414
uf200-860,uf200-018.cnf,200,27.7492,phases,5,True,14139,460776,11604,32.5890091237004
uf200-860,uf200-018.cnf,200,27.7492,phases,6,True,1294,38320,967,29.613601236476043
uf200-860,uf200-018.cnf,200,27.7492,phases,7,True,2791,86581,2168,31.021497671085633
uf200-860,uf200-018.cnf,200,27.7492,phases,8,True,4696,147590,3723,31.428875638841568
uf200-860,uf200-018.cnf,200,27.7492,phases,9,True,4351,142254,3526,32.69455297632728
uf200-860,uf200-018.cnf,200,27.7492,all,0,True,3766,118847,2979,31.557886351566648
uf200-860,uf200-018.cnf,200,27.7492,all,1,True,21451,715964,17744,33.37671903407767
uf200-860,uf200-018.cnf,200,27.7492,all,2,True,4013,131474,3261,32.762023423872414
uf200-860,uf200-018.cnf,200,27.7492,all,3,True,5180,167995,4201,32.431467181467184
uf200-860,uf200-018.cnf,200,27.7492,all,4,True,296,7645,194,25.8277027027027
uf200-860,uf200-018.cnf,200,27.7492,all,5,True,2178,67427,1689,30.95821854912764
uf200-860,uf200-018.cnf,200,27.7492,all,6,True,10120,324763,8205,32.091205533596835
uf200-860,uf200-018.cnf,200,27.7492,all,7,True,1091,33278,834,30.502291475710358
uf200-860,uf200-018.cnf,200,27.7492,all,8,True,17243,558980,14129,32.417792727483615
uf200-860,uf200-018.cnf,200,27.7492,all,9,True,2356,73496,1833,31.195246179966045
uf200-860,uf200-019.cnf,200,31.1067,identical,0,True,21145,675782,17464,31.959423031449514
uf200-860,uf200-019.cnf,200,31.1067,identical,1,True,21145,675782,17464,31.959423031449514
uf200-860,uf200-019.cnf,200,31.1067,identical,2,True,21145,675782,17464,31.959423031449514
uf200-860,uf200-019.cnf,200,31.1067,identical,3,True,21145,675782,17464,31.959423031449514
uf200-860,uf200-019.cnf,200,31.1067,identical,4,True,21145,675782,17464,31.959423031449514
uf200-860,uf200-019.cnf,200,31.1067,identical,5,True,21145,675782,17464,31.959423031449514
uf200-860,uf200-019.cnf,200,31.1067,identical,6,True,21145,675782,17464,31.959423031449514
uf200-860,uf200-019.cnf,200,31.1067,identical,7,True,21145,675782,17464,31.959423031449514
uf200-860,uf200-019.cnf,200,31.1067,identical,8,True,21145,675782,17464,31.959423031449514
uf200-860,uf200-019.cnf,200,31.1067,identical,9,True,21145,675782,17464,31.959423031449514
uf200-860,uf200-019.cnf,200,31.1067,clause_shuffle,0,True,29177,920053,24065,31.5335024162868
uf200-860,uf200-019.cnf,200,31.1067,clause_shuffle,1,True,8856,277480,7226,31.332429990966578
uf200-860,uf200-019.cnf,200,31.1067,clause_shuffle,2,True,8778,277742,7184,31.64069264069264
uf200-860,uf200-019.cnf,200,31.1067,clause_shuffle,3,True,14774,462086,11991,31.276973060782456
uf200-860,uf200-019.cnf,200,31.1067,clause_shuffle,4,True,53994,1712524,44971,31.71693151090862
uf200-860,uf200-019.cnf,200,31.1067,clause_shuffle,5,True,12307,379443,9954,30.83147802063866
uf200-860,uf200-019.cnf,200,31.1067,clause_shuffle,6,True,11569,362951,9386,31.372720200535916
uf200-860,uf200-019.cnf,200,31.1067,clause_shuffle,7,True,45882,1462732,37947,31.880301643345973
uf200-860,uf200-019.cnf,200,31.1067,clause_shuffle,8,True,2926,90492,2333,30.926862611073137
uf200-860,uf200-019.cnf,200,31.1067,clause_shuffle,9,True,48869,1533905,40251,31.38809879473695
uf200-860,uf200-019.cnf,200,31.1067,var_rename,0,True,18164,569614,14645,31.35950231226602
uf200-860,uf200-019.cnf,200,31.1067,var_rename,1,True,79952,2506766,66011,31.35338703221933
uf200-860,uf200-019.cnf,200,31.1067,var_rename,2,True,15405,491161,12585,31.883219733852645
uf200-860,uf200-019.cnf,200,31.1067,var_rename,3,True,24418,772471,20005,31.635310017200425
uf200-860,uf200-019.cnf,200,31.1067,var_rename,4,True,45391,1449840,37536,31.941133704919476
uf200-860,uf200-019.cnf,200,31.1067,var_rename,5,True,27520,862360,22569,31.335755813953487
uf200-860,uf200-019.cnf,200,31.1067,var_rename,6,True,18508,575789,15150,31.11027663712989
uf200-860,uf200-019.cnf,200,31.1067,var_rename,7,True,6366,195821,5132,30.760446120012567
uf200-860,uf200-019.cnf,200,31.1067,var_rename,8,True,83709,2676144,69595,31.969609002616206
uf200-860,uf200-019.cnf,200,31.1067,var_rename,9,True,42106,1331428,34722,31.62086163492139
uf200-860,uf200-019.cnf,200,31.1067,phases,0,True,47189,1478235,38926,31.325838648837653
uf200-860,uf200-019.cnf,200,31.1067,phases,1,True,28014,875472,22992,31.251231527093594
uf200-860,uf200-019.cnf,200,31.1067,phases,2,True,9026,280897,7328,31.120873033458896
uf200-860,uf200-019.cnf,200,31.1067,phases,3,True,39113,1247748,32324,31.9011070488073
uf200-860,uf200-019.cnf,200,31.1067,phases,4,True,17853,556763,14433,31.185963143449282
uf200-860,uf200-019.cnf,200,31.1067,phases,5,True,50036,1592961,41357,31.836297865536814
uf200-860,uf200-019.cnf,200,31.1067,phases,6,True,20148,641543,16667,31.841522731784792
uf200-860,uf200-019.cnf,200,31.1067,phases,7,True,26752,853673,22099,31.910623504784688
uf200-860,uf200-019.cnf,200,31.1067,phases,8,True,44326,1382542,36463,31.19031719532554
uf200-860,uf200-019.cnf,200,31.1067,phases,9,True,42543,1343288,35027,31.574830171826154
uf200-860,uf200-019.cnf,200,31.1067,all,0,True,23333,732281,19229,31.383919770282432
uf200-860,uf200-019.cnf,200,31.1067,all,1,True,24393,764855,19979,31.355511827163532
uf200-860,uf200-019.cnf,200,31.1067,all,2,True,59295,1881446,49239,31.730263934564466
uf200-860,uf200-019.cnf,200,31.1067,all,3,True,48669,1543676,40275,31.717849144219112
uf200-860,uf200-019.cnf,200,31.1067,all,4,True,72907,2305776,60576,31.62626359608817
uf200-860,uf200-019.cnf,200,31.1067,all,5,True,8406,264292,6829,31.440875565072567
uf200-860,uf200-019.cnf,200,31.1067,all,6,True,9734,306890,7896,31.527635093486747
uf200-860,uf200-019.cnf,200,31.1067,all,7,True,50433,1595821,41784,31.642396843336705
uf200-860,uf200-019.cnf,200,31.1067,all,8,True,20999,649071,17152,30.909614743559217
uf200-860,uf200-019.cnf,200,31.1067,all,9,True,63055,2000674,52177,31.729030211719927
uf200-860,uf200-02.cnf,200,31.0181,identical,0,True,462,12951,337,28.032467532467532
uf200-860,uf200-02.cnf,200,31.0181,identical,1,True,462,12951,337,28.032467532467532
uf200-860,uf200-02.cnf,200,31.0181,identical,2,True,462,12951,337,28.032467532467532
uf200-860,uf200-02.cnf,200,31.0181,identical,3,True,462,12951,337,28.032467532467532
uf200-860,uf200-02.cnf,200,31.0181,identical,4,True,462,12951,337,28.032467532467532
uf200-860,uf200-02.cnf,200,31.0181,identical,5,True,462,12951,337,28.032467532467532
uf200-860,uf200-02.cnf,200,31.0181,identical,6,True,462,12951,337,28.032467532467532
uf200-860,uf200-02.cnf,200,31.0181,identical,7,True,462,12951,337,28.032467532467532
uf200-860,uf200-02.cnf,200,31.0181,identical,8,True,462,12951,337,28.032467532467532
uf200-860,uf200-02.cnf,200,31.0181,identical,9,True,462,12951,337,28.032467532467532
uf200-860,uf200-02.cnf,200,31.0181,clause_shuffle,0,True,4060,123514,3324,30.422167487684728
uf200-860,uf200-02.cnf,200,31.0181,clause_shuffle,1,True,8786,271733,7246,30.927953562485772
uf200-860,uf200-02.cnf,200,31.0181,clause_shuffle,2,True,18969,593694,15629,31.298117981970584
uf200-860,uf200-02.cnf,200,31.0181,clause_shuffle,3,True,9198,280921,7430,30.541530767558164
uf200-860,uf200-02.cnf,200,31.0181,clause_shuffle,4,True,695,18775,504,27.014388489208635
uf200-860,uf200-02.cnf,200,31.0181,clause_shuffle,5,True,20684,654394,17004,31.637690968864824
uf200-860,uf200-02.cnf,200,31.0181,clause_shuffle,6,True,791,22800,605,28.824273072060684
uf200-860,uf200-02.cnf,200,31.0181,clause_shuffle,7,True,14207,450550,11733,31.71323995213627
uf200-860,uf200-02.cnf,200,31.0181,clause_shuffle,8,True,21333,675145,17695,31.647916373693338
uf200-860,uf200-02.cnf,200,31.0181,clause_shuffle,9,True,19793,621888,16420,31.419592785328145
uf200-860,uf200-02.cnf,200,31.0181,var_rename,0,True,17414,548009,14331,31.46944986792236
uf200-860,uf200-02.cnf,200,31.0181,var_rename,1,True,20579,650922,17013,31.630399922250838
uf200-860,uf200-02.cnf,200,31.0181,var_rename,2,True,9412,291485,7622,30.96950701232469
uf200-860,uf200-02.cnf,200,31.0181,var_rename,3,True,8486,267372,7008,31.507423992458165
uf200-860,uf200-02.cnf,200,31.0181,var_rename,4,True,12061,370333,9836,30.704999585440678
uf200-860,uf200-02.cnf,200,31.0181,var_rename,5,True,19277,602071,15922,31.232608808424548
uf200-860,uf200-02.cnf,200,31.0181,var_rename,6,True,6184,185305,4986,29.965232858990944
uf200-860,uf200-02.cnf,200,31.0181,var_rename,7,True,1460,45087,1164,30.88150684931507
uf200-860,uf200-02.cnf,200,31.0181,var_rename,8,True,17213,548638,14112,31.87346772788009
uf200-860,uf200-02.cnf,200,31.0181,var_rename,9,True,21587,681911,17852,31.588965581136794
uf200-860,uf200-02.cnf,200,31.0181,phases,0,True,674,19107,492,28.3486646884273
uf200-860,uf200-02.cnf,200,31.0181,phases,1,True,21007,660012,17333,31.418669967153807
uf200-860,uf200-02.cnf,200,31.0181,phases,2,True,5197,166164,4274,31.97306138156629
uf200-860,uf200-02.cnf,200,31.0181,phases,3,True,13831,435885,11304,31.515074831899355
uf200-860,uf200-02.cnf,200,31.0181,phases,4,True,20780,658815,17194,31.704282964388835
uf200-860,uf200-02.cnf,200,31.0181,phases,5,True,2833,88011,2257,31.066360748323333
uf200-860,uf200-02.cnf,200,31.0181,phases,6,True,15895,504677,13130,31.75067631330607
uf200-860,uf200-02.cnf,200,31.0181,phases,7,True,18378,580995,15246,31.613614103819785
uf200-860,uf200-02.cnf,200,31.0181,phases,8,True,6402,199214,5174,31.117463292721023
uf200-860,uf200-02.cnf,200,31.0181,phases,9,True,6687,205571,5343,30.741887243906085
uf200-860,uf200-02.cnf,200,31.0181,all,0,True,22281,707256,18652,31.742560926349803
uf200-860,uf200-02.cnf,200,31.0181,all,1,True,8059,253316,6638,31.432683955825784
uf200-860,uf200-02.cnf,200,31.0181,all,2,True,24254,776057,20144,31.997072647810672
uf200-860,uf200-02.cnf,200,31.0181,all,3,True,13101,421625,10823,32.18265781238073
uf200-860,uf200-02.cnf,200,31.0181,all,4,True,16303,522250,13597,32.033981475802
uf200-860,uf200-02.cnf,200,31.0181,all,5,True,9169,290362,7557,31.66779365252481
uf200-860,uf200-02.cnf,200,31.0181,all,6,True,13299,418709,11002,31.48424693585984
uf200-860,uf200-02.cnf,200,31.0181,all,7,True,17535,545965,14360,31.135728542914173
uf200-860,uf200-02.cnf,200,31.0181,all,8,True,18736,593694,15515,31.687339880444064
uf200-860,uf200-02.cnf,200,31.0181,all,9,True,12133,385357,9881,31.761064864419353
uf200-860,uf200-020.cnf,200,28.2103,identical,0,True,6651,207078,5408,31.13486693730266
uf200-860,uf200-020.cnf,200,28.2103,identical,1,True,6651,207078,5408,31.13486693730266
uf200-860,uf200-020.cnf,200,28.2103,identical,2,True,6651,207078,5408,31.13486693730266
uf200-860,uf200-020.cnf,200,28.2103,identical,3,True,6651,207078,5408,31.13486693730266
uf200-860,uf200-020.cnf,200,28.2103,identical,4,True,6651,207078,5408,31.13486693730266
uf200-860,uf200-020.cnf,200,28.2103,identical,5,True,6651,207078,5408,31.13486693730266
uf200-860,uf200-020.cnf,200,28.2103,identical,6,True,6651,207078,5408,31.13486693730266
uf200-860,uf200-020.cnf,200,28.2103,identical,7,True,6651,207078,5408,31.13486693730266
uf200-860,uf200-020.cnf,200,28.2103,identical,8,True,6651,207078,5408,31.13486693730266
uf200-860,uf200-020.cnf,200,28.2103,identical,9,True,6651,207078,5408,31.13486693730266
uf200-860,uf200-020.cnf,200,28.2103,clause_shuffle,0,True,18330,578571,15214,31.564157119476267
uf200-860,uf200-020.cnf,200,28.2103,clause_shuffle,1,True,20002,636945,16662,31.844065593440657
uf200-860,uf200-020.cnf,200,28.2103,clause_shuffle,2,True,10185,315816,8368,31.007952871870398
uf200-860,uf200-020.cnf,200,28.2103,clause_shuffle,3,True,15560,490200,12863,31.503856041131105
uf200-860,uf200-020.cnf,200,28.2103,clause_shuffle,4,True,720,19638,542,27.275
uf200-860,uf200-020.cnf,200,28.2103,clause_shuffle,5,True,25107,787321,20576,31.35862508463775
uf200-860,uf200-020.cnf,200,28.2103,clause_shuffle,6,True,21284,675220,17863,31.72429994361962
uf200-860,uf200-020.cnf,200,28.2103,clause_shuffle,7,True,9282,291796,7601,31.43675931911226
uf200-860,uf200-020.cnf,200,28.2103,clause_shuffle,8,True,19100,602009,15842,31.518795811518324
uf200-860,uf200-020.cnf,200,28.2103,clause_shuffle,9,True,21947,698585,18230,31.83054631612521
uf200-860,uf200-020.cnf,200,28.2103,var_rename,0,True,25496,809447,21204,31.747999686225292
uf200-860,uf200-020.cnf,200,28.2103,var_rename,1,True,19909,628730,16513,31.58018986388066
uf200-860,uf200-020.cnf,200,28.2103,var_rename,2,True,22081,687882,18233,31.152665187265068
uf200-860,uf200-020.cnf,200,28.2103,var_rename,3,True,18505,574612,15211,31.051715752499323
uf200-860,uf200-020.cnf,200,28.2103,var_rename,4,True,10020,311056,8199,31.043512974051897
uf200-860,uf200-020.cnf,200,28.2103,var_rename,5,True,21916,685260,18142,31.26756707428363
uf200-860,uf200-020.cnf,200,28.2103,var_rename,6,True,4355,132681,3489,30.466360505166474
uf200-860,uf200-020.cnf,200,28.2103,var_rename,7,True,23142,730038,19232,31.546020222971222
uf200-860,uf200-020.cnf,200,28.2103,var_rename,8,True,13972,442281,11476,31.654809619238478
uf200-860,uf200-020.cnf,200,28.2103,var_rename,9,True,12024,382673,9947,31.82576513639388
uf200-860,uf200-020.cnf,200,28.2103,phases,0,True,12593,387667,10258,30.78432462479155
uf200-860,uf200-020.cnf,200,28.2103,phases,1,True,17731,553870,14541,31.237380858383624
uf200-860,uf200-020.cnf,200,28.2103,phases,2,True,13753,432606,11451,31.45539155093434
uf200-860,uf200-020.cnf,200,28.2103,phases,3,True,8769,271787,7132,30.994070019386474
uf200-860,uf200-020.cnf,200,28.2103,phases,4,True,13069,410395,10737,31.402173081337516
uf200-860,uf200-020.cnf,200,28.2103,phases,5,True,14348,445909,11772,31.078129356007807
uf200-860,uf200-020.cnf,200,28.2103,phases,6,True,3321,99144,2622,29.853658536585368
uf200-860,uf200-020.cnf,200,28.2103,phases,7,True,9875,299238,8041,30.30258227848101
uf200-860,uf200-020.cnf,200,28.2103,phases,8,True,21448,673457,17572,31.399524431182396
uf200-860,uf200-020.cnf,200,28.2103,phases,9,True,21184,666031,17606,31.44028512084592
uf200-860,uf200-020.cnf,200,28.2103,all,0,True,11180,339619,9137,30.37737030411449
uf200-860,uf200-020.cnf,200,28.2103,all,1,True,18612,585503,15366,31.4583601977219
uf200-860,uf200-020.cnf,200,28.2103,all,2,True,17968,572035,14829,31.836320124666074
uf200-860,uf200-020.cnf,200,28.2103,all,3,True,30729,966291,25541,31.4455725861564
uf200-860,uf200-020.cnf,200,28.2103,all,4,True,10550,330371,8715,31.31478672985782
uf200-860,uf200-020.cnf,200,28.2103,all,5,True,29380,937713,24470,31.916712049012933
uf200-860,uf200-020.cnf,200,28.2103,all,6,True,4001,122148,3210,30.52936765808548
uf200-860,uf200-020.cnf,200,28.2103,all,7,True,20649,653604,17126,31.653058259479877
uf200-860,uf200-020.cnf,200,28.2103,all,8,True,20053,631075,16704,31.4703535630579
uf200-860,uf200-020.cnf,200,28.2103,all,9,True,21240,683175,17704,32.16454802259887
uf200-860,uf200-021.cnf,200,32.1785,identical,0,True,39385,1218693,31851,30.943074774660403
uf200-860,uf200-021.cnf,200,32.1785,identical,1,True,39385,1218693,31851,30.943074774660403
uf200-860,uf200-021.cnf,200,32.1785,identical,2,True,39385,1218693,31851,30.943074774660403
uf200-860,uf200-021.cnf,200,32.1785,identical,3,True,39385,1218693,31851,30.943074774660403
uf200-860,uf200-021.cnf,200,32.1785,identical,4,True,39385,1218693,31851,30.943074774660403
uf200-860,uf200-021.cnf,200,32.1785,identical,5,True,39385,1218693,31851,30.943074774660403
uf200-860,uf200-021.cnf,200,32.1785,identical,6,True,39385,1218693,31851,30.943074774660403
uf200-860,uf200-021.cnf,200,32.1785,identical,7,True,39385,1218693,31851,30.943074774660403
uf200-860,uf200-021.cnf,200,32.1785,identical,8,True,39385,1218693,31851,30.943074774660403
uf200-860,uf200-021.cnf,200,32.1785,identical,9,True,39385,1218693,31851,30.943074774660403
uf200-860,uf200-021.cnf,200,32.1785,clause_shuffle,0,True,61513,1938804,50259,31.518605823159334
uf200-860,uf200-021.cnf,200,32.1785,clause_shuffle,1,True,11273,357484,9040,31.711523108311894
uf200-860,uf200-021.cnf,200,32.1785,clause_shuffle,2,True,14042,429470,11181,30.584674547785216
uf200-860,uf200-021.cnf,200,32.1785,clause_shuffle,3,True,30792,972998,25013,31.599051701740713
uf200-860,uf200-021.cnf,200,32.1785,clause_shuffle,4,True,26295,829158,21485,31.532915002852253
uf200-860,uf200-021.cnf,200,32.1785,clause_shuffle,5,True,59925,1903294,49023,31.761268251981644
uf200-860,uf200-021.cnf,200,32.1785,clause_shuffle,6,True,125647,4045063,103712,32.193868536455305
uf200-860,uf200-021.cnf,200,32.1785,clause_shuffle,7,True,20458,642066,16574,31.384592824323004
uf200-860,uf200-021.cnf,200,32.1785,clause_shuffle,8,True,116252,3727183,95862,32.061237656126345
uf200-860,uf200-021.cnf,200,32.1785,clause_shuffle,9,True,36604,1165214,29946,31.832969074418095
uf200-860,uf200-021.cnf,200,32.1785,var_rename,0,True,22303,695555,18004,31.18661166659194
uf200-860,uf200-021.cnf,200,32.1785,var_rename,1,True,113782,3655798,93821,32.12984479091596
uf200-860,uf200-021.cnf,200,32.1785,var_rename,2,True,13157,405261,10527,30.801930531276128
uf200-860,uf200-021.cnf,200,32.1785,var_rename,3,True,22687,718285,18536,31.660642658791378
uf200-860,uf200-021.cnf,200,32.1785,var_rename,4,True,6566,194158,5101,29.57021017362169
uf200-860,uf200-021.cnf,200,32.1785,var_rename,5,True,86766,2785171,71379,32.09979715556785
uf200-860,uf200-021.cnf,200,32.1785,var_rename,6,True,87190,2786880,71512,31.963298543410943
uf200-860,uf200-021.cnf,200,32.1785,var_rename,7,True,6230,188508,4915,30.258105939004814
uf200-860,uf200-021.cnf,200,32.1785,var_rename,8,True,13492,415254,10904,30.777794248443524
uf200-860,uf200-021.cnf,200,32.1785,var_rename,9,True,25119,795158,20376,31.655639157609777
uf200-860,uf200-021.cnf,200,32.1785,phases,0,True,17537,539670,13998,30.773222329931002
uf200-860,uf200-021.cnf,200,32.1785,phases,1,True,51658,1648398,42366,31.90983003600604
uf200-860,uf200-021.cnf,200,32.1785,phases,2,True,58173,1862013,47900,32.00819968026404
uf200-860,uf200-021.cnf,200,32.1785,phases,3,True,65619,2090897,53922,31.86420091741721
uf200-860,uf200-021.cnf,200,32.1785,phases,4,True,35085,1108716,28552,31.600855066267634
uf200-860,uf200-021.cnf,200,32.1785,phases,5,True,932,26914,693,28.877682403433475
uf200-860,uf200-021.cnf,200,32.1785,phases,6,True,40672,1285290,33004,31.601347364280095
uf200-860,uf200-021.cnf,200,32.1785,phases,7,True,38370,1203684,31339,31.3704456606724
uf200-860,uf200-021.cnf,200,32.1785,phases,8,True,16868,533599,13635,31.633803651885227
uf200-860,uf200-021.cnf,200,32.1785,phases,9,True,3293,99583,2597,30.24081384755542
uf200-860,uf200-021.cnf,200,32.1785,all,0,True,2038,62601,1595,30.716879293424928
uf200-860,uf200-021.cnf,200,32.1785,all,1,True,63917,2029477,52506,31.751756183800868
uf200-860,uf200-021.cnf,200,32.1785,all,2,True,28705,896603,23241,31.235080996342102
uf200-860,uf200-021.cnf,200,32.1785,all,3,True,12676,391894,10110,30.91621962764279
uf200-860,uf200-021.cnf,200,32.1785,all,4,True,3628,108259,2780,29.839856670341785
uf200-860,uf200-021.cnf,200,32.1785,all,5,True,5604,172570,4458,30.794075660242683
uf200-860,uf200-021.cnf,200,32.1785,all,6,True,24488,771558,20067,31.507595557007512
uf200-860,uf200-021.cnf,200,32.1785,all,7,True,26594,843582,21809,31.720764082123786
uf200-860,uf200-021.cnf,200,32.1785,all,8,True,44456,1418932,36405,31.917671405434586
uf200-860,uf200-021.cnf,200,32.1785,all,9,True,57083,1809227,46792,31.69467266962143
uf200-860,uf200-022.cnf,200,31.7225,identical,0,True,27740,875956,22914,31.577361211247297
uf200-860,uf200-022.cnf,200,31.7225,identical,1,True,27740,875956,22914,31.577361211247297
uf200-860,uf200-022.cnf,200,31.7225,identical,2,True,27740,875956,22914,31.577361211247297
uf200-860,uf200-022.cnf,200,31.7225,identical,3,True,27740,875956,22914,31.577361211247297
uf200-860,uf200-022.cnf,200,31.7225,identical,4,True,27740,875956,22914,31.577361211247297
uf200-860,uf200-022.cnf,200,31.7225,identical,5,True,27740,875956,22914,31.577361211247297
uf200-860,uf200-022.cnf,200,31.7225,identical,6,True,27740,875956,22914,31.577361211247297
uf200-860,uf200-022.cnf,200,31.7225,identical,7,True,27740,875956,22914,31.577361211247297
uf200-860,uf200-022.cnf,200,31.7225,identical,8,True,27740,875956,22914,31.577361211247297
uf200-860,uf200-022.cnf,200,31.7225,identical,9,True,27740,875956,22914,31.577361211247297
uf200-860,uf200-022.cnf,200,31.7225,clause_shuffle,0,True,41341,1329656,34410,32.16313103214726
uf200-860,uf200-022.cnf,200,31.7225,clause_shuffle,1,True,31844,1028138,26448,32.28671021228489
uf200-860,uf200-022.cnf,200,31.7225,clause_shuffle,2,True,51319,1663479,43012,32.414485862935756
uf200-860,uf200-022.cnf,200,31.7225,clause_shuffle,3,True,25246,809495,20979,32.06428741186723
uf200-860,uf200-022.cnf,200,31.7225,clause_shuffle,4,True,21077,662828,17360,31.447929022156853
uf200-860,uf200-022.cnf,200,31.7225,clause_shuffle,5,True,23251,750461,19238,32.27650423637693
uf200-860,uf200-022.cnf,200,31.7225,clause_shuffle,6,True,22149,698658,18258,31.54354598401734
uf200-860,uf200-022.cnf,200,31.7225,clause_shuffle,7,True,49694,1606366,41583,32.32514991749507
uf200-860,uf200-022.cnf,200,31.7225,clause_shuffle,8,True,31490,991260,25884,31.478564623690062
uf200-860,uf200-022.cnf,200,31.7225,clause_shuffle,9,True,23577,743686,19385,31.5428595665267
uf200-860,uf200-022.cnf,200,31.7225,var_rename,0,True,12694,394768,10322,31.098786828422877
uf200-860,uf200-022.cnf,200,31.7225,var_rename,1,True,12272,383580,10088,31.256518904823988
uf200-860,uf200-022.cnf,200,31.7225,var_rename,2,True,1435,41750,1092,29.094076655052266
uf200-860,uf200-022.cnf,200,31.7225,var_rename,3,True,7485,233788,5990,31.23420173680695
uf200-860,uf200-022.cnf,200,31.7225,var_rename,4,True,15144,471920,12376,31.162176439514
uf200-860,uf200-022.cnf,200,31.7225,var_rename,5,True,4529,140223,3700,30.96113932435416
uf200-860,uf200-022.cnf,200,31.7225,var_rename,6,True,24185,762652,20069,31.534091378953896
uf200-860,uf200-022.cnf,200,31.7225,var_rename,7,True,22753,726460,18831,31.928097393750274
uf200-860,uf200-022.cnf,200,31.7225,var_rename,8,True,13086,414653,10699,31.686764481124865
uf200-860,uf200-022.cnf,200,31.7225,var_rename,9,True,40323,1296821,33349,32.1608263274062
uf200-860,uf200-022.cnf,200,31.7225,phases,0,True,28485,905353,23518,31.78350008776549
uf200-860,uf200-022.cnf,200,31.7225,phases,1,True,14070,449004,11578,31.912153518123667
uf200-860,uf200-022.cnf,200,31.7225,phases,2,True,10912,337989,8818,30.97406524926686
uf200-860,uf200-022.cnf,200,31.7225,phases,3,True,20847,675218,17407,32.389216673861945
uf200-860,uf200-022.cnf,200,31.7225,phases,4,True,2397,74832,1888,31.219023779724655
uf200-860,uf200-022.cnf,200,31.7225,phases,5,True,11275,358565,9321,31.801773835920176
uf200-860,uf200-022.cnf,200,31.7225,phases,6,True,5401,171640,4333,31.77930012960563
uf200-860,uf200-022.cnf,200,31.7225,phases,7,True,40861,1305581,33818,31.95176329507354
uf200-860,uf200-022.cnf,200,31.7225,phases,8,True,19545,620609,16082,31.75282680992581
uf200-860,uf200-022.cnf,200,31.7225,phases,9,True,16379,519238,13452,31.701446974784787
uf200-860,uf200-022.cnf,200,31.7225,all,0,True,44073,1418605,36872,32.187620538651785
uf200-860,uf200-022.cnf,200,31.7225,all,1,True,1491,42076,1151,28.21998658618377
uf200-860,uf200-022.cnf,200,31.7225,all,2,True,34708,1102631,28746,31.76878529445661
uf200-860,uf200-022.cnf,200,31.7225,all,3,True,9026,290904,7372,32.22955905162863
uf200-860,uf200-022.cnf,200,31.7225,all,4,True,20642,658935,17016,31.922052126731906
uf200-860,uf200-022.cnf,200,31.7225,all,5,True,6179,192437,5047,31.143712574850298
uf200-860,uf200-022.cnf,200,31.7225,all,6,True,1406,40024,1058,28.466571834992887
uf200-860,uf200-022.cnf,200,31.7225,all,7,True,23471,743234,19413,31.666055983980232
uf200-860,uf200-022.cnf,200,31.7225,all,8,True,23126,737204,19062,31.877713396177462
uf200-860,uf200-022.cnf,200,31.7225,all,9,True,7531,234325,6118,31.114725800026555
uf200-860,uf200-023.cnf,200,31.4548,identical,0,True,15501,484691,12542,31.26836978259467
uf200-860,uf200-023.cnf,200,31.4548,identical,1,True,15501,484691,12542,31.26836978259467
uf200-860,uf200-023.cnf,200,31.4548,identical,2,True,15501,484691,12542,31.26836978259467
uf200-860,uf200-023.cnf,200,31.4548,identical,3,True,15501,484691,12542,31.26836978259467
uf200-860,uf200-023.cnf,200,31.4548,identical,4,True,15501,484691,12542,31.26836978259467
uf200-860,uf200-023.cnf,200,31.4548,identical,5,True,15501,484691,12542,31.26836978259467
uf200-860,uf200-023.cnf,200,31.4548,identical,6,True,15501,484691,12542,31.26836978259467
uf200-860,uf200-023.cnf,200,31.4548,identical,7,True,15501,484691,12542,31.26836978259467
uf200-860,uf200-023.cnf,200,31.4548,identical,8,True,15501,484691,12542,31.26836978259467
uf200-860,uf200-023.cnf,200,31.4548,identical,9,True,15501,484691,12542,31.26836978259467
uf200-860,uf200-023.cnf,200,31.4548,clause_shuffle,0,True,13431,428010,10840,31.867321867321866
uf200-860,uf200-023.cnf,200,31.4548,clause_shuffle,1,True,22690,734405,18700,32.366901718818866
uf200-860,uf200-023.cnf,200,31.4548,clause_shuffle,2,True,6997,212468,5482,30.36558525082178
uf200-860,uf200-023.cnf,200,31.4548,clause_shuffle,3,True,768,21938,568,28.565104166666668
uf200-860,uf200-023.cnf,200,31.4548,clause_shuffle,4,True,3661,112811,2883,30.814258399344443
uf200-860,uf200-023.cnf,200,31.4548,clause_shuffle,5,True,17448,569500,14271,32.63984410820724
uf200-860,uf200-023.cnf,200,31.4548,clause_shuffle,6,True,406,10852,292,26.72906403940887
uf200-860,uf200-023.cnf,200,31.4548,clause_shuffle,7,True,18827,603273,15279,32.04297020236894
uf200-860,uf200-023.cnf,200,31.4548,clause_shuffle,8,True,9248,296423,7455,32.05266003460208
uf200-860,uf200-023.cnf,200,31.4548,clause_shuffle,9,True,11202,356178,9066,31.795929298339583
uf200-860,uf200-023.cnf,200,31.4548,var_rename,0,True,6203,201925,4985,32.55279703369337
uf200-860,uf200-023.cnf,200,31.4548,var_rename,1,True,12777,418922,10417,32.78719574234953
uf200-860,uf200-023.cnf,200,31.4548,var_rename,2,True,6034,185621,4733,30.762512429565795
uf200-860,uf200-023.cnf,200,31.4548,var_rename,3,True,17109,559127,14138,32.68028522999591
uf200-860,uf200-023.cnf,200,31.4548,var_rename,4,True,26625,880408,22077,33.06696713615023
uf200-860,uf200-023.cnf,200,31.4548,var_rename,5,True,19349,622668,15863,32.180887901183524
uf200-860,uf200-023.cnf,200,31.4548,var_rename,6,True,19331,622281,15815,32.19083337644199
uf200-860,uf200-023.cnf,200,31.4548,var_rename,7,True,2188,66354,1672,30.32632541133455
uf200-860,uf200-023.cnf,200,31.4548,var_rename,8,True,8456,272939,6857,32.277554399243144
uf200-860,uf200-023.cnf,200,31.4548,var_rename,9,True,4665,146368,3787,31.37577706323687
uf200-860,uf200-023.cnf,200,31.4548,phases,0,True,6849,221252,5488,32.30427799678785
uf200-860,uf200-023.cnf,200,31.4548,phases,1,True,10878,351594,8787,32.321566464423604
uf200-860,uf200-023.cnf,200,31.4548,phases,2,True,10657,343451,8667,32.227737637233744
uf200-860,uf200-023.cnf,200,31.4548,phases,3,True,2982,90359,2282,30.301475519785377
uf200-860,uf200-023.cnf,200,31.4548,phases,4,True,12520,407102,10244,32.516134185303514
uf200-860,uf200-023.cnf,200,31.4548,phases,5,True,15780,505362,12882,32.025475285171105
uf200-860,uf200-023.cnf,200,31.4548,phases,6,True,12845,408076,10384,31.76924873491631
uf200-860,uf200-023.cnf,200,31.4548,phases,7,True,9430,304209,7604,32.259703075291625
uf200-860,uf200-023.cnf,200,31.4548,phases,8,True,5561,179857,4508,32.342564286998744
uf200-860,uf200-023.cnf,200,31.4548,phases,9,True,48628,1595774,40001,32.81594965863289
uf200-860,uf200-023.cnf,200,31.4548,all,0,True,9434,302702,7659,32.08628365486538
uf200-860,uf200-023.cnf,200,31.4548,all,1,True,4745,150139,3796,31.641517386722867
uf200-860,uf200-023.cnf,200,31.4548,all,2,True,8658,270845,7000,31.282628782628784
uf200-860,uf200-023.cnf,200,31.4548,all,3,True,14594,472337,11891,32.365150061669176
uf200-860,uf200-023.cnf,200,31.4548,all,4,True,6611,209395,5273,31.673725608833763
uf200-860,uf200-023.cnf,200,31.4548,all,5,True,3620,116576,2847,32.203314917127074
uf200-860,uf200-023.cnf,200,31.4548,all,6,True,4712,149730,3745,31.776315789473685
uf200-860,uf200-023.cnf,200,31.4548,all,7,True,22388,735816,18347,32.86653564409505
uf200-860,uf200-023.cnf,200,31.4548,all,8,True,4606,151385,3704,32.86691272253582
uf200-860,uf200-023.cnf,200,31.4548,all,9,True,9055,291962,7267,32.24318056322474
uf200-860,uf200-024.cnf,200,31.8707,identical,0,True,8236,263828,6752,32.03351141330743
uf200-860,uf200-024.cnf,200,31.8707,identical,1,True,8236,263828,6752,32.03351141330743
uf200-860,uf200-024.cnf,200,31.8707,identical,2,True,8236,263828,6752,32.03351141330743
uf200-860,uf200-024.cnf,200,31.8707,identical,3,True,8236,263828,6752,32.03351141330743
uf200-860,uf200-024.cnf,200,31.8707,identical,4,True,8236,263828,6752,32.03351141330743
uf200-860,uf200-024.cnf,200,31.8707,identical,5,True,8236,263828,6752,32.03351141330743
uf200-860,uf200-024.cnf,200,31.8707,identical,6,True,8236,263828,6752,32.03351141330743
uf200-860,uf200-024.cnf,200,31.8707,identical,7,True,8236,263828,6752,32.03351141330743
uf200-860,uf200-024.cnf,200,31.8707,identical,8,True,8236,263828,6752,32.03351141330743
uf200-860,uf200-024.cnf,200,31.8707,identical,9,True,8236,263828,6752,32.03351141330743
uf200-860,uf200-024.cnf,200,31.8707,clause_shuffle,0,True,18030,572639,14741,31.760343871325567
uf200-860,uf200-024.cnf,200,31.8707,clause_shuffle,1,True,29266,949260,24171,32.43559078794505
uf200-860,uf200-024.cnf,200,31.8707,clause_shuffle,2,True,21904,696436,18029,31.794923301680058
uf200-860,uf200-024.cnf,200,31.8707,clause_shuffle,3,True,11865,386671,9787,32.58921196797303
uf200-860,uf200-024.cnf,200,31.8707,clause_shuffle,4,True,39636,1272609,32749,32.107402361489555
uf200-860,uf200-024.cnf,200,31.8707,clause_shuffle,5,True,1006,31926,794,31.73558648111332
uf200-860,uf200-024.cnf,200,31.8707,clause_shuffle,6,True,9971,317246,8157,31.816868919867616
uf200-860,uf200-024.cnf,200,31.8707,clause_shuffle,7,True,32620,1062673,27009,32.57734518700184
uf200-860,uf200-024.cnf,200,31.8707,clause_shuffle,8,True,21904,696437,18029,31.794968955441927
uf200-860,uf200-024.cnf,200,31.8707,clause_shuffle,9,True,22275,728877,18604,32.72175084175084
uf200-860,uf200-024.cnf,200,31.8707,var_rename,0,True,25607,826005,21231,32.257000039051825
uf200-860,uf200-024.cnf,200,31.8707,var_rename,1,True,28375,909998,23439,32.0704140969163
uf200-860,uf200-024.cnf,200,31.8707,var_rename,2,True,34940,1121210,28926,32.08958214081282
uf200-860,uf200-024.cnf,200,31.8707,var_rename,3,True,23399,760119,19340,32.485106201119706
uf200-860,uf200-024.cnf,200,31.8707,var_rename,4,True,19252,615254,15753,31.957926449200084
uf200-860,uf200-024.cnf,200,31.8707,var_rename,5,True,41804,1351062,34727,32.31896469237394
uf200-860,uf200-024.cnf,200,31.8707,var_rename,6,True,9565,313838,7866,32.81108207004705
uf200-860,uf200-024.cnf,200,31.8707,var_rename,7,True,20242,654227,16745,32.32027467641537
uf200-860,uf200-024.cnf,200,31.8707,var_rename,8,True,20196,640882,16524,31.733115468409586
uf200-860,uf200-024.cnf,200,31.8707,var_rename,9,True,28829,912981,23780,31.668840403760104
uf200-860,uf200-024.cnf,200,31.8707,phases,0,True,33789,1093693,28031,32.3683151321436
uf200-860,uf200-024.cnf,200,31.8707,phases,1,True,25550,831256,21141,32.534481409001955
uf200-860,uf200-024.cnf,200,31.8707,phases,2,True,32881,1068005,27163,32.48091603053435
uf200-860,uf200-024.cnf,200,31.8707,phases,3,True,17244,555860,14131,32.234980282996986
uf200-860,uf200-024.cnf,200,31.8707,phases,4,True,13043,423071,10742,32.436632676531474
uf200-860,uf200-024.cnf,200,31.8707,phases,5,True,33205,1076939,27335,32.4330371931938
uf200-860,uf200-024.cnf,200,31.8707,phases,6,True,9324,290573,7606,31.163985413985415
uf200-860,uf200-024.cnf,200,31.8707,phases,7,True,9266,291955,7552,31.508202028922945
uf200-860,uf200-024.cnf,200,31.8707,phases,8,True,9023,291402,7410,32.295467139532306
uf200-860,uf200-024.cnf,200,31.8707,phases,9,True,20847,669604,17206,32.11992133160646
uf200-860,uf200-024.cnf,200,31.8707,all,0,True,42550,1364081,35090,32.058307873090484
uf200-860,uf200-024.cnf,200,31.8707,all,1,True,22773,732327,18806,32.15768673429061
uf200-860,uf200-024.cnf,200,31.8707,all,2,True,31689,1016488,26213,32.076998327495346
uf200-860,uf200-024.cnf,200,31.8707,all,3,True,30108,952490,24626,31.635777866347816
uf200-860,uf200-024.cnf,200,31.8707,all,4,True,20701,660388,16989,31.901260808656588
uf200-860,uf200-024.cnf,200,31.8707,all,5,True,4993,153907,3999,30.824554376126578
uf200-860,uf200-024.cnf,200,31.8707,all,6,True,7476,228943,5881,30.623729266987695
uf200-860,uf200-024.cnf,200,31.8707,all,7,True,21359,692129,17728,32.404560138583264
uf200-860,uf200-024.cnf,200,31.8707,all,8,True,9094,281382,7290,30.941499890037388
uf200-860,uf200-024.cnf,200,31.8707,all,9,True,23547,755482,19484,32.08400220834926
uf200-860,uf200-025.cnf,200,31.6002,identical,0,True,1925,58189,1482,30.22805194805195
uf200-860,uf200-025.cnf,200,31.6002,identical,1,True,1925,58189,1482,30.22805194805195
uf200-860,uf200-025.cnf,200,31.6002,identical,2,True,1925,58189,1482,30.22805194805195
uf200-860,uf200-025.cnf,200,31.6002,identical,3,True,1925,58189,1482,30.22805194805195
uf200-860,uf200-025.cnf,200,31.6002,identical,4,True,1925,58189,1482,30.22805194805195
uf200-860,uf200-025.cnf,200,31.6002,identical,5,True,1925,58189,1482,30.22805194805195
uf200-860,uf200-025.cnf,200,31.6002,identical,6,True,1925,58189,1482,30.22805194805195
uf200-860,uf200-025.cnf,200,31.6002,identical,7,True,1925,58189,1482,30.22805194805195
uf200-860,uf200-025.cnf,200,31.6002,identical,8,True,1925,58189,1482,30.22805194805195
uf200-860,uf200-025.cnf,200,31.6002,identical,9,True,1925,58189,1482,30.22805194805195
uf200-860,uf200-025.cnf,200,31.6002,clause_shuffle,0,True,3736,116804,3001,31.264453961456102
uf200-860,uf200-025.cnf,200,31.6002,clause_shuffle,1,True,4859,148460,3836,30.553611854291006
uf200-860,uf200-025.cnf,200,31.6002,clause_shuffle,2,True,14992,472843,12315,31.539687833511206
uf200-860,uf200-025.cnf,200,31.6002,clause_shuffle,3,True,2314,69308,1799,29.951598962834918
uf200-860,uf200-025.cnf,200,31.6002,clause_shuffle,4,True,3208,99130,2516,30.90087281795511
uf200-860,uf200-025.cnf,200,31.6002,clause_shuffle,5,True,653,18585,466,28.460949464012252
uf200-860,uf200-025.cnf,200,31.6002,clause_shuffle,6,True,3529,112725,2883,31.942476622272597
uf200-860,uf200-025.cnf,200,31.6002,clause_shuffle,7,True,3529,112733,2883,31.944743553414565
uf200-860,uf200-025.cnf,200,31.6002,clause_shuffle,8,True,2807,85447,2189,30.440684004275028
uf200-860,uf200-025.cnf,200,31.6002,clause_shuffle,9,True,1957,59347,1538,30.32549821154829
uf200-860,uf200-025.cnf,200,31.6002,var_rename,0,True,1337,36090,1013,26.99326851159312
uf200-860,uf200-025.cnf,200,31.6002,var_rename,1,True,5019,154995,4089,30.881649731022115
uf200-860,uf200-025.cnf,200,31.6002,var_rename,2,True,4526,139799,3614,30.88798055678303
uf200-860,uf200-025.cnf,200,31.6002,var_rename,3,True,2019,65844,1604,32.61218424962853
uf200-860,uf200-025.cnf,200,31.6002,var_rename,4,True,4639,149042,3790,32.128044837249405
uf200-860,uf200-025.cnf,200,31.6002,var_rename,5,True,359,9226,223,25.6991643454039
uf200-860,uf200-025.cnf,200,31.6002,var_rename,6,True,7691,241376,6192,31.38421531660382
uf200-860,uf200-025.cnf,200,31.6002,var_rename,7,True,2972,89737,2334,30.19414535666218
uf200-860,uf200-025.cnf,200,31.6002,var_rename,8,True,3288,97429,2590,29.63169099756691
uf200-860,uf200-025.cnf,200,31.6002,var_rename,9,True,8884,281540,7322,31.690679873930662
uf200-860,uf200-025.cnf,200,31.6002,phases,0,True,9454,310314,7839,32.823566744235244
uf200-860,uf200-025.cnf,200,31.6002,phases,1,True,7408,235907,6071,31.844897408207345
uf200-860,uf200-025.cnf,200,31.6002,phases,2,True,3310,103888,2646,31.386102719033232
uf200-860,uf200-025.cnf,200,31.6002,phases,3,True,10093,324615,8297,32.16238977509165
uf200-860,uf200-025.cnf,200,31.6002,phases,4,True,3312,101854,2579,30.7530193236715
uf200-860,uf200-025.cnf,200,31.6002,phases,5,True,3873,117515,3080,30.342112057836303
uf200-860,uf200-025.cnf,200,31.6002,phases,6,True,5461,170714,4418,31.260574986266253
uf200-860,uf200-025.cnf,200,31.6002,phases,7,True,2637,81392,2118,30.865377322715208
uf200-860,uf200-025.cnf,200,31.6002,phases,8,True,2429,72630,1925,29.901193906957594
uf200-860,uf200-025.cnf,200,31.6002,phases,9,True,10533,341456,8630,32.41773473844109
uf200-860,uf200-025.cnf,200,31.6002,all,0,True,5977,180647,4726,30.22369081479003
uf200-860,uf200-025.cnf,200,31.6002,all,1,True,1167,30836,843,26.42330762639246
uf200-860,uf200-025.cnf,200,31.6002,all,2,True,787,22054,573,28.02287166454892
uf200-860,uf200-025.cnf,200,31.6002,all,3,True,5681,172554,4528,30.37387783840873
uf200-860,uf200-025.cnf,200,31.6002,all,4,True,8478,267510,6926,31.553432413305025
uf200-860,uf200-025.cnf,200,31.6002,all,5,True,7021,215279,5617,30.66215638797892
uf200-860,uf200-025.cnf,200,31.6002,all,6,True,2950,89945,2318,30.489830508474576
uf200-860,uf200-025.cnf,200,31.6002,all,7,True,7768,250974,6402,32.30870236869207
uf200-860,uf200-025.cnf,200,31.6002,all,8,True,939,29916,731,31.859424920127797
uf200-860,uf200-025.cnf,200,31.6002,all,9,True,8637,276319,7100,31.992474238740304
uf200-860,uf200-026.cnf,200,31.6,identical,0,True,9088,294834,7501,32.44212147887324
uf200-860,uf200-026.cnf,200,31.6,identical,1,True,9088,294834,7501,32.44212147887324
uf200-860,uf200-026.cnf,200,31.6,identical,2,True,9088,294834,7501,32.44212147887324
uf200-860,uf200-026.cnf,200,31.6,identical,3,True,9088,294834,7501,32.44212147887324
uf200-860,uf200-026.cnf,200,31.6,identical,4,True,9088,294834,7501,32.44212147887324
uf200-860,uf200-026.cnf,200,31.6,identical,5,True,9088,294834,7501,32.44212147887324
uf200-860,uf200-026.cnf,200,31.6,identical,6,True,9088,294834,7501,32.44212147887324
uf200-860,uf200-026.cnf,200,31.6,identical,7,True,9088,294834,7501,32.44212147887324
uf200-860,uf200-026.cnf,200,31.6,identical,8,True,9088,294834,7501,32.44212147887324
uf200-860,uf200-026.cnf,200,31.6,identical,9,True,9088,294834,7501,32.44212147887324
uf200-860,uf200-026.cnf,200,31.6,clause_shuffle,0,True,6917,218319,5538,31.562671678473325
uf200-860,uf200-026.cnf,200,31.6,clause_shuffle,1,True,24625,774338,20197,31.44519796954315
uf200-860,uf200-026.cnf,200,31.6,clause_shuffle,2,True,7278,231910,5781,31.864523220665017
uf200-860,uf200-026.cnf,200,31.6,clause_shuffle,3,True,738,19222,532,26.046070460704605
uf200-860,uf200-026.cnf,200,31.6,clause_shuffle,4,True,5775,174458,4572,30.20917748917749
uf200-860,uf200-026.cnf,200,31.6,clause_shuffle,5,True,9197,296649,7412,32.25497444818963
uf200-860,uf200-026.cnf,200,31.6,clause_shuffle,6,True,10213,328427,8286,32.157740135121905
uf200-860,uf200-026.cnf,200,31.6,clause_shuffle,7,True,21434,697136,17680,32.524773723989924
uf200-860,uf200-026.cnf,200,31.6,clause_shuffle,8,True,7735,246515,6257,31.870071105365223
uf200-860,uf200-026.cnf,200,31.6,clause_shuffle,9,True,9057,288827,7353,31.889919399359613
uf200-860,uf200-026.cnf,200,31.6,var_rename,0,True,7614,237867,6025,31.24074074074074
uf200-860,uf200-026.cnf,200,31.6,var_rename,1,True,14997,479615,12215,31.98072947922918
uf200-860,uf200-026.cnf,200,31.6,var_rename,2,True,9229,295155,7476,31.981254740491927
uf200-860,uf200-026.cnf,200,31.6,var_rename,3,True,20760,662021,16962,31.889258188824662
uf200-860,uf200-026.cnf,200,31.6,var_rename,4,True,2342,69310,1778,29.594363791631086
uf200-860,uf200-026.cnf,200,31.6,var_rename,5,True,10752,346537,8782,32.230003720238095
uf200-860,uf200-026.cnf,200,31.6,var_rename,6,True,1039,33124,798,31.88065447545717
uf200-860,uf200-026.cnf,200,31.6,var_rename,7,True,13616,433221,11105,31.81705346650999
uf200-860,uf200-026.cnf,200,31.6,var_rename,8,True,3451,105717,2728,30.63372935381049
uf200-860,uf200-026.cnf,200,31.6,var_rename,9,True,1327,40138,1023,30.24717407686511
uf200-860,uf200-026.cnf,200,31.6,phases,0,True,17206,549873,13953,31.95821225154016
uf200-860,uf200-026.cnf,200,31.6,phases,1,True,2234,70134,1739,31.393912264995524
uf200-860,uf200-026.cnf,200,31.6,phases,2,True,4682,149068,3711,31.838530542503204
uf200-860,uf200-026.cnf,200,31.6,phases,3,True,3597,113469,2872,31.545454545454547
uf200-860,uf200-026.cnf,200,31.6,phases,4,True,7686,240800,6142,31.32969034608379
uf200-860,uf200-026.cnf,200,31.6,phases,5,True,3652,112291,2866,30.747809419496168
uf200-860,uf200-026.cnf,200,31.6,phases,6,True,13874,438066,11140,31.574599971169093
uf200-860,uf200-026.cnf,200,31.6,phases,7,True,4792,150705,3807,31.449290484140235
uf200-860,uf200-026.cnf,200,31.6,phases,8,True,2282,68385,1718,29.967134092900963
uf200-860,uf200-026.cnf,200,31.6,phases,9,True,6583,204916,5282,31.12805711681604
uf200-860,uf200-026.cnf,200,31.6,all,0,True,4680,144060,3711,30.78205128205128
uf200-860,uf200-026.cnf,200,31.6,all,1,True,3775,117434,3027,31.108344370860927
uf200-860,uf200-026.cnf,200,31.6,all,2,True,9285,298589,7590,32.158212170166934
uf200-860,uf200-026.cnf,200,31.6,all,3,True,26478,856232,21803,32.33748772565904
uf200-860,uf200-026.cnf,200,31.6,all,4,True,793,21653,550,27.305170239596467
uf200-860,uf200-026.cnf,200,31.6,all,5,True,10413,333263,8469,32.004513588783254
uf200-860,uf200-026.cnf,200,31.6,all,6,True,15029,469855,12031,31.263224432763323
uf200-860,uf200-026.cnf,200,31.6,all,7,True,22168,722302,18162,32.58309274630098
uf200-860,uf200-026.cnf,200,31.6,all,8,True,2978,90738,2308,30.469442578912023
uf200-860,uf200-026.cnf,200,31.6,all,9,True,5818,181076,4614,31.12341010656583
uf225-960,uf225-01.cnf,225,35.3175,identical,0,True,24569,871977,19886,35.49094387235948
uf225-960,uf225-01.cnf,225,35.3175,identical,1,True,24569,871977,19886,35.49094387235948
uf225-960,uf225-01.cnf,225,35.3175,identical,2,True,24569,871977,19886,35.49094387235948
uf225-960,uf225-01.cnf,225,35.3175,identical,3,True,24569,871977,19886,35.49094387235948
uf225-960,uf225-01.cnf,225,35.3175,identical,4,True,24569,871977,19886,35.49094387235948
uf225-960,uf225-01.cnf,225,35.3175,identical,5,True,24569,871977,19886,35.49094387235948
uf225-960,uf225-01.cnf,225,35.3175,identical,6,True,24569,871977,19886,35.49094387235948
uf225-960,uf225-01.cnf,225,35.3175,identical,7,True,24569,871977,19886,35.49094387235948
uf225-960,uf225-01.cnf,225,35.3175,identical,8,True,24569,871977,19886,35.49094387235948
uf225-960,uf225-01.cnf,225,35.3175,identical,9,True,24569,871977,19886,35.49094387235948
uf225-960,uf225-01.cnf,225,35.3175,clause_shuffle,0,True,62508,2242003,50866,35.86745696550842
uf225-960,uf225-01.cnf,225,35.3175,clause_shuffle,1,True,3454,110722,2603,32.05616676317313
uf225-960,uf225-01.cnf,225,35.3175,clause_shuffle,2,True,24879,872577,20057,35.07283250934523
uf225-960,uf225-01.cnf,225,35.3175,clause_shuffle,3,True,3454,110740,2603,32.06137811233353
uf225-960,uf225-01.cnf,225,35.3175,clause_shuffle,4,True,1635,50963,1214,31.170030581039754
uf225-960,uf225-01.cnf,225,35.3175,clause_shuffle,5,True,7566,256878,5908,33.95162569389373
uf225-960,uf225-01.cnf,225,35.3175,clause_shuffle,6,True,6928,237829,5378,34.3286662817552
uf225-960,uf225-01.cnf,225,35.3175,clause_shuffle,7,True,35305,1247982,28598,35.34859085115423
uf225-960,uf225-01.cnf,225,35.3175,clause_shuffle,8,True,3454,110754,2603,32.06543138390272
uf225-960,uf225-01.cnf,225,35.3175,clause_shuffle,9,True,18721,658008,15112,35.14812242935741
uf225-960,uf225-01.cnf,225,35.3175,var_rename,0,True,30460,1080226,24586,35.46375574523966
uf225-960,uf225-01.cnf,225,35.3175,var_rename,1,True,20751,730701,16722,35.212809021251985
uf225-960,uf225-01.cnf,225,35.3175,var_rename,2,True,9033,308647,7067,34.1688254179121
uf225-960,uf225-01.cnf,225,35.3175,var_rename,3,True,26874,928987,21765,34.56824439979162
uf225-960,uf225-01.cnf,225,35.3175,var_rename,4,True,8203,279449,6466,34.066682920882606
uf225-960,uf225-01.cnf,225,35.3175,var_rename,5,True,8207,288015,6495,35.09382234677714
uf225-960,uf225-01.cnf,225,35.3175,var_rename,6,True,3593,120168,2792,33.445032006679654
uf225-960,uf225-01.cnf,225,35.3175,var_rename,7,True,10156,362791,8065,35.721839306813706
uf225-960,uf225-01.cnf,225,35.3175,var_rename,8,True,14027,489819,11189,34.919726242247094
uf225-960,uf225-01.cnf,225,35.3175,var_rename,9,True,2986,99349,2334,33.271600803750836
uf225-960,uf225-01.cnf,225,35.3175,phases,0,True,1101,34941,798,31.735694822888284
uf225-960,uf225-01.cnf,225,35.3175,phases,1,True,11754,410796,9351,34.94946401225115
uf225-960,uf225-01.cnf,225,35.3175,phases,2,True,9754,336153,7675,34.46309206479393
uf225-960,uf225-01.cnf,225,35.3175,phases,3,True,8162,273727,6327,33.53675569713305
uf225-960,uf225-01.cnf,225,35.3175,phases,4,True,2802,91576,2096,32.682369735902924
uf225-960,uf225-01.cnf,225,35.3175,phases,5,True,1037,35676,780,34.40308582449373
uf225-960,uf225-01.cnf,225,35.3175,phases,6,True,18590,652267,14938,35.08698224852071
uf225-960,uf225-01.cnf,225,35.3175,phases,7,True,10939,383920,8678,35.09644391626291
uf225-960,uf225-01.cnf,225,35.3175,phases,8,True,12067,411713,9570,34.11891936686832
uf225-960,uf225-01.cnf,225,35.3175,phases,9,True,20419,723216,16474,35.418776629609674
uf225-960,uf225-01.cnf,225,35.3175,all,0,True,3415,112985,2639,33.08491947291362
uf225-960,uf225-01.cnf,225,35.3175,all,1,True,20332,718751,16386,35.350727916584695
uf225-960,uf225-01.cnf,225,35.3175,all,2,True,1435,45646,1074,31.809059233449478
uf225-960,uf225-01.cnf,225,35.3175,all,3,True,9068,315404,7286,34.782090868989854
uf225-960,uf225-01.cnf,225,35.3175,all,4,True,19755,692396,15911,35.04915211338901
uf225-960,uf225-01.cnf,225,35.3175,all,5,True,111592,4003779,91190,35.87872786579683
uf225-960,uf225-01.cnf,225,35.3175,all,6,True,13110,458084,10433,34.941571319603355
uf225-960,uf225-01.cnf,225,35.3175,all,7,True,28975,1022480,23306,35.28835202761001
uf225-960,uf225-01.cnf,225,35.3175,all,8,True,1179,35395,818,30.021204410517388
uf225-960,uf225-01.cnf,225,35.3175,all,9,True,42528,1474302,34339,34.666619638826184
uf225-960,uf225-010.cnf,225,34.0764,identical,0,True,123737,4290425,102322,34.67374350436813
uf225-960,uf225-010.cnf,225,34.0764,identical,1,True,123737,4290425,102322,34.67374350436813
uf225-960,uf225-010.cnf,225,34.0764,identical,2,True,123737,4290425,102322,34.67374350436813
uf225-960,uf225-010.cnf,225,34.0764,identical,3,True,123737,4290425,102322,34.67374350436813
uf225-960,uf225-010.cnf,225,34.0764,identical,4,True,123737,4290425,102322,34.67374350436813
uf225-960,uf225-010.cnf,225,34.0764,identical,5,True,123737,4290425,102322,34.67374350436813
uf225-960,uf225-010.cnf,225,34.0764,identical,6,True,123737,4290425,102322,34.67374350436813
uf225-960,uf225-010.cnf,225,34.0764,identical,7,True,123737,4290425,102322,34.67374350436813
uf225-960,uf225-010.cnf,225,34.0764,identical,8,True,123737,4290425,102322,34.67374350436813
uf225-960,uf225-010.cnf,225,34.0764,identical,9,True,123737,4290425,102322,34.67374350436813
uf225-960,uf225-010.cnf,225,34.0764,clause_shuffle,0,True,23521,797174,19034,33.89201139407338
uf225-960,uf225-010.cnf,225,34.0764,clause_shuffle,1,True,36164,1232345,29282,34.07656785753788
uf225-960,uf225-010.cnf,225,34.0764,clause_shuffle,2,True,51990,1781523,42605,34.266647432198496
uf225-960,uf225-010.cnf,225,34.0764,clause_shuffle,3,True,78056,2676515,63989,34.289676642410576
uf225-960,uf225-010.cnf,225,34.0764,clause_shuffle,4,True,61104,2109034,50151,34.515481801518725
uf225-960,uf225-010.cnf,225,34.0764,clause_shuffle,5,True,48131,1648223,39140,34.24452016371985
uf225-960,uf225-010.cnf,225,34.0764,clause_shuffle,6,True,103702,3579604,85062,34.518177084337815
uf225-960,uf225-010.cnf,225,34.0764,clause_shuffle,7,True,36880,1267470,30042,34.36740780911063
uf225-960,uf225-010.cnf,225,34.0764,clause_shuffle,8,True,77744,2674996,63348,34.40774850792344
uf225-960,uf225-010.cnf,225,34.0764,clause_shuffle,9,True,14287,481404,11401,33.6952474277315
uf225-960,uf225-010.cnf,225,34.0764,var_rename,0,True,3439,114372,2647,33.25734225065426
uf225-960,uf225-010.cnf,225,34.0764,var_rename,1,True,171968,5954688,142042,34.6267212504652
uf225-960,uf225-010.cnf,225,34.0764,var_rename,2,True,36788,1265003,29976,34.386294443840384
uf225-960,uf225-010.cnf,225,34.0764,var_rename,3,True,40955,1391322,33131,33.9719692345257
uf225-960,uf225-010.cnf,225,34.0764,var_rename,4,True,106712,3681653,87802,34.50083402054127
uf225-960,uf225-010.cnf,225,34.0764,var_rename,5,True,18312,616248,14705,33.65268676277851
uf225-960,uf225-010.cnf,225,34.0764,var_rename,6,True,153883,5316181,126771,34.54690251684722
uf225-960,uf225-010.cnf,225,34.0764,var_rename,7,True,7755,261528,6127,33.723791102514504
uf225-960,uf225-010.cnf,225,34.0764,var_rename,8,True,313,8201,192,26.201277955271564
uf225-960,uf225-010.cnf,225,34.0764,var_rename,9,True,48600,1664540,39629,34.24979423868313
uf225-960,uf225-010.cnf,225,34.0764,phases,0,True,50322,1744719,41385,34.67109812805533
uf225-960,uf225-010.cnf,225,34.0764,phases,1,True,194802,6760941,160692,34.706732990421045
uf225-960,uf225-010.cnf,225,34.0764,phases,2,True,39369,1347274,31999,34.221697274505324
uf225-960,uf225-010.cnf,225,34.0764,phases,3,True,32967,1139599,26940,34.56787090120424
uf225-960,uf225-010.cnf,225,34.0764,phases,4,True,67772,2322735,55521,34.272782269964
uf225-960,uf225-010.cnf,225,34.0764,phases,5,True,1657,48384,1245,29.1997585998793
uf225-960,uf225-010.cnf,225,34.0764,phases,6,True,52381,1787915,42956,34.132891697371186
uf225-960,uf225-010.cnf,225,34.0764,phases,7,True,36730,1239138,29839,33.73640076231963
uf225-960,uf225-010.cnf,225,34.0764,phases,8,True,98665,3387604,80942,34.334404297369886
uf225-960,uf225-010.cnf,225,34.0764,phases,9,True,14440,491447,11552,34.03372576177285
uf225-960,uf225-010.cnf,225,34.0764,all,0,True,9337,306106,7339,32.784191924601046
uf225-960,uf225-010.cnf,225,34.0764,all,1,True,124509,4323881,103076,34.727457452874894
uf225-960,uf225-010.cnf,225,34.0764,all,2,True,61467,2104754,50100,34.24201604112776
uf225-960,uf225-010.cnf,225,34.0764,all,3,True,26807,922781,21801,34.42313574812549
uf225-960,uf225-010.cnf,225,34.0764,all,4,True,47633,1618569,38724,33.97999286209141
uf225-960,uf225-010.cnf,225,34.0764,all,5,True,29339,1023895,24080,34.89876955588125
uf225-960,uf225-010.cnf,225,34.0764,all,6,True,34462,1176063,28003,34.12637107538738
uf225-960,uf225-010.cnf,225,34.0764,all,7,True,87599,3005043,72015,34.30453543990228
uf225-960,uf225-010.cnf,225,34.0764,all,8,True,22356,766330,18290,34.278493469314725
uf225-960,uf225-010.cnf,225,34.0764,all,9,True,28548,974875,23141,34.14862687403671
uf225-960,uf225-0100.cnf,225,33.7459,identical,0,True,232785,8071496,191484,34.673608694718304
uf225-960,uf225-0100.cnf,225,33.7459,identical,1,True,232785,8071496,191484,34.673608694718304
uf225-960,uf225-0100.cnf,225,33.7459,identical,2,True,232785,8071496,191484,34.673608694718304
uf225-960,uf225-0100.cnf,225,33.7459,identical,3,True,232785,8071496,191484,34.673608694718304
uf225-960,uf225-0100.cnf,225,33.7459,identical,4,True,232785,8071496,191484,34.673608694718304
uf225-960,uf225-0100.cnf,225,33.7459,identical,5,True,232785,8071496,191484,34.673608694718304
uf225-960,uf225-0100.cnf,225,33.7459,identical,6,True,232785,8071496,191484,34.673608694718304
uf225-960,uf225-0100.cnf,225,33.7459,identical,7,True,232785,8071496,191484,34.673608694718304
uf225-960,uf225-0100.cnf,225,33.7459,identical,8,True,232785,8071496,191484,34.673608694718304
uf225-960,uf225-0100.cnf,225,33.7459,identical,9,True,232785,8071496,191484,34.673608694718304
uf225-960,uf225-0100.cnf,225,33.7459,clause_shuffle,0,True,119440,4151054,98587,34.75430341594106
uf225-960,uf225-0100.cnf,225,33.7459,clause_shuffle,1,True,205462,7133557,170046,34.71959291742512
uf225-960,uf225-0100.cnf,225,33.7459,clause_shuffle,2,True,243814,8452453,201427,34.667627781833694
uf225-960,uf225-0100.cnf,225,33.7459,clause_shuffle,3,True,216993,7478575,178802,34.46459102367358
uf225-960,uf225-0100.cnf,225,33.7459,clause_shuffle,4,True,229511,7943196,189390,34.609216987421085
uf225-960,uf225-0100.cnf,225,33.7459,clause_shuffle,5,True,176273,6121657,145556,34.72827375718346
uf225-960,uf225-0100.cnf,225,33.7459,clause_shuffle,6,True,120661,4184047,99690,34.67605108527196
uf225-960,uf225-0100.cnf,225,33.7459,clause_shuffle,7,True,228038,7947921,188057,34.85349371595962
uf225-960,uf225-0100.cnf,225,33.7459,clause_shuffle,8,True,107308,3712122,88178,34.593152421068325
uf225-960,uf225-0100.cnf,225,33.7459,clause_shuffle,9,True,114862,3933445,94485,34.244963521443125
uf225-960,uf225-0100.cnf,225,33.7459,var_rename,0,True,254509,8865250,210855,34.832756405470924
uf225-960,uf225-0100.cnf,225,33.7459,var_rename,1,True,82314,2816050,67199,34.21106980586534
uf225-960,uf225-0100.cnf,225,33.7459,var_rename,2,True,113051,3919978,93332,34.67442127889183
uf225-960,uf225-0100.cnf,225,33.7459,var_rename,3,True,255053,8885647,210934,34.83843358047151
uf225-960,uf225-0100.cnf,225,33.7459,var_rename,4,True,105425,3618423,86617,34.32224804363292
uf225-960,uf225-0100.cnf,225,33.7459,var_rename,5,True,187706,6515894,154801,34.71329632510415
uf225-960,uf225-0100.cnf,225,33.7459,var_rename,6,True,19372,656236,15491,33.87549039851332
uf225-960,uf225-0100.cnf,225,33.7459,var_rename,7,True,37300,1291015,30453,34.61166219839142
uf225-960,uf225-0100.cnf,225,33.7459,var_rename,8,True,84165,2873628,68801,34.142790946355376
uf225-960,uf225-0100.cnf,225,33.7459,var_rename,9,True,112092,3888642,92569,34.69152125040146
uf225-960,uf225-0100.cnf,225,33.7459,phases,0,True,113041,3908739,92843,34.57806459603153
uf225-960,uf225-0100.cnf,225,33.7459,phases,1,True,293546,10198595,242930,34.742749006969945
uf225-960,uf225-0100.cnf,225,33.7459,phases,2,True,123436,4305764,102148,34.8825626235458
uf225-960,uf225-0100.cnf,225,33.7459,phases,3,True,316483,11012693,262486,34.79710758555752
uf225-960,uf225-0100.cnf,225,33.7459,phases,4,True,50287,1728409,41328,34.37089108517112
uf225-960,uf225-0100.cnf,225,33.7459,phases,5,True,58331,1986783,47816,34.06049956283966
uf225-960,uf225-0100.cnf,225,33.7459,phases,6,True,249184,8656589,206428,34.73974653268267
uf225-960,uf225-0100.cnf,225,33.7459,phases,7,True,51401,1755437,42113,34.151806385089785
uf225-960,uf225-0100.cnf,225,33.7459,phases,8,True,117433,4073483,96522,34.68771980618736
uf225-960,uf225-0100.cnf,225,33.7459,phases,9,True,147914,5165192,122062,34.920237435266436
uf225-960,uf225-0100.cnf,225,33.7459,all,0,True,262905,9080564,217120,34.539335501416865
uf225-960,uf225-0100.cnf,225,33.7459,all,1,True,255606,8875537,211026,34.723508055366466
uf225-960,uf225-0100.cnf,225,33.7459,all,2,True,49835,1714363,40600,34.400782582522325
uf225-960,uf225-0100.cnf,225,33.7459,all,3,True,13753,469050,11096,34.10528611939213
uf225-960,uf225-0100.cnf,225,33.7459,all,4,True,230603,8071526,190642,35.00182564840874
uf225-960,uf225-0100.cnf,225,33.7459,all,5,True,51444,1754372,41820,34.102558121452454
uf225-960,uf225-0100.cnf,225,33.7459,all,6,True,269997,9431928,223842,34.93345481616463
uf225-960,uf225-0100.cnf,225,33.7459,all,7,True,361769,12591968,300456,34.80665286412047
uf225-960,uf225-0100.cnf,225,33.7459,all,8,True,268981,9440771,223437,35.098282034790564
uf225-960,uf225-0100.cnf,225,33.7459,all,9,True,51877,1796492,42686,34.629835958131736
uf225-960,uf225-011.cnf,225,33.1239,identical,0,True,19942,657347,15872,32.962942533346705
uf225-960,uf225-011.cnf,225,33.1239,identical,1,True,19942,657347,15872,32.962942533346705
uf225-960,uf225-011.cnf,225,33.1239,identical,2,True,19942,657347,15872,32.962942533346705
uf225-960,uf225-011.cnf,225,33.1239,identical,3,True,19942,657347,15872,32.962942533346705
uf225-960,uf225-011.cnf,225,33.1239,identical,4,True,19942,657347,15872,32.962942533346705
uf225-960,uf225-011.cnf,225,33.1239,identical,5,True,19942,657347,15872,32.962942533346705
uf225-960,uf225-011.cnf,225,33.1239,identical,6,True,19942,657347,15872,32.962942533346705
uf225-960,uf225-011.cnf,225,33.1239,identical,7,True,19942,657347,15872,32.962942533346705
uf225-960,uf225-011.cnf,225,33.1239,identical,8,True,19942,657347,15872,32.962942533346705
uf225-960,uf225-011.cnf,225,33.1239,identical,9,True,19942,657347,15872,32.962942533346705
uf225-960,uf225-011.cnf,225,33.1239,clause_shuffle,0,True,21547,727295,17504,33.753886851997954
uf225-960,uf225-011.cnf,225,33.1239,clause_shuffle,1,True,19874,669884,16043,33.706551273020025
uf225-960,uf225-011.cnf,225,33.1239,clause_shuffle,2,True,10983,367250,8763,33.438040608212695
uf225-960,uf225-011.cnf,225,33.1239,clause_shuffle,3,True,61669,2109399,50730,34.2051760203668
uf225-960,uf225-011.cnf,225,33.1239,clause_shuffle,4,True,14052,470158,11263,33.458440079703955
uf225-960,uf225-011.cnf,225,33.1239,clause_shuffle,5,True,6459,207603,5103,32.141662796098466
uf225-960,uf225-011.cnf,225,33.1239,clause_shuffle,6,True,13731,469479,11226,34.19117325759231
uf225-960,uf225-011.cnf,225,33.1239,clause_shuffle,7,True,25336,857314,20702,33.837780233659615
uf225-960,uf225-011.cnf,225,33.1239,clause_shuffle,8,True,20533,701559,16738,34.167389080991576
uf225-960,uf225-011.cnf,225,33.1239,clause_shuffle,9,True,22194,750944,17983,33.835451022798956
uf225-960,uf225-011.cnf,225,33.1239,var_rename,0,True,15614,520900,12624,33.3610862046881
uf225-960,uf225-011.cnf,225,33.1239,var_rename,1,True,19033,634109,15156,33.31629275468922
uf225-960,uf225-011.cnf,225,33.1239,var_rename,2,True,34532,1172904,28263,33.96571296189042
uf225-960,uf225-011.cnf,225,33.1239,var_rename,3,True,37652,1293424,30663,34.352066291299266
uf225-960,uf225-011.cnf,225,33.1239,var_rename,4,True,13392,446613,10792,33.34923835125448
uf225-960,uf225-011.cnf,225,33.1239,var_rename,5,True,59167,2022920,48501,34.19000456335457
uf225-960,uf225-011.cnf,225,33.1239,var_rename,6,True,12195,403889,9681,33.119229192291925
uf225-960,uf225-011.cnf,225,33.1239,var_rename,7,True,37707,1297846,30764,34.419232503248736
uf225-960,uf225-011.cnf,225,33.1239,var_rename,8,True,10625,351795,8438,33.11011764705882
uf225-960,uf225-011.cnf,225,33.1239,var_rename,9,True,22917,782365,18773,34.139067068115374
uf225-960,uf225-011.cnf,225,33.1239,phases,0,True,75839,2613992,62393,34.46764857131555
uf225-960,uf225-011.cnf,225,33.1239,phases,1,True,13735,460079,11039,33.496832908627596
uf225-960,uf225-011.cnf,225,33.1239,phases,2,True,3853,129727,3082,33.66908902154166
uf225-960,uf225-011.cnf,225,33.1239,phases,3,True,79543,2735228,65327,34.38678450649334
uf225-960,uf225-011.cnf,225,33.1239,phases,4,True,22846,776251,18618,33.977545303335376
uf225-960,uf225-011.cnf,225,33.1239,phases,5,True,42600,1455975,34958,34.17781690140845
uf225-960,uf225-011.cnf,225,33.1239,phases,6,True,20114,664783,16237,33.05076066421398
uf225-960,uf225-011.cnf,225,33.1239,phases,7,True,16846,566612,13558,33.63480945031461
uf225-960,uf225-011.cnf,225,33.1239,phases,8,True,11669,394337,9371,33.79355557459937
uf225-960,uf225-011.cnf,225,33.1239,phases,9,True,44533,1534917,36759,34.466957088002154
uf225-960,uf225-011.cnf,225,33.1239,all,0,True,55439,1936081,45839,34.92272587889392
uf225-960,uf225-011.cnf,225,33.1239,all,1,True,25160,853777,20535,33.93390302066773
uf225-960,uf225-011.cnf,225,33.1239,all,2,True,9281,307523,7402,33.13468376252559
uf225-960,uf225-011.cnf,225,33.1239,all,3,True,37756,1266833,30636,33.55315711410107
uf225-960,uf225-011.cnf,225,33.1239,all,4,True,7516,244974,5989,32.59366684406599
uf225-960,uf225-011.cnf,225,33.1239,all,5,True,9598,320422,7701,33.384246718066265
uf225-960,uf225-011.cnf,225,33.1239,all,6,True,27706,932390,22441,33.65299935032123
uf225-960,uf225-011.cnf,225,33.1239,all,7,True,8810,286731,7005,32.5460839954597
uf225-960,uf225-011.cnf,225,33.1239,all,8,True,12699,427458,10193,33.6607606898181
uf225-960,uf225-011.cnf,225,33.1239,all,9,True,57930,1984970,47519,34.264974969791126
uf225-960,uf225-012.cnf,225,32.657,identical,0,True,50952,1768431,42072,34.70778379651436
uf225-960,uf225-012.cnf,225,32.657,identical,1,True,50952,1768431,42072,34.70778379651436
uf225-960,uf225-012.cnf,225,32.657,identical,2,True,50952,1768431,42072,34.70778379651436
uf225-960,uf225-012.cnf,225,32.657,identical,3,True,50952,1768431,42072,34.70778379651436
uf225-960,uf225-012.cnf,225,32.657,identical,4,True,50952,1768431,42072,34.70778379651436
uf225-960,uf225-012.cnf,225,32.657,identical,5,True,50952,1768431,42072,34.70778379651436
uf225-960,uf225-012.cnf,225,32.657,identical,6,True,50952,1768431,42072,34.70778379651436
uf225-960,uf225-012.cnf,225,32.657,identical,7,True,50952,1768431,42072,34.70778379651436
uf225-960,uf225-012.cnf,225,32.657,identical,8,True,50952,1768431,42072,34.70778379651436
uf225-960,uf225-012.cnf,225,32.657,identical,9,True,50952,1768431,42072,34.70778379651436
uf225-960,uf225-012.cnf,225,32.657,clause_shuffle,0,True,104707,3616225,86424,34.53661168785277
uf225-960,uf225-012.cnf,225,32.657,clause_shuffle,1,True,140661,4895866,116609,34.80613674010564
uf225-960,uf225-012.cnf,225,32.657,clause_shuffle,2,True,8082,268187,6440,33.18324672110864
uf225-960,uf225-012.cnf,225,32.657,clause_shuffle,3,True,72535,2463787,59323,33.96687116564417
uf225-960,uf225-012.cnf,225,32.657,clause_shuffle,4,True,141889,4968847,117863,35.01925448766289
uf225-960,uf225-012.cnf,225,32.657,clause_shuffle,5,True,33333,1134664,27179,34.04026040260403
uf225-960,uf225-012.cnf,225,32.657,clause_shuffle,6,True,7258,240189,5740,33.093000826674015
uf225-960,uf225-012.cnf,225,32.657,clause_shuffle,7,True,111467,3809371,91495,34.174876869387354
uf225-960,uf225-012.cnf,225,32.657,clause_shuffle,8,True,128824,4498314,106905,34.91829162267901
uf225-960,uf225-012.cnf,225,32.657,clause_shuffle,9,True,63802,2185024,52559,34.24695150622237
uf225-960,uf225-012.cnf,225,32.657,var_rename,0,True,1010,32832,774,32.50693069306931
uf225-960,uf225-012.cnf,225,32.657,var_rename,1,True,184927,6428588,153507,34.76284155369416
uf225-960,uf225-012.cnf,225,32.657,var_rename,2,True,169368,5897521,140501,34.820751263520854
uf225-960,uf225-012.cnf,225,32.657,var_rename,3,True,112095,3905859,92630,34.84418573531379
uf225-960,uf225-012.cnf,225,32.657,var_rename,4,True,149065,5169975,123841,34.68268875993694
uf225-960,uf225-012.cnf,225,32.657,var_rename,5,True,33630,1156300,27412,34.38299137674695
uf225-960,uf225-012.cnf,225,32.657,var_rename,6,True,11442,383936,9178,33.55497290683447
uf225-960,uf225-012.cnf,225,32.657,var_rename,7,True,140994,4893744,116489,34.70888122898847
uf225-960,uf225-012.cnf,225,32.657,var_rename,8,True,177740,6188763,146988,34.81919095307753
uf225-960,uf225-012.cnf,225,32.657,var_rename,9,True,118012,4074548,97428,34.52655662136054
uf225-960,uf225-012.cnf,225,32.657,phases,0,True,54010,1878590,44486,34.78226254397334
uf225-960,uf225-012.cnf,225,32.657,phases,1,True,102413,3539250,84473,34.55860095886264
uf225-960,uf225-012.cnf,225,32.657,phases,2,True,152524,5311575,126327,34.82451941989457
uf225-960,uf225-012.cnf,225,32.657,phases,3,True,8333,280842,6710,33.70238809552382
uf225-960,uf225-012.cnf,225,32.657,phases,4,True,44631,1535727,36585,34.40942394299926
uf225-960,uf225-012.cnf,225,32.657,phases,5,True,9146,307272,7357,33.59632626284715
uf225-960,uf225-012.cnf,225,32.657,phases,6,True,146341,5068029,121421,34.631641166863695
uf225-960,uf225-012.cnf,225,32.657,phases,7,True,71632,2452929,58841,34.24348056734421
uf225-960,uf225-012.cnf,225,32.657,phases,8,True,187453,6539957,155302,34.888516054691046
uf225-960,uf225-012.cnf,225,32.657,phases,9,True,71923,2463637,59015,34.25381310568247
uf225-960,uf225-012.cnf,225,32.657,all,0,True,147277,5141168,121666,34.90815266470664
uf225-960,uf225-012.cnf,225,32.657,all,1,True,165904,5752441,137312,34.67331107146301
uf225-960,uf225-012.cnf,225,32.657,all,2,True,74292,2557408,61031,34.42373337640661
uf225-960,uf225-012.cnf,225,32.657,all,3,True,122245,4277111,101213,34.988024050063395
uf225-960,uf225-012.cnf,225,32.657,all,4,True,80103,2753754,65831,34.37766375791169
uf225-960,uf225-012.cnf,225,32.657,all,5,True,118575,4088765,98022,34.482521610794855
uf225-960,uf225-012.cnf,225,32.657,all,6,True,104127,3611505,86063,34.68365553602812
uf225-960,uf225-012.cnf,225,32.657,all,7,True,87238,3016715,71837,34.58028611384947
uf225-960,uf225-012.cnf,225,32.657,all,8,True,32846,1130955,26792,34.43204652012422
uf225-960,uf225-012.cnf,225,32.657,all,9,True,71711,2464669,58927,34.369469119103066
uf225-960,uf225-013.cnf,225,33.9642,identical,0,True,14442,488044,11630,33.79338041822462
uf225-960,uf225-013.cnf,225,33.9642,identical,1,True,14442,488044,11630,33.79338041822462
uf225-960,uf225-013.cnf,225,33.9642,identical,2,True,14442,488044,11630,33.79338041822462
uf225-960,uf225-013.cnf,225,33.9642,identical,3,True,14442,488044,11630,33.79338041822462
uf225-960,uf225-013.cnf,225,33.9642,identical,4,True,14442,488044,11630,33.79338041822462
uf225-960,uf225-013.cnf,225,33.9642,identical,5,True,14442,488044,11630,33.79338041822462
uf225-960,uf225-013.cnf,225,33.9642,identical,6,True,14442,488044,11630,33.79338041822462
uf225-960,uf225-013.cnf,225,33.9642,identical,7,True,14442,488044,11630,33.79338041822462
uf225-960,uf225-013.cnf,225,33.9642,identical,8,True,14442,488044,11630,33.79338041822462
uf225-960,uf225-013.cnf,225,33.9642,identical,9,True,14442,488044,11630,33.79338041822462
uf225-960,uf225-013.cnf,225,33.9642,clause_shuffle,0,True,61916,2150390,51268,34.730764261257185
uf225-960,uf225-013.cnf,225,33.9642,clause_shuffle,1,True,12700,437065,10195,34.414566929133855
uf225-960,uf225-013.cnf,225,33.9642,clause_shuffle,2,True,14245,472281,11291,33.154159354159354
uf225-960,uf225-013.cnf,225,33.9642,clause_shuffle,3,True,4008,133141,3128,33.2188123752495
uf225-960,uf225-013.cnf,225,33.9642,clause_shuffle,4,True,52447,1838007,43427,35.04503594104525
uf225-960,uf225-013.cnf,225,33.9642,clause_shuffle,5,True,3654,122853,2927,33.62151067323481
uf225-960,uf225-013.cnf,225,33.9642,clause_shuffle,6,True,1978,64091,1489,32.401921132457026
uf225-960,uf225-013.cnf,225,33.9642,clause_shuffle,7,True,5061,173201,4035,34.22268326417704
uf225-960,uf225-013.cnf,225,33.9642,clause_shuffle,8,True,15706,539296,12793,34.33694129631988
uf225-960,uf225-013.cnf,225,33.9642,clause_shuffle,9,True,8585,290552,6850,33.844146767617936
uf225-960,uf225-013.cnf,225,33.9642,var_rename,0,True,47651,1646648,39233,34.55642064174938
uf225-960,uf225-013.cnf,225,33.9642,var_rename,1,True,5387,176269,4210,32.72118062001114
uf225-960,uf225-013.cnf,225,33.9642,var_rename,2,True,17612,599945,14260,34.064558255734724
uf225-960,uf225-013.cnf,225,33.9642,var_rename,3,True,25498,887377,20936,34.801827594321125
uf225-960,uf225-013.cnf,225,33.9642,var_rename,4,True,30761,1047756,25202,34.06118136601541
uf225-960,uf225-013.cnf,225,33.9642,var_rename,5,True,17254,571213,13893,33.106120319925814
uf225-960,uf225-013.cnf,225,33.9642,var_rename,6,True,15866,550105,12866,34.67193999747889
uf225-960,uf225-013.cnf,225,33.9642,var_rename,7,True,45341,1570888,37189,34.64608191261772
uf225-960,uf225-013.cnf,225,33.9642,var_rename,8,True,23831,829931,19526,34.82568922831606
uf225-960,uf225-013.cnf,225,33.9642,var_rename,9,True,737,23048,545,31.272727272727273
uf225-960,uf225-013.cnf,225,33.9642,phases,0,True,10226,354103,8248,34.62771367103462
uf225-960,uf225-013.cnf,225,33.9642,phases,1,True,72696,2533225,59946,34.846827885990976
uf225-960,uf225-013.cnf,225,33.9642,phases,2,True,4868,161648,3799,33.206244864420704
uf225-960,uf225-013.cnf,225,33.9642,phases,3,True,10247,344790,8185,33.64789694544745
uf225-960,uf225-013.cnf,225,33.9642,phases,4,True,10031,341466,8022,34.0410726747084
uf225-960,uf225-013.cnf,225,33.9642,phases,5,True,19614,681644,15975,34.75293157948404
uf225-960,uf225-013.cnf,225,33.9642,phases,6,True,7403,254983,5882,34.44319870322842
uf225-960,uf225-013.cnf,225,33.9642,phases,7,True,13033,435613,10524,33.423847157216294
uf225-960,uf225-013.cnf,225,33.9642,phases,8,True,19036,661165,15473,34.73234923303215
uf225-960,uf225-013.cnf,225,33.9642,phases,9,True,2395,74406,1771,31.067223382045928
uf225-960,uf225-013.cnf,225,33.9642,all,0,True,11927,408608,9651,34.25907604594617
uf225-960,uf225-013.cnf,225,33.9642,all,1,True,3205,106894,2510,33.35226209048362
uf225-960,uf225-013.cnf,225,33.9642,all,2,True,5772,190211,4564,32.954088704088704
uf225-960,uf225-013.cnf,225,33.9642,all,3,True,1944,62766,1409,32.28703703703704
uf225-960,uf225-013.cnf,225,33.9642,all,4,True,2255,69477,1691,30.81019955654102
uf225-960,uf225-013.cnf,225,33.9642,all,5,True,2863,91233,2181,31.86622424030737
uf225-960,uf225-013.cnf,225,33.9642,all,6,True,34936,1193418,28658,34.16012136478131
uf225-960,uf225-013.cnf,225,33.9642,all,7,True,29896,1030488,24414,34.469092855231466
uf225-960,uf225-013.cnf,225,33.9642,all,8,True,570,16369,399,28.717543859649123
uf225-960,uf225-013.cnf,225,33.9642,all,9,True,6101,203562,4877,33.365349942632356
uf225-960,uf225-014.cnf,225,33.811,identical,0,True,8983,294986,7191,32.83825002783035
uf225-960,uf225-014.cnf,225,33.811,identical,1,True,8983,294986,7191,32.83825002783035
uf225-960,uf225-014.cnf,225,33.811,identical,2,True,8983,294986,7191,32.83825002783035
uf225-960,uf225-014.cnf,225,33.811,identical,3,True,8983,294986,7191,32.83825002783035
uf225-960,uf225-014.cnf,225,33.811,identical,4,True,8983,294986,7191,32.83825002783035
uf225-960,uf225-014.cnf,225,33.811,identical,5,True,8983,294986,7191,32.83825002783035
uf225-960,uf225-014.cnf,225,33.811,identical,6,True,8983,294986,7191,32.83825002783035
uf225-960,uf225-014.cnf,225,33.811,identical,7,True,8983,294986,7191,32.83825002783035
uf225-960,uf225-014.cnf,225,33.811,identical,8,True,8983,294986,7191,32.83825002783035
uf225-960,uf225-014.cnf,225,33.811,identical,9,True,8983,294986,7191,32.83825002783035
uf225-960,uf225-014.cnf,225,33.811,clause_shuffle,0,True,26259,898279,21408,34.20842377851403
uf225-960,uf225-014.cnf,225,33.811,clause_shuffle,1,True,15576,522644,12595,33.55444273240884
uf225-960,uf225-014.cnf,225,33.811,clause_shuffle,2,True,12934,430799,10408,33.30748415030153
uf225-960,uf225-014.cnf,225,33.811,clause_shuffle,3,True,7404,245467,5948,33.15329551593733
uf225-960,uf225-014.cnf,225,33.811,clause_shuffle,4,True,66691,2274595,55186,34.10647613621028
uf225-960,uf225-014.cnf,225,33.811,clause_shuffle,5,True,3938,126558,3071,32.13763331640427
uf225-960,uf225-014.cnf,225,33.811,clause_shuffle,6,True,33839,1145372,27754,33.847690534590264
uf225-960,uf225-014.cnf,225,33.811,clause_shuffle,7,True,585,17059,418,29.16068376068376
uf225-960,uf225-014.cnf,225,33.811,clause_shuffle,8,True,21046,706394,17102,33.564287750641455
uf225-960,uf225-014.cnf,225,33.811,clause_shuffle,9,True,4845,159587,3828,32.938493292053664
uf225-960,uf225-014.cnf,225,33.811,var_rename,0,True,51887,1781714,42851,34.33835064659741
uf225-960,uf225-014.cnf,225,33.811,var_rename,1,True,12296,412291,9889,33.53049772283669
uf225-960,uf225-014.cnf,225,33.811,var_rename,2,True,19550,662701,15958,33.89774936061381
uf225-960,uf225-014.cnf,225,33.811,var_rename,3,True,47634,1624530,39367,34.10442121173951
uf225-960,uf225-014.cnf,225,33.811,var_rename,4,True,19631,663159,15931,33.78121338698997
uf225-960,uf225-014.cnf,225,33.811,var_rename,5,True,17407,589103,14120,33.84287930143046
uf225-960,uf225-014.cnf,225,33.811,var_rename,6,True,18371,620007,14857,33.74922432094061
uf225-960,uf225-014.cnf,225,33.811,var_rename,7,True,61606,2096638,50560,34.03301626464955
uf225-960,uf225-014.cnf,225,33.811,var_rename,8,True,42394,1441056,34745,33.99197999716941
uf225-960,uf225-014.cnf,225,33.811,var_rename,9,True,44902,1535688,37081,34.20088192062715
uf225-960,uf225-014.cnf,225,33.811,phases,0,True,42847,1470613,35255,34.322426307559454
uf225-960,uf225-014.cnf,225,33.811,phases,1,True,13912,469455,11311,33.7446089706728
uf225-960,uf225-014.cnf,225,33.811,phases,2,True,44741,1535953,36969,34.32987639972285
uf225-960,uf225-014.cnf,225,33.811,phases,3,True,6533,218187,5215,33.39767335068116
uf225-960,uf225-014.cnf,225,33.811,phases,4,True,3598,116831,2808,32.471095052807115
uf225-960,uf225-014.cnf,225,33.811,phases,5,True,2174,70557,1708,32.454921803127874
uf225-960,uf225-014.cnf,225,33.811,phases,6,True,56463,1952663,46714,34.58305438960027
uf225-960,uf225-014.cnf,225,33.811,phases,7,True,3513,111685,2732,31.791915741531454
uf225-960,uf225-014.cnf,225,33.811,phases,8,True,15834,533343,12973,33.68340280409246
uf225-960,uf225-014.cnf,225,33.811,phases,9,True,46096,1557504,37826,33.78826796251302
uf225-960,uf225-014.cnf,225,33.811,all,0,True,39308,1340699,32165,34.10753536175842
uf225-960,uf225-014.cnf,225,33.811,all,1,True,54984,1895760,45646,34.47839371453514
uf225-960,uf225-014.cnf,225,33.811,all,2,True,17288,584526,14030,33.811082832022215
uf225-960,uf225-014.cnf,225,33.811,all,3,True,38767,1332241,32045,34.36533649753657
uf225-960,uf225-014.cnf,225,33.811,all,4,True,48628,1667382,40046,34.288516903841405
uf225-960,uf225-014.cnf,225,33.811,all,5,True,554,16729,391,30.196750902527075
uf225-960,uf225-014.cnf,225,33.811,all,6,True,40440,1383220,32974,34.204253214638975
uf225-960,uf225-014.cnf,225,33.811,all,7,True,23601,788460,19118,33.40790644464218
uf225-960,uf225-014.cnf,225,33.811,all,8,True,21914,739155,17785,33.7298074290408
uf225-960,uf225-014.cnf,225,33.811,all,9,True,9612,330205,7914,34.35341240116521
uf225-960,uf225-015.cnf,225,34.5034,identical,0,True,76928,2720507,63536,35.364327683028286
uf225-960,uf225-015.cnf,225,34.5034,identical,1,True,76928,2720507,63536,35.364327683028286
uf225-960,uf225-015.cnf,225,34.5034,identical,2,True,76928,2720507,63536,35.364327683028286
uf225-960,uf225-015.cnf,225,34.5034,identical,3,True,76928,2720507,63536,35.364327683028286
uf225-960,uf225-015.cnf,225,34.5034,identical,4,True,76928,2720507,63536,35.364327683028286
uf225-960,uf225-015.cnf,225,34.5034,identical,5,True,76928,2720507,63536,35.364327683028286
uf225-960,uf225-015.cnf,225,34.5034,identical,6,True,76928,2720507,63536,35.364327683028286
uf225-960,uf225-015.cnf,225,34.5034,identical,7,True,76928,2720507,63536,35.364327683028286
uf225-960,uf225-015.cnf,225,34.5034,identical,8,True,76928,2720507,63536,35.364327683028286
uf225-960,uf225-015.cnf,225,34.5034,identical,9,True,76928,2720507,63536,35.364327683028286
uf225-960,uf225-015.cnf,225,34.5034,clause_shuffle,0,True,13937,485862,11296,34.86130444141494
uf225-960,uf225-015.cnf,225,34.5034,clause_shuffle,1,True,31537,1115096,25964,35.358340996290075
uf225-960,uf225-015.cnf,225,34.5034,clause_shuffle,2,True,6931,233938,5574,33.75241667868995
uf225-960,uf225-015.cnf,225,34.5034,clause_shuffle,3,True,36244,1271749,29680,35.088538792627745
uf225-960,uf225-015.cnf,225,34.5034,clause_shuffle,4,True,148816,5299872,123515,35.61358993656596
uf225-960,uf225-015.cnf,225,34.5034,clause_shuffle,5,True,61273,2130322,50217,34.76771171641669
uf225-960,uf225-015.cnf,225,34.5034,clause_shuffle,6,True,13431,458328,10828,34.12463703372794
uf225-960,uf225-015.cnf,225,34.5034,clause_shuffle,7,True,72615,2557904,59800,35.22555945741238
uf225-960,uf225-015.cnf,225,34.5034,clause_shuffle,8,True,2961,95561,2249,32.27321850726106
uf225-960,uf225-015.cnf,225,34.5034,clause_shuffle,9,True,63716,2250502,52420,35.32082993282692
uf225-960,uf225-015.cnf,225,34.5034,var_rename,0,True,76823,2698191,63130,35.12217695221483
uf225-960,uf225-015.cnf,225,34.5034,var_rename,1,True,32047,1129175,26112,35.23496739164352
uf225-960,uf225-015.cnf,225,34.5034,var_rename,2,True,35798,1253695,29367,35.02136990893346
uf225-960,uf225-015.cnf,225,34.5034,var_rename,3,True,128003,4566238,106173,35.672898291446295
uf225-960,uf225-015.cnf,225,34.5034,var_rename,4,True,23988,841387,19738,35.075329331332334
uf225-960,uf225-015.cnf,225,34.5034,var_rename,5,True,21884,765699,17877,34.98898738804606
uf225-960,uf225-015.cnf,225,34.5034,var_rename,6,True,215119,7650148,178394,35.56240034585508
uf225-960,uf225-015.cnf,225,34.5034,var_rename,7,True,41271,1438282,33661,34.84970075840178
uf225-960,uf225-015.cnf,225,34.5034,var_rename,8,True,7002,236918,5477,33.83576121108255
uf225-960,uf225-015.cnf,225,34.5034,var_rename,9,True,44618,1554773,36571,34.84631762965619
uf225-960,uf225-015.cnf,225,34.5034,phases,0,True,60685,2121019,49787,34.95128944549724
uf225-960,uf225-015.cnf,225,34.5034,phases,1,True,33063,1152775,27125,34.86601336841787
uf225-960,uf225-015.cnf,225,34.5034,phases,2,True,50061,1755583,41187,35.068875971314995
uf225-960,uf225-015.cnf,225,34.5034,phases,3,True,3655,123411,2832,33.76497948016416
uf225-960,uf225-015.cnf,225,34.5034,phases,4,True,1838,59672,1392,32.46572361262242
uf225-960,uf225-015.cnf,225,34.5034,phases,5,True,33375,1161545,27354,34.802846441947565
uf225-960,uf225-015.cnf,225,34.5034,phases,6,True,14180,486639,11425,34.31868829337095
uf225-960,uf225-015.cnf,225,34.5034,phases,7,True,95357,3363412,78566,35.27178917121973
uf225-960,uf225-015.cnf,225,34.5034,phases,8,True,27804,981605,22738,35.30445259674867
uf225-960,uf225-015.cnf,225,34.5034,phases,9,True,8646,303118,6968,35.058755493869995
uf225-960,uf225-015.cnf,225,34.5034,all,0,True,2386,76232,1836,31.949706621961443
uf225-960,uf225-015.cnf,225,34.5034,all,1,True,8429,286786,6700,34.023727607070825
uf225-960,uf225-015.cnf,225,34.5034,all,2,True,195150,6972585,161999,35.7293620292083
uf225-960,uf225-015.cnf,225,34.5034,all,3,True,18896,657090,15318,34.774026248941574
uf225-960,uf225-015.cnf,225,34.5034,all,4,True,13807,473778,11229,34.31433330919099
uf225-960,uf225-015.cnf,225,34.5034,all,5,True,67843,2391801,55726,35.25494155624014
uf225-960,uf225-015.cnf,225,34.5034,all,6,True,65445,2301830,53672,35.17197646879059
uf225-960,uf225-015.cnf,225,34.5034,all,7,True,20233,695856,16291,34.39213166609005
uf225-960,uf225-015.cnf,225,34.5034,all,8,True,10649,363392,8543,34.12451873415344
uf225-960,uf225-015.cnf,225,34.5034,all,9,True,79016,2781806,65326,35.20560392831832
uf225-960,uf225-016.cnf,225,34.5584,identical,0,True,15949,556983,12934,34.92275377766631
uf225-960,uf225-016.cnf,225,34.5584,identical,1,True,15949,556983,12934,34.92275377766631
uf225-960,uf225-016.cnf,225,34.5584,identical,2,True,15949,556983,12934,34.92275377766631
uf225-960,uf225-016.cnf,225,34.5584,identical,3,True,15949,556983,12934,34.92275377766631
uf225-960,uf225-016.cnf,225,34.5584,identical,4,True,15949,556983,12934,34.92275377766631
uf225-960,uf225-016.cnf,225,34.5584,identical,5,True,15949,556983,12934,34.92275377766631
uf225-960,uf225-016.cnf,225,34.5584,identical,6,True,15949,556983,12934,34.92275377766631
uf225-960,uf225-016.cnf,225,34.5584,identical,7,True,15949,556983,12934,34.92275377766631
uf225-960,uf225-016.cnf,225,34.5584,identical,8,True,15949,556983,12934,34.92275377766631
uf225-960,uf225-016.cnf,225,34.5584,identical,9,True,15949,556983,12934,34.92275377766631
uf225-960,uf225-016.cnf,225,34.5584,clause_shuffle,0,True,34501,1236428,28471,35.83745398684096
uf225-960,uf225-016.cnf,225,34.5584,clause_shuffle,1,True,27037,964988,22259,35.691385878610795
uf225-960,uf225-016.cnf,225,34.5584,clause_shuffle,2,True,3417,119979,2762,35.112379280070236
uf225-960,uf225-016.cnf,225,34.5584,clause_shuffle,3,True,4412,149273,3524,33.83340888485947
uf225-960,uf225-016.cnf,225,34.5584,clause_shuffle,4,True,7655,266771,6168,34.84924885695624
uf225-960,uf225-016.cnf,225,34.5584,clause_shuffle,5,True,21332,755719,17635,35.42654228389274
uf225-960,uf225-016.cnf,225,34.5584,clause_shuffle,6,True,7001,233372,5550,33.33409512926725
uf225-960,uf225-016.cnf,225,34.5584,clause_shuffle,7,True,15270,539003,12414,35.298166339227244
uf225-960,uf225-016.cnf,225,34.5584,clause_shuffle,8,True,19374,684620,15716,35.3370496541757
uf225-960,uf225-016.cnf,225,34.5584,clause_shuffle,9,True,31828,1141396,26216,35.861379917054165
uf225-960,uf225-016.cnf,225,34.5584,var_rename,0,True,2432,80322,1858,33.02713815789474
uf225-960,uf225-016.cnf,225,34.5584,var_rename,1,True,14344,504751,11611,35.18899888455103
uf225-960,uf225-016.cnf,225,34.5584,var_rename,2,True,5559,201166,4430,36.18744378485339
uf225-960,uf225-016.cnf,225,34.5584,var_rename,3,True,45650,1627148,37590,35.643986856516975
uf225-960,uf225-016.cnf,225,34.5584,var_rename,4,True,9593,343354,7834,35.79214010215782
uf225-960,uf225-016.cnf,225,34.5584,var_rename,5,True,4215,146275,3362,34.70344009489917
uf225-960,uf225-016.cnf,225,34.5584,var_rename,6,True,22603,815363,18630,36.073220368977566
uf225-960,uf225-016.cnf,225,34.5584,var_rename,7,True,2826,95131,2164,33.66277423920736
uf225-960,uf225-016.cnf,225,34.5584,var_rename,8,True,14458,509762,11765,35.25812698851847
uf225-960,uf225-016.cnf,225,34.5584,var_rename,9,True,1682,53512,1273,31.81450653983353
uf225-960,uf225-016.cnf,225,34.5584,phases,0,True,4615,157484,3614,34.124377031419286
uf225-960,uf225-016.cnf,225,34.5584,phases,1,True,27940,1009304,23114,36.12397995705082
uf225-960,uf225-016.cnf,225,34.5584,phases,2,True,28935,1020980,23857,35.285294625885605
uf225-960,uf225-016.cnf,225,34.5584,phases,3,True,9749,341057,7915,34.983793209559956
uf225-960,uf225-016.cnf,225,34.5584,phases,4,True,32763,1179192,27106,35.99157586301621
uf225-960,uf225-016.cnf,225,34.5584,phases,5,True,44923,1616770,37168,35.98980477706297
uf225-960,uf225-016.cnf,225,34.5584,phases,6,True,38695,1381222,31757,35.69510272645044
uf225-960,uf225-016.cnf,225,34.5584,phases,7,True,21309,759194,17429,35.627856774132994
uf225-960,uf225-016.cnf,225,34.5584,phases,8,True,37906,1324910,30987,34.9525141138606
uf225-960,uf225-016.cnf,225,34.5584,phases,9,True,28087,996256,23329,35.47035995300317
uf225-960,uf225-016.cnf,225,34.5584,all,0,True,2107,67876,1583,32.21452301850973
uf225-960,uf225-016.cnf,225,34.5584,all,1,True,18748,662588,15405,35.34179645828888
uf225-960,uf225-016.cnf,225,34.5584,all,2,True,5558,189362,4419,34.07016912558474
uf225-960,uf225-016.cnf,225,34.5584,all,3,True,1973,64703,1493,32.794221996958946
uf225-960,uf225-016.cnf,225,34.5584,all,4,True,26733,971382,22154,36.33643811020087
uf225-960,uf225-016.cnf,225,34.5584,all,5,True,16742,590707,13596,35.28294110619998
uf225-960,uf225-016.cnf,225,34.5584,all,6,True,11635,413480,9481,35.537602062741726
uf225-960,uf225-016.cnf,225,34.5584,all,7,True,6235,207437,4867,33.269767441860466
uf225-960,uf225-016.cnf,225,34.5584,all,8,True,16364,578274,13369,35.33818137374725
uf225-960,uf225-016.cnf,225,34.5584,all,9,True,8366,296127,6712,35.396485775759025
uf225-960,uf225-017.cnf,225,33.8177,identical,0,True,85876,2945488,70187,34.29931529181611
uf225-960,uf225-017.cnf,225,33.8177,identical,1,True,85876,2945488,70187,34.29931529181611
uf225-960,uf225-017.cnf,225,33.8177,identical,2,True,85876,2945488,70187,34.29931529181611
uf225-960,uf225-017.cnf,225,33.8177,identical,3,True,85876,2945488,70187,34.29931529181611
uf225-960,uf225-017.cnf,225,33.8177,identical,4,True,85876,2945488,70187,34.29931529181611
uf225-960,uf225-017.cnf,225,33.8177,identical,5,True,85876,2945488,70187,34.29931529181611
uf225-960,uf225-017.cnf,225,33.8177,identical,6,True,85876,2945488,70187,34.29931529181611
uf225-960,uf225-017.cnf,225,33.8177,identical,7,True,85876,2945488,70187,34.29931529181611
uf225-960,uf225-017.cnf,225,33.8177,identical,8,True,85876,2945488,70187,34.29931529181611
uf225-960,uf225-017.cnf,225,33.8177,identical,9,True,85876,2945488,70187,34.29931529181611
uf225-960,uf225-017.cnf,225,33.8177,clause_shuffle,0,True,2989,99656,2347,33.34091669454667
uf225-960,uf225-017.cnf,225,33.8177,clause_shuffle,1,True,225026,7736876,185651,34.38214250797686
uf225-960,uf225-017.cnf,225,33.8177,clause_shuffle,2,True,48627,1636871,39520,33.661772266436344
uf225-960,uf225-017.cnf,225,33.8177,clause_shuffle,3,True,33271,1132268,27093,34.03167924017914
uf225-960,uf225-017.cnf,225,33.8177,clause_shuffle,4,True,75171,2564313,61379,34.11306221814264
uf225-960,uf225-017.cnf,225,33.8177,clause_shuffle,5,True,117184,4059615,96669,34.64308267340251
uf225-960,uf225-017.cnf,225,33.8177,clause_shuffle,6,True,4346,136828,3332,31.483663138518178
uf225-960,uf225-017.cnf,225,33.8177,clause_shuffle,7,True,45305,1549276,37036,34.196578744067985
uf225-960,uf225-017.cnf,225,33.8177,clause_shuffle,8,True,2700,90525,2138,33.52777777777778
uf225-960,uf225-017.cnf,225,33.8177,clause_shuffle,9,True,12711,423310,10219,33.30265124695146
uf225-960,uf225-017.cnf,225,33.8177,var_rename,0,True,104742,3588762,86155,34.26287449160795
uf225-960,uf225-017.cnf,225,33.8177,var_rename,1,True,11359,386245,9209,34.00343340082754
uf225-960,uf225-017.cnf,225,33.8177,var_rename,2,True,43099,1453944,34849,33.734982250168216
uf225-960,uf225-017.cnf,225,33.8177,var_rename,3,True,15202,505657,12159,33.2625312458887
uf225-960,uf225-017.cnf,225,33.8177,var_rename,4,True,81882,2794094,66745,34.12342150900076
uf225-960,uf225-017.cnf,225,33.8177,var_rename,5,True,61579,2099245,50217,34.09027428181685
uf225-960,uf225-017.cnf,225,33.8177,var_rename,6,True,174228,6032452,143923,34.62389512592695
uf225-960,uf225-017.cnf,225,33.8177,var_rename,7,True,99341,3431574,81785,34.5433808799992
uf225-960,uf225-017.cnf,225,33.8177,var_rename,8,True,50946,1716580,41622,33.69410748635811
uf225-960,uf225-017.cnf,225,33.8177,var_rename,9,True,24922,847235,20090,33.995465853462804
uf225-960,uf225-017.cnf,225,33.8177,phases,0,True,14414,481473,11555,33.40314971555432
uf225-960,uf225-017.cnf,225,33.8177,phases,1,True,49293,1699336,40314,34.47418497555434
uf225-960,uf225-017.cnf,225,33.8177,phases,2,True,70538,2419381,57949,34.298973602880714
uf225-960,uf225-017.cnf,225,33.8177,phases,3,True,48653,1648293,39647,33.87854808542125
uf225-960,uf225-017.cnf,225,33.8177,phases,4,True,4060,130595,3132,32.166256157635466
uf225-960,uf225-017.cnf,225,33.8177,phases,5,True,176147,6018300,144600,34.16634969656026
uf225-960,uf225-017.cnf,225,33.8177,phases,6,True,6508,213719,5196,32.839428395820526
uf225-960,uf225-017.cnf,225,33.8177,phases,7,True,24315,815656,19713,33.545383508122555
uf225-960,uf225-017.cnf,225,33.8177,phases,8,True,106722,3668205,87838,34.37159161185135
uf225-960,uf225-017.cnf,225,33.8177,phases,9,True,8342,276620,6591,33.15991368976265
uf225-960,uf225-017.cnf,225,33.8177,all,0,True,77513,2681418,63425,34.593139215357425
uf225-960,uf225-017.cnf,225,33.8177,all,1,True,25434,866317,20658,34.061374538019976
uf225-960,uf225-017.cnf,225,33.8177,all,2,True,93341,3168923,76216,33.94995768204755
uf225-960,uf225-017.cnf,225,33.8177,all,3,True,20947,712513,16961,34.01503795292882
uf225-960,uf225-017.cnf,225,33.8177,all,4,True,32874,1110635,26656,33.784601812982906
uf225-960,uf225-017.cnf,225,33.8177,all,5,True,16315,538597,12940,33.01238124425375
uf225-960,uf225-017.cnf,225,33.8177,all,6,True,21846,744628,17823,34.08532454453905
uf225-960,uf225-017.cnf,225,33.8177,all,7,True,43082,1486934,35400,34.514042987790724
uf225-960,uf225-017.cnf,225,33.8177,all,8,True,84692,2932330,69556,34.623459122467295
uf225-960,uf225-017.cnf,225,33.8177,all,9,True,124597,4289964,102720,34.43071663041646
uf225-960,uf225-018.cnf,225,32.9645,identical,0,True,1289,41096,970,31.882079131109386
uf225-960,uf225-018.cnf,225,32.9645,identical,1,True,1289,41096,970,31.882079131109386
uf225-960,uf225-018.cnf,225,32.9645,identical,2,True,1289,41096,970,31.882079131109386
uf225-960,uf225-018.cnf,225,32.9645,identical,3,True,1289,41096,970,31.882079131109386
uf225-960,uf225-018.cnf,225,32.9645,identical,4,True,1289,41096,970,31.882079131109386
uf225-960,uf225-018.cnf,225,32.9645,identical,5,True,1289,41096,970,31.882079131109386
uf225-960,uf225-018.cnf,225,32.9645,identical,6,True,1289,41096,970,31.882079131109386
uf225-960,uf225-018.cnf,225,32.9645,identical,7,True,1289,41096,970,31.882079131109386
uf225-960,uf225-018.cnf,225,32.9645,identical,8,True,1289,41096,970,31.882079131109386
uf225-960,uf225-018.cnf,225,32.9645,identical,9,True,1289,41096,970,31.882079131109386
uf225-960,uf225-018.cnf,225,32.9645,clause_shuffle,0,True,1506,49002,1133,32.537848605577686
uf225-960,uf225-018.cnf,225,32.9645,clause_shuffle,1,True,5174,175109,4153,33.84402783146502
uf225-960,uf225-018.cnf,225,32.9645,clause_shuffle,2,True,1673,54995,1293,32.87208607292289
uf225-960,uf225-018.cnf,225,32.9645,clause_shuffle,3,True,5883,201864,4640,34.31310555838858
uf225-960,uf225-018.cnf,225,32.9645,clause_shuffle,4,True,1410,45281,1070,32.11418439716312
uf225-960,uf225-018.cnf,225,32.9645,clause_shuffle,5,True,293,6012,157,20.51877133105802
uf225-960,uf225-018.cnf,225,32.9645,clause_shuffle,6,True,4847,169392,3906,34.94780276459666
uf225-960,uf225-018.cnf,225,32.9645,clause_shuffle,7,True,1817,58261,1349,32.06439185470556
uf225-960,uf225-018.cnf,225,32.9645,clause_shuffle,8,True,6205,204516,4903,32.95987107171636
uf225-960,uf225-018.cnf,225,32.9645,clause_shuffle,9,True,3681,124558,2888,33.83808747622928
uf225-960,uf225-018.cnf,225,32.9645,var_rename,0,True,2716,89958,2130,33.12150220913107
uf225-960,uf225-018.cnf,225,32.9645,var_rename,1,True,1141,37317,855,32.70552147239264
uf225-960,uf225-018.cnf,225,32.9645,var_rename,2,True,927,31188,672,33.64401294498382
uf225-960,uf225-018.cnf,225,32.9645,var_rename,3,True,2342,80231,1862,34.25747224594364
uf225-960,uf225-018.cnf,225,32.9645,var_rename,4,True,274,7180,169,26.204379562043794
uf225-960,uf225-018.cnf,225,32.9645,var_rename,5,True,6150,213668,4926,34.742764227642276
uf225-960,uf225-018.cnf,225,32.9645,var_rename,6,True,2713,94073,2158,34.67489863619609
uf225-960,uf225-018.cnf,225,32.9645,var_rename,7,True,149,3583,90,24.046979865771814
uf225-960,uf225-018.cnf,225,32.9645,var_rename,8,True,1667,57259,1284,34.34853029394121
uf225-960,uf225-018.cnf,225,32.9645,var_rename,9,True,4708,164306,3768,34.89932030586236
uf225-960,uf225-018.cnf,225,32.9645,phases,0,True,7191,242521,5701,33.72562925879571
uf225-960,uf225-018.cnf,225,32.9645,phases,1,True,21368,741412,17423,34.69730438038188
uf225-960,uf225-018.cnf,225,32.9645,phases,2,True,5728,193399,4491,33.763791899441344
uf225-960,uf225-018.cnf,225,32.9645,phases,3,True,628,19946,450,31.761146496815286
uf225-960,uf225-018.cnf,225,32.9645,phases,4,True,5825,199081,4691,34.17699570815451
uf225-960,uf225-018.cnf,225,32.9645,phases,5,True,295,7989,192,27.08135593220339
uf225-960,uf225-018.cnf,225,32.9645,phases,6,True,4058,136966,3152,33.75209462789552
uf225-960,uf225-018.cnf,225,32.9645,phases,7,True,777,23445,554,30.173745173745175
uf225-960,uf225-018.cnf,225,32.9645,phases,8,True,2910,99423,2243,34.1659793814433
uf225-960,uf225-018.cnf,225,32.9645,phases,9,True,7197,247514,5719,34.39127414200361
uf225-960,uf225-018.cnf,225,32.9645,all,0,True,2448,81246,1852,33.18872549019608
uf225-960,uf225-018.cnf,225,32.9645,all,1,True,1315,43664,994,33.20456273764258
uf225-960,uf225-018.cnf,225,32.9645,all,2,True,3827,130563,3038,34.116279069767444
uf225-960,uf225-018.cnf,225,32.9645,all,3,True,2389,79247,1843,33.171619924654664
uf225-960,uf225-018.cnf,225,32.9645,all,4,True,1522,51258,1202,33.678055190538764
uf225-960,uf225-018.cnf,225,32.9645,all,5,True,2032,64887,1523,31.93257874015748
uf225-960,uf225-018.cnf,225,32.9645,all,6,True,8494,292181,6836,34.398516599952906
uf225-960,uf225-018.cnf,225,32.9645,all,7,True,4895,163617,3817,33.42533197139939
uf225-960,uf225-018.cnf,225,32.9645,all,8,True,509,14693,364,28.8664047151277
uf225-960,uf225-018.cnf,225,32.9645,all,9,True,4397,151354,3529,34.422105981350924
uf225-960,uf225-019.cnf,225,33.2962,identical,0,True,36222,1228358,29942,33.91193197504279
uf225-960,uf225-019.cnf,225,33.2962,identical,1,True,36222,1228358,29942,33.91193197504279
uf225-960,uf225-019.cnf,225,33.2962,identical,2,True,36222,1228358,29942,33.91193197504279
uf225-960,uf225-019.cnf,225,33.2962,identical,3,True,36222,1228358,29942,33.91193197504279
uf225-960,uf225-019.cnf,225,33.2962,identical,4,True,36222,1228358,29942,33.91193197504279
uf225-960,uf225-019.cnf,225,33.2962,identical,5,True,36222,1228358,29942,33.91193197504279
uf225-960,uf225-019.cnf,225,33.2962,identical,6,True,36222,1228358,29942,33.91193197504279
uf225-960,uf225-019.cnf,225,33.2962,identical,7,True,36222,1228358,29942,33.91193197504279
uf225-960,uf225-019.cnf,225,33.2962,identical,8,True,36222,1228358,29942,33.91193197504279
uf225-960,uf225-019.cnf,225,33.2962,identical,9,True,36222,1228358,29942,33.91193197504279
uf225-960,uf225-019.cnf,225,33.2962,clause_shuffle,0,True,30311,1042967,25056,34.40886146943354
uf225-960,uf225-019.cnf,225,33.2962,clause_shuffle,1,True,60640,2101870,50572,34.661444591029024
uf225-960,uf225-019.cnf,225,33.2962,clause_shuffle,2,True,43385,1484122,35608,34.208182551573124
uf225-960,uf225-019.cnf,225,33.2962,clause_shuffle,3,True,19948,675217,16246,33.848857028273514
uf225-960,uf225-019.cnf,225,33.2962,clause_shuffle,4,True,85396,2909584,70807,34.07166612019299
uf225-960,uf225-019.cnf,225,33.2962,clause_shuffle,5,True,109240,3766294,90704,34.47724276821677
uf225-960,uf225-019.cnf,225,33.2962,clause_shuffle,6,True,77558,2684087,64516,34.607480853039014
uf225-960,uf225-019.cnf,225,33.2962,clause_shuffle,7,True,116373,3991947,96856,34.303034208966
uf225-960,uf225-019.cnf,225,33.2962,clause_shuffle,8,True,4402,146524,3512,33.285779191276696
uf225-960,uf225-019.cnf,225,33.2962,clause_shuffle,9,True,25773,847429,20859,32.8804950917627
uf225-960,uf225-019.cnf,225,33.2962,var_rename,0,True,38814,1305840,31750,33.64353068480445
uf225-960,uf225-019.cnf,225,33.2962,var_rename,1,True,8402,271725,6684,32.34051416329445
uf225-960,uf225-019.cnf,225,33.2962,var_rename,2,True,44030,1494955,36200,33.953100158982515
uf225-960,uf225-019.cnf,225,33.2962,var_rename,3,True,11172,368755,9073,33.00707124955245
uf225-960,uf225-019.cnf,225,33.2962,var_rename,4,True,53899,1827324,44473,33.90274402122488
uf225-960,uf225-019.cnf,225,33.2962,var_rename,5,True,20373,686963,16720,33.71928532862121
uf225-960,uf225-019.cnf,225,33.2962,var_rename,6,True,131224,4526988,109431,34.49817106626836
uf225-960,uf225-019.cnf,225,33.2962,var_rename,7,True,1664,49108,1218,29.51201923076923
uf225-960,uf225-019.cnf,225,33.2962,var_rename,8,True,22096,745929,18139,33.75855358435916
uf225-960,uf225-019.cnf,225,33.2962,var_rename,9,True,15094,501796,12196,33.244733006492645
uf225-960,uf225-019.cnf,225,33.2962,phases,0,True,7870,260252,6355,33.06886912325286
uf225-960,uf225-019.cnf,225,33.2962,phases,1,True,56475,1919108,46563,33.98154935812306
uf225-960,uf225-019.cnf,225,33.2962,phases,2,True,36068,1219060,29501,33.79893534434956
uf225-960,uf225-019.cnf,225,33.2962,phases,3,True,39178,1312431,32037,33.499183215069685
uf225-960,uf225-019.cnf,225,33.2962,phases,4,True,102654,3532695,85170,34.41361271845228
uf225-960,uf225-019.cnf,225,33.2962,phases,5,True,36208,1233669,29609,34.07172448077773
uf225-960,uf225-019.cnf,225,33.2962,phases,6,True,102568,3542754,85389,34.54053895951954
uf225-960,uf225-019.cnf,225,33.2962,phases,7,True,59153,2025466,48819,34.241137389481516
uf225-960,uf225-019.cnf,225,33.2962,phases,8,True,42357,1444754,34636,34.10897844512123
uf225-960,uf225-019.cnf,225,33.2962,phases,9,True,126846,4385198,105715,34.57103889756082
uf225-960,uf225-019.cnf,225,33.2962,all,0,True,57968,1964713,47668,33.89306168920784
uf225-960,uf225-019.cnf,225,33.2962,all,1,True,112648,3872657,93803,34.3783910943825
uf225-960,uf225-019.cnf,225,33.2962,all,2,True,62176,2134028,51713,34.32237519300052
uf225-960,uf225-019.cnf,225,33.2962,all,3,True,35423,1204678,28948,34.00835615278209
uf225-960,uf225-019.cnf,225,33.2962,all,4,True,29186,967247,23645,33.14078667854451
uf225-960,uf225-019.cnf,225,33.2962,all,5,True,39270,1328882,32191,33.83962312197606
uf225-960,uf225-019.cnf,225,33.2962,all,6,True,105259,3585394,87155,34.062588472244656
uf225-960,uf225-019.cnf,225,33.2962,all,7,True,72517,2471032,59871,34.075209950770166
uf225-960,uf225-019.cnf,225,33.2962,all,8,True,27693,947826,22871,34.22619434514137
uf225-960,uf225-019.cnf,225,33.2962,all,9,True,94536,3213747,77791,33.99495430312262
uf225-960,uf225-02.cnf,225,33.4547,identical,0,True,901,28362,654,31.478357380688124
uf225-960,uf225-02.cnf,225,33.4547,identical,1,True,901,28362,654,31.478357380688124
uf225-960,uf225-02.cnf,225,33.4547,identical,2,True,901,28362,654,31.478357380688124
uf225-960,uf225-02.cnf,225,33.4547,identical,3,True,901,28362,654,31.478357380688124
uf225-960,uf225-02.cnf,225,33.4547,identical,4,True,901,28362,654,31.478357380688124
uf225-960,uf225-02.cnf,225,33.4547,identical,5,True,901,28362,654,31.478357380688124
uf225-960,uf225-02.cnf,225,33.4547,identical,6,True,901,28362,654,31.478357380688124
uf225-960,uf225-02.cnf,225,33.4547,identical,7,True,901,28362,654,31.478357380688124
uf225-960,uf225-02.cnf,225,33.4547,identical,8,True,901,28362,654,31.478357380688124
uf225-960,uf225-02.cnf,225,33.4547,identical,9,True,901,28362,654,31.478357380688124
uf225-960,uf225-02.cnf,225,33.4547,clause_shuffle,0,True,6806,228987,5344,33.64487217161328
uf225-960,uf225-02.cnf,225,33.4547,clause_shuffle,1,True,453,13648,311,30.1280353200883
uf225-960,uf225-02.cnf,225,33.4547,clause_shuffle,2,True,1714,55997,1292,32.67036172695449
uf225-960,uf225-02.cnf,225,33.4547,clause_shuffle,3,True,3790,128098,2971,33.79894459102903
uf225-960,uf225-02.cnf,225,33.4547,clause_shuffle,4,True,296,9010,199,30.43918918918919
uf225-960,uf225-02.cnf,225,33.4547,clause_shuffle,5,True,502,14242,338,28.37051792828685
uf225-960,uf225-02.cnf,225,33.4547,clause_shuffle,6,True,11892,413516,9569,34.772620248906826
uf225-960,uf225-02.cnf,225,33.4547,clause_shuffle,7,True,19661,672411,15782,34.2002441381415
uf225-960,uf225-02.cnf,225,33.4547,clause_shuffle,8,True,2340,77343,1767,33.052564102564105
uf225-960,uf225-02.cnf,225,33.4547,clause_shuffle,9,True,1875,59261,1402,31.605866666666667
uf225-960,uf225-02.cnf,225,33.4547,var_rename,0,True,8004,277653,6354,34.68928035982009
uf225-960,uf225-02.cnf,225,33.4547,var_rename,1,True,3642,121783,2811,33.438495332235036
uf225-960,uf225-02.cnf,225,33.4547,var_rename,2,True,2542,82843,1909,32.58969315499606
uf225-960,uf225-02.cnf,225,33.4547,var_rename,3,True,21858,754356,17562,34.51166620916827
uf225-960,uf225-02.cnf,225,33.4547,var_rename,4,True,9004,300538,7191,33.37827632163483
uf225-960,uf225-02.cnf,225,33.4547,var_rename,5,True,6785,222549,5301,32.80014738393515
uf225-960,uf225-02.cnf,225,33.4547,var_rename,6,True,8175,268953,6414,32.899449541284405
uf225-960,uf225-02.cnf,225,33.4547,var_rename,7,True,1565,53290,1188,34.05111821086262
uf225-960,uf225-02.cnf,225,33.4547,var_rename,8,True,8621,295259,6919,34.24881104280246
uf225-960,uf225-02.cnf,225,33.4547,var_rename,9,True,515,15357,356,29.819417475728155
uf225-960,uf225-02.cnf,225,33.4547,phases,0,True,803,25033,599,31.17434620174346
uf225-960,uf225-02.cnf,225,33.4547,phases,1,True,381,10726,235,28.15223097112861
uf225-960,uf225-02.cnf,225,33.4547,phases,2,True,6756,225172,5283,33.32918886915335
uf225-960,uf225-02.cnf,225,33.4547,phases,3,True,10192,353181,8122,34.652766875981165
uf225-960,uf225-02.cnf,225,33.4547,phases,4,True,1931,59775,1437,30.955463490419472
uf225-960,uf225-02.cnf,225,33.4547,phases,5,True,6396,214691,4960,33.566447779862415
uf225-960,uf225-02.cnf,225,33.4547,phases,6,True,11867,412095,9542,34.72613128844695
uf225-960,uf225-02.cnf,225,33.4547,phases,7,True,120,1950,51,16.25
uf225-960,uf225-02.cnf,225,33.4547,phases,8,True,516,16136,385,31.271317829457363
uf225-960,uf225-02.cnf,225,33.4547,phases,9,True,31991,1105272,25784,34.54946703760432
uf225-960,uf225-02.cnf,225,33.4547,all,0,True,7522,254813,5863,33.87569795267216
uf225-960,uf225-02.cnf,225,33.4547,all,1,True,3596,121029,2767,33.656562847608456
uf225-960,uf225-02.cnf,225,33.4547,all,2,True,2574,83161,1976,32.30808080808081
uf225-960,uf225-02.cnf,225,33.4547,all,3,True,3012,97969,2358,32.526228419654714
uf225-960,uf225-02.cnf,225,33.4547,all,4,True,1223,37290,900,30.490596892886344
uf225-960,uf225-02.cnf,225,33.4547,all,5,True,10266,362059,8190,35.26777712838496
uf225-960,uf225-02.cnf,225,33.4547,all,6,True,48320,1676215,39324,34.68987996688742
uf225-960,uf225-02.cnf,225,33.4547,all,7,True,1051,31540,766,30.009514747859182
uf225-960,uf225-02.cnf,225,33.4547,all,8,True,1995,65257,1508,32.71027568922306
uf225-960,uf225-02.cnf,225,33.4547,all,9,True,1516,46830,1123,30.890501319261215
uf225-960,uf225-020.cnf,225,31.7462,identical,0,True,44995,1569518,36569,34.88205356150684
uf225-960,uf225-020.cnf,225,31.7462,identical,1,True,44995,1569518,36569,34.88205356150684
uf225-960,uf225-020.cnf,225,31.7462,identical,2,True,44995,1569518,36569,34.88205356150684
uf225-960,uf225-020.cnf,225,31.7462,identical,3,True,44995,1569518,36569,34.88205356150684
uf225-960,uf225-020.cnf,225,31.7462,identical,4,True,44995,1569518,36569,34.88205356150684
uf225-960,uf225-020.cnf,225,31.7462,identical,5,True,44995,1569518,36569,34.88205356150684
uf225-960,uf225-020.cnf,225,31.7462,identical,6,True,44995,1569518,36569,34.88205356150684
uf225-960,uf225-020.cnf,225,31.7462,identical,7,True,44995,1569518,36569,34.88205356150684
uf225-960,uf225-020.cnf,225,31.7462,identical,8,True,44995,1569518,36569,34.88205356150684
uf225-960,uf225-020.cnf,225,31.7462,identical,9,True,44995,1569518,36569,34.88205356150684
uf225-960,uf225-020.cnf,225,31.7462,clause_shuffle,0,True,11075,381013,8860,34.40297968397291
uf225-960,uf225-020.cnf,225,31.7462,clause_shuffle,1,True,10008,335864,8019,33.55955235811351
uf225-960,uf225-020.cnf,225,31.7462,clause_shuffle,2,True,9497,319390,7550,33.63062019585132
uf225-960,uf225-020.cnf,225,31.7462,clause_shuffle,3,True,21373,736087,17332,34.44004117344313
uf225-960,uf225-020.cnf,225,31.7462,clause_shuffle,4,True,28456,972276,22927,34.16769749789148
uf225-960,uf225-020.cnf,225,31.7462,clause_shuffle,5,True,43052,1493576,34983,34.69237201523739
uf225-960,uf225-020.cnf,225,31.7462,clause_shuffle,6,True,17772,613497,14306,34.520425388251184
uf225-960,uf225-020.cnf,225,31.7462,clause_shuffle,7,True,99711,3483746,81926,34.93843206867848
uf225-960,uf225-020.cnf,225,31.7462,clause_shuffle,8,True,26032,900296,21120,34.584204056545786
uf225-960,uf225-020.cnf,225,31.7462,clause_shuffle,9,True,52374,1837599,42820,35.086092335891855
uf225-960,uf225-020.cnf,225,31.7462,var_rename,0,True,53693,1864100,43800,34.71774719237145
uf225-960,uf225-020.cnf,225,31.7462,var_rename,1,True,11887,400733,9387,33.71187011020442
uf225-960,uf225-020.cnf,225,31.7462,var_rename,2,True,90293,3155829,73865,34.95098180368356
uf225-960,uf225-020.cnf,225,31.7462,var_rename,3,True,15905,542023,12671,34.07878025778057
uf225-960,uf225-020.cnf,225,31.7462,var_rename,4,True,10961,367979,8631,33.57166316941885
uf225-960,uf225-020.cnf,225,31.7462,var_rename,5,True,31863,1101760,25797,34.57803722185607
uf225-960,uf225-020.cnf,225,31.7462,var_rename,6,True,44274,1532001,35942,34.602723946334194
uf225-960,uf225-020.cnf,225,31.7462,var_rename,7,True,7779,262678,6147,33.76757938038308
uf225-960,uf225-020.cnf,225,31.7462,var_rename,8,True,11408,393146,9102,34.46230715287518
uf225-960,uf225-020.cnf,225,31.7462,var_rename,9,True,44820,1563013,36499,34.873114680946
uf225-960,uf225-020.cnf,225,31.7462,phases,0,True,46355,1609147,37540,34.713558407938734
uf225-960,uf225-020.cnf,225,31.7462,phases,1,True,1915,58504,1405,30.550391644908615
uf225-960,uf225-020.cnf,225,31.7462,phases,2,True,49183,1689002,40000,34.341174796169405
uf225-960,uf225-020.cnf,225,31.7462,phases,3,True,852,25062,602,29.41549295774648
uf225-960,uf225-020.cnf,225,31.7462,phases,4,True,20878,715710,16906,34.28058243126736
uf225-960,uf225-020.cnf,225,31.7462,phases,5,True,46376,1585645,37599,34.19106865620148
uf225-960,uf225-020.cnf,225,31.7462,phases,6,True,29355,1020474,23962,34.76320899335718
uf225-960,uf225-020.cnf,225,31.7462,phases,7,True,36831,1258709,29882,34.175259971219894
uf225-960,uf225-020.cnf,225,31.7462,phases,8,True,8689,284971,6845,32.79675451720566
uf225-960,uf225-020.cnf,225,31.7462,phases,9,True,52196,1836677,42724,35.18807954632539
uf225-960,uf225-020.cnf,225,31.7462,all,0,True,5900,196651,4621,33.330677966101696
uf225-960,uf225-020.cnf,225,31.7462,all,1,True,2073,65190,1558,31.447178002894358
uf225-960,uf225-020.cnf,225,31.7462,all,2,True,13252,451544,10631,34.073649260488985
uf225-960,uf225-020.cnf,225,31.7462,all,3,True,56419,1978926,46281,35.07552420283947
uf225-960,uf225-020.cnf,225,31.7462,all,4,True,45349,1573357,36717,34.69441443030718
uf225-960,uf225-020.cnf,225,31.7462,all,5,True,44411,1545730,36159,34.80511584967688
uf225-960,uf225-020.cnf,225,31.7462,all,6,True,1584,50526,1210,31.897727272727273
uf225-960,uf225-020.cnf,225,31.7462,all,7,True,20614,710985,16605,34.490394877267875
uf225-960,uf225-020.cnf,225,31.7462,all,8,True,9234,318945,7367,34.54028589993502
uf225-960,uf225-020.cnf,225,31.7462,all,9,True,41539,1439153,33751,34.64582681335612
uf225-960,uf225-021.cnf,225,32.8546,identical,0,True,7628,258056,6027,33.83009963293131
uf225-960,uf225-021.cnf,225,32.8546,identical,1,True,7628,258056,6027,33.83009963293131
uf225-960,uf225-021.cnf,225,32.8546,identical,2,True,7628,258056,6027,33.83009963293131
uf225-960,uf225-021.cnf,225,32.8546,identical,3,True,7628,258056,6027,33.83009963293131
uf225-960,uf225-021.cnf,225,32.8546,identical,4,True,7628,258056,6027,33.83009963293131
uf225-960,uf225-021.cnf,225,32.8546,identical,5,True,7628,258056,6027,33.83009963293131
uf225-960,uf225-021.cnf,225,32.8546,identical,6,True,7628,258056,6027,33.83009963293131
uf225-960,uf225-021.cnf,225,32.8546,identical,7,True,7628,258056,6027,33.83009963293131
uf225-960,uf225-021.cnf,225,32.8546,identical,8,True,7628,258056,6027,33.83009963293131
uf225-960,uf225-021.cnf,225,32.8546,identical,9,True,7628,258056,6027,33.83009963293131
uf225-960,uf225-021.cnf,225,32.8546,clause_shuffle,0,True,622,16528,419,26.572347266881028
uf225-960,uf225-021.cnf,225,32.8546,clause_shuffle,1,True,19411,669265,15514,34.47864612848385
uf225-960,uf225-021.cnf,225,32.8546,clause_shuffle,2,True,46625,1615902,37860,34.65741554959786
uf225-960,uf225-021.cnf,225,32.8546,clause_shuffle,3,True,2220,74412,1671,33.51891891891892
uf225-960,uf225-021.cnf,225,32.8546,clause_shuffle,4,True,5551,185136,4318,33.35182849936948
uf225-960,uf225-021.cnf,225,32.8546,clause_shuffle,5,True,14727,495806,11611,33.6664629591906
uf225-960,uf225-021.cnf,225,32.8546,clause_shuffle,6,True,13286,457120,10580,34.40614180340208
uf225-960,uf225-021.cnf,225,32.8546,clause_shuffle,7,True,2806,89076,2105,31.744832501781897
uf225-960,uf225-021.cnf,225,32.8546,clause_shuffle,8,True,17464,599642,13975,34.33589097572148
uf225-960,uf225-021.cnf,225,32.8546,clause_shuffle,9,True,2961,96437,2273,32.56906450523472
uf225-960,uf225-021.cnf,225,32.8546,var_rename,0,True,5011,167501,3866,33.42666134504091
uf225-960,uf225-021.cnf,225,32.8546,var_rename,1,True,6959,234198,5416,33.653973272021844
uf225-960,uf225-021.cnf,225,32.8546,var_rename,2,True,8015,270638,6298,33.76643792888334
uf225-960,uf225-021.cnf,225,32.8546,var_rename,3,True,35165,1220407,28443,34.70516138205602
uf225-960,uf225-021.cnf,225,32.8546,var_rename,4,True,38103,1324154,30864,34.75196178778574
uf225-960,uf225-021.cnf,225,32.8546,var_rename,5,True,24354,844325,19598,34.66884290055022
uf225-960,uf225-021.cnf,225,32.8546,var_rename,6,True,2542,82195,1924,32.33477576711251
uf225-960,uf225-021.cnf,225,32.8546,var_rename,7,True,3976,135395,3115,34.05306841046278
uf225-960,uf225-021.cnf,225,32.8546,var_rename,8,True,10720,369513,8639,34.46949626865672
uf225-960,uf225-021.cnf,225,32.8546,var_rename,9,True,10414,357025,8290,34.28317649318225
uf225-960,uf225-021.cnf,225,32.8546,phases,0,True,7496,250152,5862,33.37139807897545
uf225-960,uf225-021.cnf,225,32.8546,phases,1,True,5648,190759,4478,33.7746104815864
uf225-960,uf225-021.cnf,225,32.8546,phases,2,True,7959,273903,6295,34.41424802110818
uf225-960,uf225-021.cnf,225,32.8546,phases,3,True,6374,217418,4911,34.110134923125194
uf225-960,uf225-021.cnf,225,32.8546,phases,4,True,903,27223,654,30.147286821705425
uf225-960,uf225-021.cnf,225,32.8546,phases,5,True,13178,444696,10499,33.74533313097587
uf225-960,uf225-021.cnf,225,32.8546,phases,6,True,9601,331333,7596,34.51025934798459
uf225-960,uf225-021.cnf,225,32.8546,phases,7,True,52143,1831058,42452,35.11608461346681
uf225-960,uf225-021.cnf,225,32.8546,phases,8,True,3658,120408,2808,32.91634773100055
uf225-960,uf225-021.cnf,225,32.8546,phases,9,True,18139,616552,14415,33.990407409449254
uf225-960,uf225-021.cnf,225,32.8546,all,0,True,22702,795073,18371,35.022156638181656
uf225-960,uf225-021.cnf,225,32.8546,all,1,True,32143,1123343,26067,34.94829356313972
uf225-960,uf225-021.cnf,225,32.8546,all,2,True,21442,732673,17317,34.16999347075833
uf225-960,uf225-021.cnf,225,32.8546,all,3,True,16127,550179,12894,34.11539653996404
uf225-960,uf225-021.cnf,225,32.8546,all,4,True,9422,324420,7506,34.43218000424538
uf225-960,uf225-021.cnf,225,32.8546,all,5,True,6996,239848,5586,34.283590623213264
uf225-960,uf225-021.cnf,225,32.8546,all,6,True,4757,160918,3748,33.82762245112466
uf225-960,uf225-021.cnf,225,32.8546,all,7,True,9822,340858,7847,34.703522704133576
uf225-960,uf225-021.cnf,225,32.8546,all,8,True,17532,607522,14042,34.65217887291809
uf225-960,uf225-021.cnf,225,32.8546,all,9,True,2022,64629,1444,31.962908011869438
uf225-960,uf225-022.cnf,225,33.4132,identical,0,True,22336,766786,18479,34.329602435530084
uf225-960,uf225-022.cnf,225,33.4132,identical,1,True,22336,766786,18479,34.329602435530084
uf225-960,uf225-022.cnf,225,33.4132,identical,2,True,22336,766786,18479,34.329602435530084
uf225-960,uf225-022.cnf,225,33.4132,identical,3,True,22336,766786,18479,34.329602435530084
uf225-960,uf225-022.cnf,225,33.4132,identical,4,True,22336,766786,18479,34.329602435530084
uf225-960,uf225-022.cnf,225,33.4132,identical,5,True,22336,766786,18479,34.329602435530084
uf225-960,uf225-022.cnf,225,33.4132,identical,6,True,22336,766786,18479,34.329602435530084
uf225-960,uf225-022.cnf,225,33.4132,identical,7,True,22336,766786,18479,34.329602435530084
uf225-960,uf225-022.cnf,225,33.4132,identical,8,True,22336,766786,18479,34.329602435530084
uf225-960,uf225-022.cnf,225,33.4132,identical,9,True,22336,766786,18479,34.329602435530084
uf225-960,uf225-022.cnf,225,33.4132,clause_shuffle,0,True,23474,801379,19350,34.13900485643691
uf225-960,uf225-022.cnf,225,33.4132,clause_shuffle,1,True,31036,1056550,25535,34.042724577909524
uf225-960,uf225-022.cnf,225,33.4132,clause_shuffle,2,True,94576,3245683,78638,34.31825198781932
uf225-960,uf225-022.cnf,225,33.4132,clause_shuffle,3,True,55607,1896579,46215,34.106839067023934
uf225-960,uf225-022.cnf,225,33.4132,clause_shuffle,4,True,52828,1807098,43735,34.20720072688726
uf225-960,uf225-022.cnf,225,33.4132,clause_shuffle,5,True,117138,4012962,97627,34.25841315371613
uf225-960,uf225-022.cnf,225,33.4132,clause_shuffle,6,True,43192,1457257,35676,33.739048897944066
uf225-960,uf225-022.cnf,225,33.4132,clause_shuffle,7,True,82801,2832305,68859,34.20616900762068
uf225-960,uf225-022.cnf,225,33.4132,clause_shuffle,8,True,22074,748647,18126,33.915330252786084
uf225-960,uf225-022.cnf,225,33.4132,clause_shuffle,9,True,35917,1227423,29552,34.17387309630537
uf225-960,uf225-022.cnf,225,33.4132,var_rename,0,True,72953,2490229,60703,34.13470316505147
uf225-960,uf225-022.cnf,225,33.4132,var_rename,1,True,19045,637119,15481,33.4533473352586
uf225-960,uf225-022.cnf,225,33.4132,var_rename,2,True,7326,235632,5909,32.16380016380016
uf225-960,uf225-022.cnf,225,33.4132,var_rename,3,True,3698,123946,2945,33.51703623580314
uf225-960,uf225-022.cnf,225,33.4132,var_rename,4,True,2032,62408,1586,30.712598425196852
uf225-960,uf225-022.cnf,225,33.4132,var_rename,5,True,66326,2254153,55090,33.98596327232156
uf225-960,uf225-022.cnf,225,33.4132,var_rename,6,True,33316,1137296,27584,34.136631048145034
uf225-960,uf225-022.cnf,225,33.4132,var_rename,7,True,14184,488583,11683,34.44606598984772
uf225-960,uf225-022.cnf,225,33.4132,var_rename,8,True,19474,659026,16008,33.841326897401665
uf225-960,uf225-022.cnf,225,33.4132,var_rename,9,True,9976,334747,8104,33.55523255813954
uf225-960,uf225-022.cnf,225,33.4132,phases,0,True,105081,3583312,87387,34.10047487176559
uf225-960,uf225-022.cnf,225,33.4132,phases,1,True,41341,1400219,33908,33.86998379332866
uf225-960,uf225-022.cnf,225,33.4132,phases,2,True,21558,713527,17507,33.098014658131554
uf225-960,uf225-022.cnf,225,33.4132,phases,3,True,18208,610166,15037,33.51087434094903
uf225-960,uf225-022.cnf,225,33.4132,phases,4,True,42752,1459681,35475,34.14298746257485
uf225-960,uf225-022.cnf,225,33.4132,phases,5,True,72101,2449175,59962,33.968668950499996
uf225-960,uf225-022.cnf,225,33.4132,phases,6,True,88996,3059134,73903,34.37383702638321
uf225-960,uf225-022.cnf,225,33.4132,phases,7,True,111666,3834292,93070,34.33714828148228
uf225-960,uf225-022.cnf,225,33.4132,phases,8,True,30709,1049454,25366,34.17415090038751
uf225-960,uf225-022.cnf,225,33.4132,phases,9,True,56149,1920770,46590,34.208445386382664
uf225-960,uf225-022.cnf,225,33.4132,all,0,True,19668,663010,16091,33.71008745169819
uf225-960,uf225-022.cnf,225,33.4132,all,1,True,11154,364524,9073,32.68101129639591
uf225-960,uf225-022.cnf,225,33.4132,all,2,True,45180,1528083,37397,33.82211155378486
uf225-960,uf225-022.cnf,225,33.4132,all,3,True,25311,846739,20753,33.453399707637
uf225-960,uf225-022.cnf,225,33.4132,all,4,True,50799,1747227,42294,34.394909348609225
uf225-960,uf225-022.cnf,225,33.4132,all,5,True,58569,2021496,49127,34.5147774419915
uf225-960,uf225-022.cnf,225,33.4132,all,6,True,60015,2057913,49819,34.2899775056236
uf225-960,uf225-022.cnf,225,33.4132,all,7,True,8744,286537,6998,32.76955626715462
uf225-960,uf225-022.cnf,225,33.4132,all,8,True,67141,2317016,56060,34.509703459882935
uf225-960,uf225-022.cnf,225,33.4132,all,9,True,45541,1531369,37448,33.62616104169869
uf225-960,uf225-023.cnf,225,33.1084,identical,0,True,27273,911130,22342,33.40776592234078
uf225-960,uf225-023.cnf,225,33.1084,identical,1,True,27273,911130,22342,33.40776592234078
uf225-960,uf225-023.cnf,225,33.1084,identical,2,True,27273,911130,22342,33.40776592234078
uf225-960,uf225-023.cnf,225,33.1084,identical,3,True,27273,911130,22342,33.40776592234078
uf225-960,uf225-023.cnf,225,33.1084,identical,4,True,27273,911130,22342,33.40776592234078
uf225-960,uf225-023.cnf,225,33.1084,identical,5,True,27273,911130,22342,33.40776592234078
uf225-960,uf225-023.cnf,225,33.1084,identical,6,True,27273,911130,22342,33.40776592234078
uf225-960,uf225-023.cnf,225,33.1084,identical,7,True,27273,911130,22342,33.40776592234078
uf225-960,uf225-023.cnf,225,33.1084,identical,8,True,27273,911130,22342,33.40776592234078
uf225-960,uf225-023.cnf,225,33.1084,identical,9,True,27273,911130,22342,33.40776592234078
uf225-960,uf225-023.cnf,225,33.1084,clause_shuffle,0,True,5722,190783,4556,33.3420132820692
uf225-960,uf225-023.cnf,225,33.1084,clause_shuffle,1,True,6247,198726,4925,31.811429486153354
uf225-960,uf225-023.cnf,225,33.1084,clause_shuffle,2,True,3594,114545,2765,31.871174179187534
uf225-960,uf225-023.cnf,225,33.1084,clause_shuffle,3,True,7778,257206,6149,33.068398045770124
uf225-960,uf225-023.cnf,225,33.1084,clause_shuffle,4,True,18538,623247,15005,33.61996979177905
uf225-960,uf225-023.cnf,225,33.1084,clause_shuffle,5,True,93888,3174277,77608,33.80918754260395
uf225-960,uf225-023.cnf,225,33.1084,clause_shuffle,6,True,14191,467595,11390,32.95010922415616
uf225-960,uf225-023.cnf,225,33.1084,clause_shuffle,7,True,48177,1619304,39463,33.61155738215331
uf225-960,uf225-023.cnf,225,33.1084,clause_shuffle,8,True,12442,403055,10017,32.394711461179874
uf225-960,uf225-023.cnf,225,33.1084,clause_shuffle,9,True,63626,2128739,52455,33.45706157859994
uf225-960,uf225-023.cnf,225,33.1084,var_rename,0,True,13247,435721,10703,32.89205103042198
uf225-960,uf225-023.cnf,225,33.1084,var_rename,1,True,12462,417297,10004,33.48555609051517
uf225-960,uf225-023.cnf,225,33.1084,var_rename,2,True,28853,957419,23613,33.1826499844037
uf225-960,uf225-023.cnf,225,33.1084,var_rename,3,True,10358,342576,8363,33.07356632554547
uf225-960,uf225-023.cnf,225,33.1084,var_rename,4,True,4593,146331,3611,31.859568909209667
uf225-960,uf225-023.cnf,225,33.1084,var_rename,5,True,17046,555539,13755,32.59057843482342
uf225-960,uf225-023.cnf,225,33.1084,var_rename,6,True,46591,1568737,37970,33.670386984610765
uf225-960,uf225-023.cnf,225,33.1084,var_rename,7,True,3146,103834,2458,33.00508582326764
uf225-960,uf225-023.cnf,225,33.1084,var_rename,8,True,19761,646295,15919,32.70558170133091
uf225-960,uf225-023.cnf,225,33.1084,var_rename,9,True,10768,358715,8593,33.31305720653789
uf225-960,uf225-023.cnf,225,33.1084,phases,0,True,17991,593181,14601,32.97098549274637
uf225-960,uf225-023.cnf,225,33.1084,phases,1,True,40262,1345487,32910,33.418285231732156
uf225-960,uf225-023.cnf,225,33.1084,phases,2,True,20835,699967,17044,33.59572834173266
uf225-960,uf225-023.cnf,225,33.1084,phases,3,True,7906,259125,6372,32.775739944346064
uf225-960,uf225-023.cnf,225,33.1084,phases,4,True,41344,1392893,33738,33.69032991486068
uf225-960,uf225-023.cnf,225,33.1084,phases,5,True,14248,471137,11561,33.066886580572714
uf225-960,uf225-023.cnf,225,33.1084,phases,6,True,2677,84747,2087,31.657452372058273
uf225-960,uf225-023.cnf,225,33.1084,phases,7,True,23672,794847,19273,33.577517742480566
uf225-960,uf225-023.cnf,225,33.1084,phases,8,True,20561,670521,16576,32.61130295219104
uf225-960,uf225-023.cnf,225,33.1084,phases,9,True,36477,1218042,29831,33.392055267702936
uf225-960,uf225-023.cnf,225,33.1084,all,0,True,1596,47481,1169,29.75
uf225-960,uf225-023.cnf,225,33.1084,all,1,True,3214,103338,2480,32.152457996266335
uf225-960,uf225-023.cnf,225,33.1084,all,2,True,49952,1693906,41029,33.910674247277385
uf225-960,uf225-023.cnf,225,33.1084,all,3,True,85708,2896946,70513,33.800182013347644
uf225-960,uf225-023.cnf,225,33.1084,all,4,True,18233,614613,14736,33.70882465858608
uf225-960,uf225-023.cnf,225,33.1084,all,5,True,21685,725651,17591,33.46326954115748
uf225-960,uf225-023.cnf,225,33.1084,all,6,True,12154,400320,9612,32.93730459108112
uf225-960,uf225-023.cnf,225,33.1084,all,7,True,12076,404048,9823,33.45876117919841
uf225-960,uf225-023.cnf,225,33.1084,all,8,True,42720,1453305,35124,34.019311797752806
uf225-960,uf225-023.cnf,225,33.1084,all,9,True,21216,708401,17369,33.389941553544496
uf225-960,uf225-024.cnf,225,32.8767,identical,0,True,84753,2921000,69568,34.464856701237714
uf225-960,uf225-024.cnf,225,32.8767,identical,1,True,84753,2921000,69568,34.464856701237714
uf225-960,uf225-024.cnf,225,32.8767,identical,2,True,84753,2921000,69568,34.464856701237714
uf225-960,uf225-024.cnf,225,32.8767,identical,3,True,84753,2921000,69568,34.464856701237714
uf225-960,uf225-024.cnf,225,32.8767,identical,4,True,84753,2921000,69568,34.464856701237714
uf225-960,uf225-024.cnf,225,32.8767,identical,5,True,84753,2921000,69568,34.464856701237714
uf225-960,uf225-024.cnf,225,32.8767,identical,6,True,84753,2921000,69568,34.464856701237714
uf225-960,uf225-024.cnf,225,32.8767,identical,7,True,84753,2921000,69568,34.464856701237714
uf225-960,uf225-024.cnf,225,32.8767,identical,8,True,84753,2921000,69568,34.464856701237714
uf225-960,uf225-024.cnf,225,32.8767,identical,9,True,84753,2921000,69568,34.464856701237714
uf225-960,uf225-024.cnf,225,32.8767,clause_shuffle,0,True,15655,525864,12600,33.590801660811245
uf225-960,uf225-024.cnf,225,32.8767,clause_shuffle,1,True,4876,166148,3908,34.0746513535685
uf225-960,uf225-024.cnf,225,32.8767,clause_shuffle,2,True,23353,798966,19018,34.212563696313104
uf225-960,uf225-024.cnf,225,32.8767,clause_shuffle,3,True,2380,76541,1810,32.160084033613444
uf225-960,uf225-024.cnf,225,32.8767,clause_shuffle,4,True,37348,1264461,30426,33.85619042519011
uf225-960,uf225-024.cnf,225,32.8767,clause_shuffle,5,True,123834,4330769,102466,34.97237430754074
uf225-960,uf225-024.cnf,225,32.8767,clause_shuffle,6,True,5822,188116,4549,32.311233253177605
uf225-960,uf225-024.cnf,225,32.8767,clause_shuffle,7,True,24848,840885,20212,33.84115421764327
uf225-960,uf225-024.cnf,225,32.8767,clause_shuffle,8,True,88016,3019504,72043,34.30630794401018
uf225-960,uf225-024.cnf,225,32.8767,clause_shuffle,9,True,8471,285099,6803,33.65588478337859
uf225-960,uf225-024.cnf,225,32.8767,var_rename,0,True,84489,2909100,69330,34.43170116819941
uf225-960,uf225-024.cnf,225,32.8767,var_rename,1,True,140771,4880150,116035,34.66729653124578
uf225-960,uf225-024.cnf,225,32.8767,var_rename,2,True,177300,6139748,145993,34.62914833615341
uf225-960,uf225-024.cnf,225,32.8767,var_rename,3,True,85530,2935826,70188,34.3251023032854
uf225-960,uf225-024.cnf,225,32.8767,var_rename,4,True,73495,2528397,60102,34.40229947615484
uf225-960,uf225-024.cnf,225,32.8767,var_rename,5,True,87106,3006057,71673,34.51033223888136
uf225-960,uf225-024.cnf,225,32.8767,var_rename,6,True,20793,703877,16794,33.85163276102534
uf225-960,uf225-024.cnf,225,32.8767,var_rename,7,True,19557,670092,15857,34.26353735235465
uf225-960,uf225-024.cnf,225,32.8767,var_rename,8,True,143600,4980167,118583,34.6808286908078
uf225-960,uf225-024.cnf,225,32.8767,var_rename,9,True,42455,1469705,34630,34.61794841596985
uf225-960,uf225-024.cnf,225,32.8767,phases,0,True,5436,182558,4323,33.583149374540106
uf225-960,uf225-024.cnf,225,32.8767,phases,1,True,184006,6386002,152232,34.70540091083986
uf225-960,uf225-024.cnf,225,32.8767,phases,2,True,23315,794343,18924,34.07004074630066
uf225-960,uf225-024.cnf,225,32.8767,phases,3,True,9073,304582,7340,33.570153201807564
uf225-960,uf225-024.cnf,225,32.8767,phases,4,True,4489,146690,3527,32.67765649365115
uf225-960,uf225-024.cnf,225,32.8767,phases,5,True,13802,465309,11052,33.71315751340386
uf225-960,uf225-024.cnf,225,32.8767,phases,6,True,122527,4238163,100867,34.58962514384584
uf225-960,uf225-024.cnf,225,32.8767,phases,7,True,45036,1544131,36752,34.28659294786393
uf225-960,uf225-024.cnf,225,32.8767,phases,8,True,138409,4803827,114059,34.70747566993476
uf225-960,uf225-024.cnf,225,32.8767,phases,9,True,101400,3492726,83281,34.445029585798814
uf225-960,uf225-024.cnf,225,32.8767,all,0,True,1566,49596,1182,31.67049808429119
uf225-960,uf225-024.cnf,225,32.8767,all,1,True,17744,619168,14450,34.894499549143376
uf225-960,uf225-024.cnf,225,32.8767,all,2,True,10732,363602,8684,33.88017144986955
uf225-960,uf225-024.cnf,225,32.8767,all,3,True,51385,1790783,42383,34.850306509681815
uf225-960,uf225-024.cnf,225,32.8767,all,4,True,9652,326347,7733,33.81133443845835
uf225-960,uf225-024.cnf,225,32.8767,all,5,True,104067,3577875,85401,34.38049525786273
uf225-960,uf225-024.cnf,225,32.8767,all,6,True,3423,107396,2612,31.374817411627227
uf225-960,uf225-024.cnf,225,32.8767,all,7,True,20627,701861,16699,34.02632472002715
uf225-960,uf225-024.cnf,225,32.8767,all,8,True,1372,43284,1018,31.548104956268222
uf225-960,uf225-024.cnf,225,32.8767,all,9,True,52217,1785001,42574,34.18428864163012
uf225-960,uf225-025.cnf,225,33.4783,identical,0,True,49760,1744728,40592,35.062861736334405
uf225-960,uf225-025.cnf,225,33.4783,identical,1,True,49760,1744728,40592,35.062861736334405
uf225-960,uf225-025.cnf,225,33.4783,identical,2,True,49760,1744728,40592,35.062861736334405
uf225-960,uf225-025.cnf,225,33.4783,identical,3,True,49760,1744728,40592,35.062861736334405
uf225-960,uf225-025.cnf,225,33.4783,identical,4,True,49760,1744728,40592,35.062861736334405
uf225-960,uf225-025.cnf,225,33.4783,identical,5,True,49760,1744728,40592,35.062861736334405
uf225-960,uf225-025.cnf,225,33.4783,identical,6,True,49760,1744728,40592,35.062861736334405
uf225-960,uf225-025.cnf,225,33.4783,identical,7,True,49760,1744728,40592,35.062861736334405
uf225-960,uf225-025.cnf,225,33.4783,identical,8,True,49760,1744728,40592,35.062861736334405
uf225-960,uf225-025.cnf,225,33.4783,identical,9,True,49760,1744728,40592,35.062861736334405
uf225-960,uf225-025.cnf,225,33.4783,clause_shuffle,0,True,25338,877310,20470,34.62427973794301
uf225-960,uf225-025.cnf,225,33.4783,clause_shuffle,1,True,23122,807688,18745,34.9315803131217
uf225-960,uf225-025.cnf,225,33.4783,clause_shuffle,2,True,17800,630398,14544,35.41561797752809
uf225-960,uf225-025.cnf,225,33.4783,clause_shuffle,3,True,3802,127239,2930,33.46633350867964
uf225-960,uf225-025.cnf,225,33.4783,clause_shuffle,4,True,58090,2038130,47619,35.085729041143054
uf225-960,uf225-025.cnf,225,33.4783,clause_shuffle,5,True,11046,372682,8733,33.73909107369183
uf225-960,uf225-025.cnf,225,33.4783,clause_shuffle,6,True,17944,621692,14490,34.64623272403032
uf225-960,uf225-025.cnf,225,33.4783,clause_shuffle,7,True,30212,1052934,24611,34.85151595392559
uf225-960,uf225-025.cnf,225,33.4783,clause_shuffle,8,True,12546,428590,9946,34.16148573250438
uf225-960,uf225-025.cnf,225,33.4783,clause_shuffle,9,True,59684,2098639,49029,35.16250586421822
uf225-960,uf225-025.cnf,225,33.4783,var_rename,0,True,24607,862617,20239,35.0557564920551
uf225-960,uf225-025.cnf,225,33.4783,var_rename,1,True,22394,783826,18174,35.00160757345718
uf225-960,uf225-025.cnf,225,33.4783,var_rename,2,True,29596,1044040,24305,35.27638870117583
uf225-960,uf225-025.cnf,225,33.4783,var_rename,3,True,43039,1515018,35013,35.2010502102744
uf225-960,uf225-025.cnf,225,33.4783,var_rename,4,True,26007,895608,21060,34.43718998731111
uf225-960,uf225-025.cnf,225,33.4783,var_rename,5,True,23744,843693,19601,35.53289252021563
uf225-960,uf225-025.cnf,225,33.4783,var_rename,6,True,1124,35463,840,31.550711743772244
uf225-960,uf225-025.cnf,225,33.4783,var_rename,7,True,20758,739452,16911,35.622506985258696
uf225-960,uf225-025.cnf,225,33.4783,var_rename,8,True,9310,313086,7386,33.62900107411386
uf225-960,uf225-025.cnf,225,33.4783,var_rename,9,True,11476,390691,9229,34.044179156500526
uf225-960,uf225-025.cnf,225,33.4783,phases,0,True,19935,688087,16046,34.516528718334584
uf225-960,uf225-025.cnf,225,33.4783,phases,1,True,7934,266934,6248,33.64431560373078
uf225-960,uf225-025.cnf,225,33.4783,phases,2,True,20622,729824,16867,35.39055377751915
uf225-960,uf225-025.cnf,225,33.4783,phases,3,True,19430,675879,15878,34.78533196088523
uf225-960,uf225-025.cnf,225,33.4783,phases,4,True,2817,94649,2216,33.599219027334044
uf225-960,uf225-025.cnf,225,33.4783,phases,5,True,10121,343701,8026,33.95919375555775
uf225-960,uf225-025.cnf,225,33.4783,phases,6,True,10341,361554,8333,34.96315636785611
uf225-960,uf225-025.cnf,225,33.4783,phases,7,True,10635,359092,8521,33.76511518570757
uf225-960,uf225-025.cnf,225,33.4783,phases,8,True,26263,916569,21207,34.89963065910216
uf225-960,uf225-025.cnf,225,33.4783,phases,9,True,8124,283519,6485,34.898941408173314
uf225-960,uf225-025.cnf,225,33.4783,all,0,True,21131,731545,17236,34.61951635038569
uf225-960,uf225-025.cnf,225,33.4783,all,1,True,12185,415504,9751,34.09963069347558
uf225-960,uf225-025.cnf,225,33.4783,all,2,True,33598,1174339,27162,34.952645990832785
uf225-960,uf225-025.cnf,225,33.4783,all,3,True,2910,95312,2256,32.753264604810994
uf225-960,uf225-025.cnf,225,33.4783,all,4,True,2929,94560,2190,32.28405599180608
uf225-960,uf225-025.cnf,225,33.4783,all,5,True,16033,550220,12861,34.317969188548616
uf225-960,uf225-025.cnf,225,33.4783,all,6,True,37531,1303412,30412,34.728944072899736
uf225-960,uf225-025.cnf,225,33.4783,all,7,True,32179,1121395,26221,34.84865906336431
uf225-960,uf225-025.cnf,225,33.4783,all,8,True,19440,669308,15608,34.42942386831276
uf225-960,uf225-025.cnf,225,33.4783,all,9,True,8806,300087,7007,34.07756075403134
uf225-960,uf225-026.cnf,225,32.3377,identical,0,True,46524,1587281,38607,34.117466253976446
uf225-960,uf225-026.cnf,225,32.3377,identical,1,True,46524,1587281,38607,34.117466253976446
uf225-960,uf225-026.cnf,225,32.3377,identical,2,True,46524,1587281,38607,34.117466253976446
uf225-960,uf225-026.cnf,225,32.3377,identical,3,True,46524,1587281,38607,34.117466253976446
uf225-960,uf225-026.cnf,225,32.3377,identical,4,True,46524,1587281,38607,34.117466253976446
uf225-960,uf225-026.cnf,225,32.3377,identical,5,True,46524,1587281,38607,34.117466253976446
uf225-960,uf225-026.cnf,225,32.3377,identical,6,True,46524,1587281,38607,34.117466253976446
uf225-960,uf225-026.cnf,225,32.3377,identical,7,True,46524,1587281,38607,34.117466253976446
uf225-960,uf225-026.cnf,225,32.3377,identical,8,True,46524,1587281,38607,34.117466253976446
uf225-960,uf225-026.cnf,225,32.3377,identical,9,True,46524,1587281,38607,34.117466253976446
uf225-960,uf225-026.cnf,225,32.3377,clause_shuffle,0,True,14249,471388,11662,33.082181205698646
uf225-960,uf225-026.cnf,225,32.3377,clause_shuffle,1,True,27221,908733,22565,33.38352742368025
uf225-960,uf225-026.cnf,225,32.3377,clause_shuffle,2,True,52935,1777134,44087,33.57200340039671
uf225-960,uf225-026.cnf,225,32.3377,clause_shuffle,3,True,8289,269649,6652,32.530944625407166
uf225-960,uf225-026.cnf,225,32.3377,clause_shuffle,4,True,4069,129374,3195,31.795035635291228
uf225-960,uf225-026.cnf,225,32.3377,clause_shuffle,5,True,18562,620624,15198,33.435190173472684
uf225-960,uf225-026.cnf,225,32.3377,clause_shuffle,6,True,6798,215497,5394,31.70005884083554
uf225-960,uf225-026.cnf,225,32.3377,clause_shuffle,7,True,1974,62005,1498,31.410840932117527
uf225-960,uf225-026.cnf,225,32.3377,clause_shuffle,8,True,434,11033,263,25.421658986175114
uf225-960,uf225-026.cnf,225,32.3377,clause_shuffle,9,True,26471,883093,21777,33.36077216576631
uf225-960,uf225-026.cnf,225,32.3377,var_rename,0,True,2719,86598,2103,31.849209268113277
uf225-960,uf225-026.cnf,225,32.3377,var_rename,1,True,4049,132521,3167,32.72931588046431
uf225-960,uf225-026.cnf,225,32.3377,var_rename,2,True,4417,145454,3535,32.93049581163686
uf225-960,uf225-026.cnf,225,32.3377,var_rename,3,True,3678,115468,2871,31.394235997824904
uf225-960,uf225-026.cnf,225,32.3377,var_rename,4,True,26078,865458,21469,33.187284300943325
uf225-960,uf225-026.cnf,225,32.3377,var_rename,5,True,7599,256643,6190,33.77325963942624
uf225-960,uf225-026.cnf,225,32.3377,var_rename,6,True,5556,177562,4465,31.95860331173506
uf225-960,uf225-026.cnf,225,32.3377,var_rename,7,True,306,7149,187,23.362745098039216
uf225-960,uf225-026.cnf,225,32.3377,var_rename,8,True,7448,242500,5948,32.55907626208378
uf225-960,uf225-026.cnf,225,32.3377,var_rename,9,True,25047,838300,20598,33.469078133109754
uf225-960,uf225-026.cnf,225,32.3377,phases,0,True,7571,246295,6096,32.53136970017171
uf225-960,uf225-026.cnf,225,32.3377,phases,1,True,1639,50925,1214,31.070774862721173
uf225-960,uf225-026.cnf,225,32.3377,phases,2,True,3966,130712,3167,32.95814422592032
uf225-960,uf225-026.cnf,225,32.3377,phases,3,True,26698,892314,21947,33.42250355831897
uf225-960,uf225-026.cnf,225,32.3377,phases,4,True,15389,505674,12468,32.85944505815843
uf225-960,uf225-026.cnf,225,32.3377,phases,5,True,18295,600991,15033,32.85001366493577
uf225-960,uf225-026.cnf,225,32.3377,phases,6,True,2823,87247,2129,30.905773999291533
uf225-960,uf225-026.cnf,225,32.3377,phases,7,True,8204,269083,6627,32.79900048756704
uf225-960,uf225-026.cnf,225,32.3377,phases,8,True,2009,61378,1527,30.551518168242907
uf225-960,uf225-026.cnf,225,32.3377,phases,9,True,1214,36676,910,30.210873146622735
uf225-960,uf225-026.cnf,225,32.3377,all,0,True,3063,98131,2438,32.0375448906301
uf225-960,uf225-026.cnf,225,32.3377,all,1,True,10807,357900,8870,33.1174238919219
uf225-960,uf225-026.cnf,225,32.3377,all,2,True,8897,291697,7150,32.785995279307635
uf225-960,uf225-026.cnf,225,32.3377,all,3,True,5333,177813,4328,33.34202137633602
uf225-960,uf225-026.cnf,225,32.3377,all,4,True,3505,110942,2753,31.65249643366619
uf225-960,uf225-026.cnf,225,32.3377,all,5,True,1878,56086,1389,29.864749733759318
uf225-960,uf225-026.cnf,225,32.3377,all,6,True,36220,1214424,29824,33.52909994478189
uf225-960,uf225-026.cnf,225,32.3377,all,7,True,15685,510957,12560,32.576155562639464
uf225-960,uf225-026.cnf,225,32.3377,all,8,True,28749,954770,23649,33.210546453789696
uf225-960,uf225-026.cnf,225,32.3377,all,9,True,13081,439487,10660,33.5973549422827
uf250-1065,uf250-01.cnf,250,36.9495,identical,0,True,10535,377718,8284,35.85363075462743
uf250-1065,uf250-01.cnf,250,36.9495,identical,1,True,10535,377718,8284,35.85363075462743
uf250-1065,uf250-01.cnf,250,36.9495,identical,2,True,10535,377718,8284,35.85363075462743
uf250-1065,uf250-01.cnf,250,36.9495,identical,3,True,10535,377718,8284,35.85363075462743
uf250-1065,uf250-01.cnf,250,36.9495,identical,4,True,10535,377718,8284,35.85363075462743
uf250-1065,uf250-01.cnf,250,36.9495,identical,5,True,10535,377718,8284,35.85363075462743
uf250-1065,uf250-01.cnf,250,36.9495,identical,6,True,10535,377718,8284,35.85363075462743
uf250-1065,uf250-01.cnf,250,36.9495,identical,7,True,10535,377718,8284,35.85363075462743
uf250-1065,uf250-01.cnf,250,36.9495,identical,8,True,10535,377718,8284,35.85363075462743
uf250-1065,uf250-01.cnf,250,36.9495,identical,9,True,10535,377718,8284,35.85363075462743
uf250-1065,uf250-01.cnf,250,36.9495,clause_shuffle,0,True,18548,678998,14808,36.60761268061246
uf250-1065,uf250-01.cnf,250,36.9495,clause_shuffle,1,True,13294,480001,10347,36.106589438844594
uf250-1065,uf250-01.cnf,250,36.9495,clause_shuffle,2,True,974,32627,674,33.497946611909654
uf250-1065,uf250-01.cnf,250,36.9495,clause_shuffle,3,True,19239,709861,15471,36.8969800925204
uf250-1065,uf250-01.cnf,250,36.9495,clause_shuffle,4,True,9382,349108,7503,37.21040289916862
uf250-1065,uf250-01.cnf,250,36.9495,clause_shuffle,5,True,275,5943,132,21.61090909090909
uf250-1065,uf250-01.cnf,250,36.9495,clause_shuffle,6,True,371,10913,219,29.41509433962264
uf250-1065,uf250-01.cnf,250,36.9495,clause_shuffle,7,True,9329,345003,7443,36.98177725372494
uf250-1065,uf250-01.cnf,250,36.9495,clause_shuffle,8,True,138677,5170108,113186,37.28165449209314
uf250-1065,uf250-01.cnf,250,36.9495,clause_shuffle,9,True,5164,178645,3925,34.59430673896205
uf250-1065,uf250-01.cnf,250,36.9495,var_rename,0,True,65095,2412213,52700,37.05680927874645
uf250-1065,uf250-01.cnf,250,36.9495,var_rename,1,True,71441,2665872,57940,37.31571506557859
uf250-1065,uf250-01.cnf,250,36.9495,var_rename,2,True,1995,68947,1500,34.559899749373436
uf250-1065,uf250-01.cnf,250,36.9495,var_rename,3,True,19585,727093,15681,37.12499361756446
uf250-1065,uf250-01.cnf,250,36.9495,var_rename,4,True,23234,856694,18616,36.87242833778084
uf250-1065,uf250-01.cnf,250,36.9495,var_rename,5,True,13908,497542,10925,35.77379925222893
uf250-1065,uf250-01.cnf,250,36.9495,var_rename,6,True,5556,200770,4301,36.135709143268535
uf250-1065,uf250-01.cnf,250,36.9495,var_rename,7,True,20159,738885,16038,36.65285976486929
uf250-1065,uf250-01.cnf,250,36.9495,var_rename,8,True,10040,368345,7866,36.68774900398407
uf250-1065,uf250-01.cnf,250,36.9495,var_rename,9,True,5970,208625,4581,34.94556113902848
uf250-1065,uf250-01.cnf,250,36.9495,phases,0,True,8732,310161,6751,35.520041227668344
uf250-1065,uf250-01.cnf,250,36.9495,phases,1,True,53108,2010011,43143,37.84761241244257
uf250-1065,uf250-01.cnf,250,36.9495,phases,2,True,813,25300,552,31.11931119311193
uf250-1065,uf250-01.cnf,250,36.9495,phases,3,True,40796,1508740,32551,36.98254730855966
uf250-1065,uf250-01.cnf,250,36.9495,phases,4,True,48270,1784885,38597,36.97710793453491
uf250-1065,uf250-01.cnf,250,36.9495,phases,5,True,6945,254361,5424,36.62505399568035
uf250-1065,uf250-01.cnf,250,36.9495,phases,6,True,10312,373603,8112,36.22992629945694
uf250-1065,uf250-01.cnf,250,36.9495,phases,7,True,64239,2411631,52145,37.5415401858684
uf250-1065,uf250-01.cnf,250,36.9495,phases,8,True,78360,2923400,63455,37.307299642674835
uf250-1065,uf250-01.cnf,250,36.9495,phases,9,True,17244,616751,13610,35.76612154952447
uf250-1065,uf250-01.cnf,250,36.9495,all,0,True,38979,1437589,31324,36.881115472433876
uf250-1065,uf250-01.cnf,250,36.9495,all,1,True,20824,781057,16708,37.50753937764118
uf250-1065,uf250-01.cnf,250,36.9495,all,2,True,16615,613623,13034,36.931868793259106
uf250-1065,uf250-01.cnf,250,36.9495,all,3,True,17755,639974,13902,36.04471979724021
uf250-1065,uf250-01.cnf,250,36.9495,all,4,True,21883,790631,17150,36.12991820134351
uf250-1065,uf250-01.cnf,250,36.9495,all,5,True,1445,48433,1062,33.51764705882353
uf250-1065,uf250-01.cnf,250,36.9495,all,6,True,25830,961292,20814,37.21610530391018
uf250-1065,uf250-01.cnf,250,36.9495,all,7,True,29159,1095937,23459,37.58486230666347
uf250-1065,uf250-01.cnf,250,36.9495,all,8,True,44706,1640967,36230,36.70574419541001
uf250-1065,uf250-01.cnf,250,36.9495,all,9,True,109235,4083425,88750,37.38202041470225
uf250-1065,uf250-010.cnf,250,36.273,identical,0,True,15267,556644,12026,36.460601296914916
uf250-1065,uf250-010.cnf,250,36.273,identical,1,True,15267,556644,12026,36.460601296914916
uf250-1065,uf250-010.cnf,250,36.273,identical,2,True,15267,556644,12026,36.460601296914916
uf250-1065,uf250-010.cnf,250,36.273,identical,3,True,15267,556644,12026,36.460601296914916
uf250-1065,uf250-010.cnf,250,36.273,identical,4,True,15267,556644,12026,36.460601296914916
uf250-1065,uf250-010.cnf,250,36.273,identical,5,True,15267,556644,12026,36.460601296914916
uf250-1065,uf250-010.cnf,250,36.273,identical,6,True,15267,556644,12026,36.460601296914916
uf250-1065,uf250-010.cnf,250,36.273,identical,7,True,15267,556644,12026,36.460601296914916
uf250-1065,uf250-010.cnf,250,36.273,identical,8,True,15267,556644,12026,36.460601296914916
uf250-1065,uf250-010.cnf,250,36.273,identical,9,True,15267,556644,12026,36.460601296914916
uf250-1065,uf250-010.cnf,250,36.273,clause_shuffle,0,True,31649,1164555,25364,36.79594931909381
uf250-1065,uf250-010.cnf,250,36.273,clause_shuffle,1,True,147852,5538566,121786,37.46020344668993
uf250-1065,uf250-010.cnf,250,36.273,clause_shuffle,2,True,3437,114170,2586,33.217922606924645
uf250-1065,uf250-010.cnf,250,36.273,clause_shuffle,3,True,84627,3135923,68725,37.05582142814941
uf250-1065,uf250-010.cnf,250,36.273,clause_shuffle,4,True,98440,3630745,80630,36.882822023567655
uf250-1065,uf250-010.cnf,250,36.273,clause_shuffle,5,True,77430,2887519,63288,37.291992767661114
uf250-1065,uf250-010.cnf,250,36.273,clause_shuffle,6,True,60486,2239498,49302,37.025063651092815
uf250-1065,uf250-010.cnf,250,36.273,clause_shuffle,7,True,70186,2620544,57238,37.33713276151939
uf250-1065,uf250-010.cnf,250,36.273,clause_shuffle,8,True,11325,412424,9104,36.41713024282561
uf250-1065,uf250-010.cnf,250,36.273,clause_shuffle,9,True,94391,3487065,76849,36.94276996747571
uf250-1065,uf250-010.cnf,250,36.273,var_rename,0,True,9684,355386,7721,36.69826517967782
uf250-1065,uf250-010.cnf,250,36.273,var_rename,1,True,108008,4033973,88502,37.348835271461375
uf250-1065,uf250-010.cnf,250,36.273,var_rename,2,True,25725,940191,20716,36.54775510204082
uf250-1065,uf250-010.cnf,250,36.273,var_rename,3,True,16754,600115,13288,35.81920735346783
uf250-1065,uf250-010.cnf,250,36.273,var_rename,4,True,5267,191520,4132,36.36225555344598
uf250-1065,uf250-010.cnf,250,36.273,var_rename,5,True,65730,2435957,53654,37.06004868401035
uf250-1065,uf250-010.cnf,250,36.273,var_rename,6,True,44355,1640888,36038,36.99443129297712
uf250-1065,uf250-010.cnf,250,36.273,var_rename,7,True,96308,3550573,78404,36.86685425925157
uf250-1065,uf250-010.cnf,250,36.273,var_rename,8,True,36683,1338532,29652,36.48916391789112
uf250-1065,uf250-010.cnf,250,36.273,var_rename,9,True,168644,6274175,138241,37.20366571001637
uf250-1065,uf250-010.cnf,250,36.273,phases,0,True,77439,2876912,63238,37.15068634667286
uf250-1065,uf250-010.cnf,250,36.273,phases,1,True,56890,2090467,46411,36.74577254350501
uf250-1065,uf250-010.cnf,250,36.273,phases,2,True,159162,5961434,130591,37.455133763084156
uf250-1065,uf250-010.cnf,250,36.273,phases,3,True,22123,819015,17837,37.02097364733535
uf250-1065,uf250-010.cnf,250,36.273,phases,4,True,62781,2318569,51110,36.93106194549306
uf250-1065,uf250-010.cnf,250,36.273,phases,5,True,47961,1809722,38923,37.73319989157857
uf250-1065,uf250-010.cnf,250,36.273,phases,6,True,104402,3865401,84939,37.02420451715484
uf250-1065,uf250-010.cnf,250,36.273,phases,7,True,9558,355172,7792,37.159656831973216
uf250-1065,uf250-010.cnf,250,36.273,phases,8,True,50640,1873062,41468,36.9877962085308
uf250-1065,uf250-010.cnf,250,36.273,phases,9,True,167963,6290064,137514,37.4491048623804
uf250-1065,uf250-010.cnf,250,36.273,all,0,True,23927,904027,19548,37.78271408868642
uf250-1065,uf250-010.cnf,250,36.273,all,1,True,154371,5739878,126262,37.18235938097182
uf250-1065,uf250-010.cnf,250,36.273,all,2,True,13106,478841,10453,36.53601403937128
uf250-1065,uf250-010.cnf,250,36.273,all,3,True,4020,142217,3105,35.3773631840796
uf250-1065,uf250-010.cnf,250,36.273,all,4,True,137645,5141775,113047,37.35533437465945
uf250-1065,uf250-010.cnf,250,36.273,all,5,True,47032,1760769,38404,37.43768072801497
uf250-1065,uf250-010.cnf,250,36.273,all,6,True,61266,2271454,49974,37.075278294649564
uf250-1065,uf250-010.cnf,250,36.273,all,7,True,85063,3128837,69231,36.78258467253683
uf250-1065,uf250-010.cnf,250,36.273,all,8,True,86621,3223602,70513,37.215017143648765
uf250-1065,uf250-010.cnf,250,36.273,all,9,True,88953,3293688,72613,37.02728407136353
uf250-1065,uf250-0100.cnf,250,37.3848,identical,0,True,120772,4546793,99022,37.647741198290994
uf250-1065,uf250-0100.cnf,250,37.3848,identical,1,True,120772,4546793,99022,37.647741198290994
uf250-1065,uf250-0100.cnf,250,37.3848,identical,2,True,120772,4546793,99022,37.647741198290994
uf250-1065,uf250-0100.cnf,250,37.3848,identical,3,True,120772,4546793,99022,37.647741198290994
uf250-1065,uf250-0100.cnf,250,37.3848,identical,4,True,120772,4546793,99022,37.647741198290994
uf250-1065,uf250-0100.cnf,250,37.3848,identical,5,True,120772,4546793,99022,37.647741198290994
uf250-1065,uf250-0100.cnf,250,37.3848,identical,6,True,120772,4546793,99022,37.647741198290994
uf250-1065,uf250-0100.cnf,250,37.3848,identical,7,True,120772,4546793,99022,37.647741198290994
uf250-1065,uf250-0100.cnf,250,37.3848,identical,8,True,120772,4546793,99022,37.647741198290994
uf250-1065,uf250-0100.cnf,250,37.3848,identical,9,True,120772,4546793,99022,37.647741198290994
uf250-1065,uf250-0100.cnf,250,37.3848,clause_shuffle,0,True,117084,4396630,95906,37.55107444228076
uf250-1065,uf250-0100.cnf,250,37.3848,clause_shuffle,1,True,96875,3604187,78671,37.20451096774194
uf250-1065,uf250-0100.cnf,250,37.3848,clause_shuffle,2,True,45938,1714966,37377,37.332186860551175
uf250-1065,uf250-0100.cnf,250,37.3848,clause_shuffle,3,True,414018,15741228,341978,38.020636783907946
uf250-1065,uf250-0100.cnf,250,37.3848,clause_shuffle,4,True,394023,14991913,326007,38.04831951434307
uf250-1065,uf250-0100.cnf,250,37.3848,clause_shuffle,5,True,89541,3340204,73047,37.303626271763775
uf250-1065,uf250-0100.cnf,250,37.3848,clause_shuffle,6,True,116169,4386071,95335,37.7559503826322
uf250-1065,uf250-0100.cnf,250,37.3848,clause_shuffle,7,True,157182,5906297,128647,37.57616648216717
uf250-1065,uf250-0100.cnf,250,37.3848,clause_shuffle,8,True,26393,960955,21216,36.409464630773314
uf250-1065,uf250-0100.cnf,250,37.3848,clause_shuffle,9,True,45673,1686984,37110,36.936132945066014
uf250-1065,uf250-0100.cnf,250,37.3848,var_rename,0,True,132231,4987327,108581,37.71677594512633
uf250-1065,uf250-0100.cnf,250,37.3848,var_rename,1,True,33859,1248888,27353,36.88496411589238
uf250-1065,uf250-0100.cnf,250,37.3848,var_rename,2,True,24578,921623,19903,37.49788428676052
uf250-1065,uf250-0100.cnf,250,37.3848,var_rename,3,True,11269,408753,9034,36.27234004791907
uf250-1065,uf250-0100.cnf,250,37.3848,var_rename,4,True,77780,2911997,63611,37.438891745950116
uf250-1065,uf250-0100.cnf,250,37.3848,var_rename,5,True,57471,2161923,46923,37.61763324111291
uf250-1065,uf250-0100.cnf,250,37.3848,var_rename,6,True,91595,3453220,75136,37.70096620994596
uf250-1065,uf250-0100.cnf,250,37.3848,var_rename,7,True,183300,6902574,150363,37.6572504091653
uf250-1065,uf250-0100.cnf,250,37.3848,var_rename,8,True,41577,1548217,33523,37.23734276162301
uf250-1065,uf250-0100.cnf,250,37.3848,var_rename,9,True,90411,3384182,73523,37.43108692526352
uf250-1065,uf250-0100.cnf,250,37.3848,phases,0,True,73378,2757868,60173,37.584398593583906
uf250-1065,uf250-0100.cnf,250,37.3848,phases,1,True,39863,1481380,32192,37.16177909339488
uf250-1065,uf250-0100.cnf,250,37.3848,phases,2,True,122448,4589504,100152,37.4812491833268
uf250-1065,uf250-0100.cnf,250,37.3848,phases,3,True,108432,4064725,88533,37.48639700457429
uf250-1065,uf250-0100.cnf,250,37.3848,phases,4,True,299811,11493593,247970,38.33612842757604
uf250-1065,uf250-0100.cnf,250,37.3848,phases,5,True,16070,586761,12789,36.51281891723709
uf250-1065,uf250-0100.cnf,250,37.3848,phases,6,True,9621,344000,7576,35.75511901049787
uf250-1065,uf250-0100.cnf,250,37.3848,phases,7,True,41656,1535726,33439,36.86686191665066
uf250-1065,uf250-0100.cnf,250,37.3848,phases,8,True,399374,15152901,328827,37.94163115275406
uf250-1065,uf250-0100.cnf,250,37.3848,phases,9,True,331789,12557502,274258,37.847855112737314
uf250-1065,uf250-0100.cnf,250,37.3848,all,0,True,48742,1821073,39546,37.36147470354109
uf250-1065,uf250-0100.cnf,250,37.3848,all,1,True,96178,3631704,78639,37.76023622865936
uf250-1065,uf250-0100.cnf,250,37.3848,all,2,True,233555,8800423,191528,37.680302284258524
uf250-1065,uf250-0100.cnf,250,37.3848,all,3,True,58378,2196943,47641,37.633063825413686
uf250-1065,uf250-0100.cnf,250,37.3848,all,4,True,260142,9839195,214209,37.82240084261672
uf250-1065,uf250-0100.cnf,250,37.3848,all,5,True,194944,7323611,159613,37.56776817957978
uf250-1065,uf250-0100.cnf,250,37.3848,all,6,True,215114,8152566,176353,37.89881644151473
uf250-1065,uf250-0100.cnf,250,37.3848,all,7,True,173071,6565925,142200,37.9377538697991
uf250-1065,uf250-0100.cnf,250,37.3848,all,8,True,226271,8513827,185531,37.626682164307404
uf250-1065,uf250-0100.cnf,250,37.3848,all,9,True,182487,6871142,150257,37.65277526618335
uf250-1065,uf250-011.cnf,250,36.1713,identical,0,True,454019,16774315,371725,36.94628418634463
uf250-1065,uf250-011.cnf,250,36.1713,identical,1,True,454019,16774315,371725,36.94628418634463
uf250-1065,uf250-011.cnf,250,36.1713,identical,2,True,454019,16774315,371725,36.94628418634463
uf250-1065,uf250-011.cnf,250,36.1713,identical,3,True,454019,16774315,371725,36.94628418634463
uf250-1065,uf250-011.cnf,250,36.1713,identical,4,True,454019,16774315,371725,36.94628418634463
uf250-1065,uf250-011.cnf,250,36.1713,identical,5,True,454019,16774315,371725,36.94628418634463
uf250-1065,uf250-011.cnf,250,36.1713,identical,6,True,454019,16774315,371725,36.94628418634463
uf250-1065,uf250-011.cnf,250,36.1713,identical,7,True,454019,16774315,371725,36.94628418634463
uf250-1065,uf250-011.cnf,250,36.1713,identical,8,True,454019,16774315,371725,36.94628418634463
uf250-1065,uf250-011.cnf,250,36.1713,identical,9,True,454019,16774315,371725,36.94628418634463
uf250-1065,uf250-011.cnf,250,36.1713,clause_shuffle,0,True,8531,293684,6639,34.425506974563355
uf250-1065,uf250-011.cnf,250,36.1713,clause_shuffle,1,True,85995,3129724,69797,36.394255479969765
uf250-1065,uf250-011.cnf,250,36.1713,clause_shuffle,2,True,257943,9531893,211222,36.95348584764851
uf250-1065,uf250-011.cnf,250,36.1713,clause_shuffle,3,True,14357,516594,11448,35.982029671937035
uf250-1065,uf250-011.cnf,250,36.1713,clause_shuffle,4,True,244116,8997094,199913,36.85581444886857
uf250-1065,uf250-011.cnf,250,36.1713,clause_shuffle,5,True,51317,1890584,41615,36.841280667225284
uf250-1065,uf250-011.cnf,250,36.1713,clause_shuffle,6,True,538858,19823174,441784,36.78737997765645
uf250-1065,uf250-011.cnf,250,36.1713,clause_shuffle,7,True,642926,23845273,529310,37.088674279777145
uf250-1065,uf250-011.cnf,250,36.1713,clause_shuffle,8,True,34427,1236060,27554,35.90379643884161
uf250-1065,uf250-011.cnf,250,36.1713,clause_shuffle,9,True,55578,2017204,45104,36.295008816438155
uf250-1065,uf250-011.cnf,250,36.1713,var_rename,0,True,260623,9631265,214213,36.9547775906194
uf250-1065,uf250-011.cnf,250,36.1713,var_rename,1,True,414592,15332344,340142,36.98176520531028
uf250-1065,uf250-011.cnf,250,36.1713,var_rename,2,True,229095,8399573,187050,36.66414806084812
uf250-1065,uf250-011.cnf,250,36.1713,var_rename,3,True,855250,31658885,704774,37.017111955568545
uf250-1065,uf250-011.cnf,250,36.1713,var_rename,4,True,901237,33390187,742030,37.04928559302381
uf250-1065,uf250-011.cnf,250,36.1713,var_rename,5,True,12844,456325,10164,35.528262223606355
uf250-1065,uf250-011.cnf,250,36.1713,var_rename,6,True,109469,3993779,88950,36.48319615598937
uf250-1065,uf250-011.cnf,250,36.1713,var_rename,7,True,1383598,51507166,1143955,37.22697344170778
uf250-1065,uf250-011.cnf,250,36.1713,var_rename,8,True,545051,20169550,447319,37.00488578133056
uf250-1065,uf250-011.cnf,250,36.1713,var_rename,9,True,209643,7673600,170842,36.603177783183796
uf250-1065,uf250-011.cnf,250,36.1713,phases,0,True,305038,11239542,249781,36.846366682183856
uf250-1065,uf250-011.cnf,250,36.1713,phases,1,True,391269,14417432,320949,36.84787703600336
uf250-1065,uf250-011.cnf,250,36.1713,phases,2,True,797309,29489347,656482,36.98609572951014
uf250-1065,uf250-011.cnf,250,36.1713,phases,3,True,280644,10373071,230715,36.96167030116447
uf250-1065,uf250-011.cnf,250,36.1713,phases,4,True,228683,8362622,186369,36.568621191780764
uf250-1065,uf250-011.cnf,250,36.1713,phases,5,True,258275,9528232,211462,36.89180911818798
uf250-1065,uf250-011.cnf,250,36.1713,phases,6,True,121387,4457466,98741,36.721115111173354
uf250-1065,uf250-011.cnf,250,36.1713,phases,7,True,178798,6557205,146216,36.673816261926866
uf250-1065,uf250-011.cnf,250,36.1713,phases,8,True,1254457,46565721,1035083,37.12022094021557
uf250-1065,uf250-011.cnf,250,36.1713,phases,9,True,250514,9225437,204630,36.82603367476468
uf250-1065,uf250-011.cnf,250,36.1713,all,0,True,250390,9195824,205216,36.72600343464196
uf250-1065,uf250-011.cnf,250,36.1713,all,1,True,400460,14821428,329382,37.01100734155721
uf250-1065,uf250-011.cnf,250,36.1713,all,2,True,170279,6236847,138961,36.627223556633524
uf250-1065,uf250-011.cnf,250,36.1713,all,3,True,225709,8262082,184082,36.605017965610585
uf250-1065,uf250-011.cnf,250,36.1713,all,4,True,267359,9847972,219378,36.83426404198101
uf250-1065,uf250-011.cnf,250,36.1713,all,5,True,314480,11636164,258836,37.00128466039176
uf250-1065,uf250-011.cnf,250,36.1713,all,6,True,277296,10266987,226826,37.025370001731005
uf250-1065,uf250-011.cnf,250,36.1713,all,7,True,268158,9901990,219295,36.92595410168632
uf250-1065,uf250-011.cnf,250,36.1713,all,8,True,1254511,46552834,1035863,37.10835058441098
uf250-1065,uf250-011.cnf,250,36.1713,all,9,True,404450,14959259,332480,36.98667078748918
uf250-1065,uf250-012.cnf,250,35.5721,identical,0,True,12838,454097,10215,35.37131952017448
uf250-1065,uf250-012.cnf,250,35.5721,identical,1,True,12838,454097,10215,35.37131952017448
uf250-1065,uf250-012.cnf,250,35.5721,identical,2,True,12838,454097,10215,35.37131952017448
uf250-1065,uf250-012.cnf,250,35.5721,identical,3,True,12838,454097,10215,35.37131952017448
uf250-1065,uf250-012.cnf,250,35.5721,identical,4,True,12838,454097,10215,35.37131952017448
uf250-1065,uf250-012.cnf,250,35.5721,identical,5,True,12838,454097,10215,35.37131952017448
uf250-1065,uf250-012.cnf,250,35.5721,identical,6,True,12838,454097,10215,35.37131952017448
uf250-1065,uf250-012.cnf,250,35.5721,identical,7,True,12838,454097,10215,35.37131952017448
uf250-1065,uf250-012.cnf,250,35.5721,identical,8,True,12838,454097,10215,35.37131952017448
uf250-1065,uf250-012.cnf,250,35.5721,identical,9,True,12838,454097,10215,35.37131952017448
uf250-1065,uf250-012.cnf,250,35.5721,clause_shuffle,0,True,50610,1813587,41060,35.83455838767042
uf250-1065,uf250-012.cnf,250,35.5721,clause_shuffle,1,True,18145,643886,14541,35.48558831634059
uf250-1065,uf250-012.cnf,250,35.5721,clause_shuffle,2,True,88357,3202175,72252,36.24132779519449
uf250-1065,uf250-012.cnf,250,35.5721,clause_shuffle,3,True,75384,2753267,61683,36.52322774063462
uf250-1065,uf250-012.cnf,250,35.5721,clause_shuffle,4,True,123751,4527469,102485,36.58531244191966
uf250-1065,uf250-012.cnf,250,35.5721,clause_shuffle,5,True,68174,2476825,55967,36.33093261360636
uf250-1065,uf250-012.cnf,250,35.5721,clause_shuffle,6,True,52950,1917350,43326,36.21057601510859
uf250-1065,uf250-012.cnf,250,35.5721,clause_shuffle,7,True,93496,3396991,76527,36.33300889877642
uf250-1065,uf250-012.cnf,250,35.5721,clause_shuffle,8,True,53782,1938983,43858,36.052638429214234
uf250-1065,uf250-012.cnf,250,35.5721,clause_shuffle,9,True,105776,3844929,86797,36.34972961730449
uf250-1065,uf250-012.cnf,250,35.5721,var_rename,0,True,21967,777284,17704,35.38416715983065
uf250-1065,uf250-012.cnf,250,35.5721,var_rename,1,True,76337,2749280,62392,36.01503857893289
uf250-1065,uf250-012.cnf,250,35.5721,var_rename,2,True,21997,808286,17833,36.74528344774287
uf250-1065,uf250-012.cnf,250,35.5721,var_rename,3,True,98247,3536808,80255,35.99914501206144
uf250-1065,uf250-012.cnf,250,35.5721,var_rename,4,True,86192,3115900,70289,36.15068683868572
uf250-1065,uf250-012.cnf,250,35.5721,var_rename,5,True,7561,266704,5944,35.2736410527708
uf250-1065,uf250-012.cnf,250,35.5721,var_rename,6,True,88046,3188884,72071,36.218385843763485
uf250-1065,uf250-012.cnf,250,35.5721,var_rename,7,True,165813,6080352,136568,36.669935409165745
uf250-1065,uf250-012.cnf,250,35.5721,var_rename,8,True,107858,3922933,88752,36.37127519516401
uf250-1065,uf250-012.cnf,250,35.5721,var_rename,9,True,96719,3498044,79288,36.16708195907733
uf250-1065,uf250-012.cnf,250,35.5721,phases,0,True,7991,280740,6400,35.13202352646728
uf250-1065,uf250-012.cnf,250,35.5721,phases,1,True,92063,3328051,75057,36.14971269674027
uf250-1065,uf250-012.cnf,250,35.5721,phases,2,True,98115,3504788,79924,35.721225093003106
uf250-1065,uf250-012.cnf,250,35.5721,phases,3,True,147663,5400364,121552,36.572221883613366
uf250-1065,uf250-012.cnf,250,35.5721,phases,4,True,94487,3417303,77510,36.16691185030745
uf250-1065,uf250-012.cnf,250,35.5721,phases,5,True,59984,2181522,48987,36.36839823953054
uf250-1065,uf250-012.cnf,250,35.5721,phases,6,True,98541,3555800,80707,36.08447245309059
uf250-1065,uf250-012.cnf,250,35.5721,phases,7,True,165483,6014770,136008,36.3467546515352
uf250-1065,uf250-012.cnf,250,35.5721,phases,8,True,113461,4124708,93197,36.35353116930047
uf250-1065,uf250-012.cnf,250,35.5721,phases,9,True,132988,4858482,109777,36.53323608145096
uf250-1065,uf250-012.cnf,250,35.5721,all,0,True,86141,3107798,70088,36.07803484983922
uf250-1065,uf250-012.cnf,250,35.5721,all,1,True,81864,2959143,66672,36.14706097918499
uf250-1065,uf250-012.cnf,250,35.5721,all,2,True,5000,172783,3895,34.5566
uf250-1065,uf250-012.cnf,250,35.5721,all,3,True,15985,573601,12928,35.883703472005
uf250-1065,uf250-012.cnf,250,35.5721,all,4,True,9284,330115,7422,35.55741059887979
uf250-1065,uf250-012.cnf,250,35.5721,all,5,True,63612,2316080,51913,36.40948248758096
uf250-1065,uf250-012.cnf,250,35.5721,all,6,True,1576,55384,1182,35.142131979695435
uf250-1065,uf250-012.cnf,250,35.5721,all,7,True,48141,1715995,38967,35.64518809330924
uf250-1065,uf250-012.cnf,250,35.5721,all,8,True,7132,250594,5645,35.136567582725746
uf250-1065,uf250-012.cnf,250,35.5721,all,9,True,21709,774727,17543,35.68690404901193
uf250-1065,uf250-013.cnf,250,35.1105,identical,0,True,110854,4086639,91879,36.86505674129937
uf250-1065,uf250-013.cnf,250,35.1105,identical,1,True,110854,4086639,91879,36.86505674129937
uf250-1065,uf250-013.cnf,250,35.1105,identical,2,True,110854,4086639,91879,36.86505674129937
uf250-1065,uf250-013.cnf,250,35.1105,identical,3,True,110854,4086639,91879,36.86505674129937
uf250-1065,uf250-013.cnf,250,35.1105,identical,4,True,110854,4086639,91879,36.86505674129937
uf250-1065,uf250-013.cnf,250,35.1105,identical,5,True,110854,4086639,91879,36.86505674129937
uf250-1065,uf250-013.cnf,250,35.1105,identical,6,True,110854,4086639,91879,36.86505674129937
uf250-1065,uf250-013.cnf,250,35.1105,identical,7,True,110854,4086639,91879,36.86505674129937
uf250-1065,uf250-013.cnf,250,35.1105,identical,8,True,110854,4086639,91879,36.86505674129937
uf250-1065,uf250-013.cnf,250,35.1105,identical,9,True,110854,4086639,91879,36.86505674129937
uf250-1065,uf250-013.cnf,250,35.1105,clause_shuffle,0,True,121606,4508351,100554,37.07342565333947
uf250-1065,uf250-013.cnf,250,35.1105,clause_shuffle,1,True,36081,1310665,29247,36.325628447105125
uf250-1065,uf250-013.cnf,250,35.1105,clause_shuffle,2,True,113477,4184920,93427,36.87901513081946
uf250-1065,uf250-013.cnf,250,35.1105,clause_shuffle,3,True,199839,7365001,165233,36.85467301177448
uf250-1065,uf250-013.cnf,250,35.1105,clause_shuffle,4,True,64991,2360291,53217,36.317197765844504
uf250-1065,uf250-013.cnf,250,35.1105,clause_shuffle,5,True,202280,7404979,166929,36.60756871663041
uf250-1065,uf250-013.cnf,250,35.1105,clause_shuffle,6,True,29501,1038271,23734,35.1944340869801
uf250-1065,uf250-013.cnf,250,35.1105,clause_shuffle,7,True,137738,5063850,113389,36.76436422773672
uf250-1065,uf250-013.cnf,250,35.1105,clause_shuffle,8,True,156389,5742324,128670,36.718209081201366
uf250-1065,uf250-013.cnf,250,35.1105,clause_shuffle,9,True,81795,2985154,67214,36.49555596307843
uf250-1065,uf250-013.cnf,250,35.1105,var_rename,0,True,50912,1844345,41869,36.226135292269014
uf250-1065,uf250-013.cnf,250,35.1105,var_rename,1,True,261824,9674007,217080,36.9485112136397
uf250-1065,uf250-013.cnf,250,35.1105,var_rename,2,True,75636,2756480,62079,36.44402136548734
uf250-1065,uf250-013.cnf,250,35.1105,var_rename,3,True,96218,3485598,78881,36.226049179987115
uf250-1065,uf250-013.cnf,250,35.1105,var_rename,4,True,51454,1872206,41950,36.38601469273526
uf250-1065,uf250-013.cnf,250,35.1105,var_rename,5,True,145985,5412270,121003,37.0741514539165
uf250-1065,uf250-013.cnf,250,35.1105,var_rename,6,True,182126,6691227,149915,36.73954844448349
uf250-1065,uf250-013.cnf,250,35.1105,var_rename,7,True,68510,2475502,56021,36.13344037366808
uf250-1065,uf250-013.cnf,250,35.1105,var_rename,8,True,262563,9656474,217239,36.77774096121693
uf250-1065,uf250-013.cnf,250,35.1105,var_rename,9,True,98450,3573881,80691,36.30148298628745
uf250-1065,uf250-013.cnf,250,35.1105,phases,0,True,56979,2069052,46287,36.312536197546464
uf250-1065,uf250-013.cnf,250,35.1105,phases,1,True,13797,486572,10902,35.26650721171269
uf250-1065,uf250-013.cnf,250,35.1105,phases,2,True,201304,7442799,166449,36.97293148670667
uf250-1065,uf250-013.cnf,250,35.1105,phases,3,True,53964,1963137,44111,36.378641316433175
uf250-1065,uf250-013.cnf,250,35.1105,phases,4,True,149628,5530405,123188,36.96103002111904
uf250-1065,uf250-013.cnf,250,35.1105,phases,5,True,71602,2594526,58329,36.235384486466856
uf250-1065,uf250-013.cnf,250,35.1105,phases,6,True,292414,10847551,242830,37.096551464704156
uf250-1065,uf250-013.cnf,250,35.1105,phases,7,True,40717,1489666,33246,36.58584866272073
uf250-1065,uf250-013.cnf,250,35.1105,phases,8,True,266536,9836286,220280,36.90415553621274
uf250-1065,uf250-013.cnf,250,35.1105,phases,9,True,57106,2097179,47108,36.724319686197596
uf250-1065,uf250-013.cnf,250,35.1105,all,0,True,202925,7488822,167733,36.90438339287914
uf250-1065,uf250-013.cnf,250,35.1105,all,1,True,123436,4538345,101601,36.76678602676691
uf250-1065,uf250-013.cnf,250,35.1105,all,2,True,120062,4390557,99029,36.569080974829674
uf250-1065,uf250-013.cnf,250,35.1105,all,3,True,154664,5654868,127407,36.56227693580924
uf250-1065,uf250-013.cnf,250,35.1105,all,4,True,77004,2811520,63141,36.511350059737154
uf250-1065,uf250-013.cnf,250,35.1105,all,5,True,125267,4582937,103368,36.58534969305563
uf250-1065,uf250-013.cnf,250,35.1105,all,6,True,265908,9839053,219853,37.001718639529464
uf250-1065,uf250-013.cnf,250,35.1105,all,7,True,134545,4927998,110973,36.62713590248616
uf250-1065,uf250-013.cnf,250,35.1105,all,8,True,22268,809329,18067,36.34493443506377
uf250-1065,uf250-013.cnf,250,35.1105,all,9,True,96500,3525111,79242,36.529647668393785
uf250-1065,uf250-014.cnf,250,35.8271,identical,0,True,31570,1144658,25379,36.257776369971495
uf250-1065,uf250-014.cnf,250,35.8271,identical,1,True,31570,1144658,25379,36.257776369971495
uf250-1065,uf250-014.cnf,250,35.8271,identical,2,True,31570,1144658,25379,36.257776369971495
uf250-1065,uf250-014.cnf,250,35.8271,identical,3,True,31570,1144658,25379,36.257776369971495
uf250-1065,uf250-014.cnf,250,35.8271,identical,4,True,31570,1144658,25379,36.257776369971495
uf250-1065,uf250-014.cnf,250,35.8271,identical,5,True,31570,1144658,25379,36.257776369971495
uf250-1065,uf250-014.cnf,250,35.8271,identical,6,True,31570,1144658,25379,36.257776369971495
uf250-1065,uf250-014.cnf,250,35.8271,identical,7,True,31570,1144658,25379,36.257776369971495
uf250-1065,uf250-014.cnf,250,35.8271,identical,8,True,31570,1144658,25379,36.257776369971495
uf250-1065,uf250-014.cnf,250,35.8271,identical,9,True,31570,1144658,25379,36.257776369971495
uf250-1065,uf250-014.cnf,250,35.8271,clause_shuffle,0,True,52320,1914169,42342,36.58579892966361
uf250-1065,uf250-014.cnf,250,35.8271,clause_shuffle,1,True,10736,388124,8509,36.15163934426229
uf250-1065,uf250-014.cnf,250,35.8271,clause_shuffle,2,True,122204,4564019,100406,37.347541815325194
uf250-1065,uf250-014.cnf,250,35.8271,clause_shuffle,3,True,23512,864697,18891,36.77683735964614
uf250-1065,uf250-014.cnf,250,35.8271,clause_shuffle,4,True,21966,775191,17469,35.29049440043704
uf250-1065,uf250-014.cnf,250,35.8271,clause_shuffle,5,True,74376,2774173,60478,37.29930353877595
uf250-1065,uf250-014.cnf,250,35.8271,clause_shuffle,6,True,74202,2737064,60392,36.88666073690736
uf250-1065,uf250-014.cnf,250,35.8271,clause_shuffle,7,True,52290,1951255,42387,37.316026008797095
uf250-1065,uf250-014.cnf,250,35.8271,clause_shuffle,8,True,11082,397690,8780,35.886121638693375
uf250-1065,uf250-014.cnf,250,35.8271,clause_shuffle,9,True,21809,783350,17289,35.9186574350039
uf250-1065,uf250-014.cnf,250,35.8271,var_rename,0,True,116211,4297255,94818,36.97803994458356
uf250-1065,uf250-014.cnf,250,35.8271,var_rename,1,True,109830,4093041,90186,37.26705818082491
uf250-1065,uf250-014.cnf,250,35.8271,var_rename,2,True,24198,885802,19582,36.606413753202744
uf250-1065,uf250-014.cnf,250,35.8271,var_rename,3,True,157365,5817744,129000,36.969745496139545
uf250-1065,uf250-014.cnf,250,35.8271,var_rename,4,True,32834,1193095,26660,36.33718097094475
uf250-1065,uf250-014.cnf,250,35.8271,var_rename,5,True,27499,999821,22451,36.358449398159934
uf250-1065,uf250-014.cnf,250,35.8271,var_rename,6,True,78098,2903640,64144,37.179441214883866
uf250-1065,uf250-014.cnf,250,35.8271,var_rename,7,True,2752,90856,2039,33.01453488372093
uf250-1065,uf250-014.cnf,250,35.8271,var_rename,8,True,63426,2341309,51939,36.91402579383849
uf250-1065,uf250-014.cnf,250,35.8271,var_rename,9,True,10578,380487,8381,35.96965399886557
uf250-1065,uf250-014.cnf,250,35.8271,phases,0,True,7727,275943,6116,35.7115309952116
uf250-1065,uf250-014.cnf,250,35.8271,phases,1,True,77040,2788714,62464,36.19826064382139
uf250-1065,uf250-014.cnf,250,35.8271,phases,2,True,101776,3716443,83064,36.51590748310014
uf250-1065,uf250-014.cnf,250,35.8271,phases,3,True,42550,1544535,34263,36.299294947121034
uf250-1065,uf250-014.cnf,250,35.8271,phases,4,True,130541,4832666,106997,37.020292475161064
uf250-1065,uf250-014.cnf,250,35.8271,phases,5,True,21784,791023,17505,36.312109805361736
uf250-1065,uf250-014.cnf,250,35.8271,phases,6,True,68270,2506043,55461,36.707821883697086
uf250-1065,uf250-014.cnf,250,35.8271,phases,7,True,51080,1885029,41424,36.90346515270164
uf250-1065,uf250-014.cnf,250,35.8271,phases,8,True,51493,1887569,41640,36.656807721437865
uf250-1065,uf250-014.cnf,250,35.8271,phases,9,True,54970,1998772,44591,36.36114244133164
uf250-1065,uf250-014.cnf,250,35.8271,all,0,True,47970,1768770,39064,36.872420262664164
uf250-1065,uf250-014.cnf,250,35.8271,all,1,True,13028,467630,10274,35.894227817009515
uf250-1065,uf250-014.cnf,250,35.8271,all,2,True,61640,2278891,50107,36.9709766385464
uf250-1065,uf250-014.cnf,250,35.8271,all,3,True,99239,3688787,81304,37.17073932627294
uf250-1065,uf250-014.cnf,250,35.8271,all,4,True,57095,2095372,46352,36.69974603730624
uf250-1065,uf250-014.cnf,250,35.8271,all,5,True,2701,92804,2015,34.359126249537205
uf250-1065,uf250-014.cnf,250,35.8271,all,6,True,9443,333029,7450,35.26728793815525
uf250-1065,uf250-014.cnf,250,35.8271,all,7,True,38337,1386321,30953,36.16143673213867
uf250-1065,uf250-014.cnf,250,35.8271,all,8,True,512,13456,313,26.28125
uf250-1065,uf250-014.cnf,250,35.8271,all,9,True,37387,1353943,30310,36.21427234065317
uf250-1065,uf250-015.cnf,250,36.7665,identical,0,True,30731,1153405,24882,37.532296378249974
uf250-1065,uf250-015.cnf,250,36.7665,identical,1,True,30731,1153405,24882,37.532296378249974
uf250-1065,uf250-015.cnf,250,36.7665,identical,2,True,30731,1153405,24882,37.532296378249974
uf250-1065,uf250-015.cnf,250,36.7665,identical,3,True,30731,1153405,24882,37.532296378249974
uf250-1065,uf250-015.cnf,250,36.7665,identical,4,True,30731,1153405,24882,37.532296378249974
uf250-1065,uf250-015.cnf,250,36.7665,identical,5,True,30731,1153405,24882,37.532296378249974
uf250-1065,uf250-015.cnf,250,36.7665,identical,6,True,30731,1153405,24882,37.532296378249974
uf250-1065,uf250-015.cnf,250,36.7665,identical,7,True,30731,1153405,24882,37.532296378249974
uf250-1065,uf250-015.cnf,250,36.7665,identical,8,True,30731,1153405,24882,37.532296378249974
uf250-1065,uf250-015.cnf,250,36.7665,identical,9,True,30731,1153405,24882,37.532296378249974
uf250-1065,uf250-015.cnf,250,36.7665,clause_shuffle,0,True,30392,1132661,24557,37.26839299815741
uf250-1065,uf250-015.cnf,250,36.7665,clause_shuffle,1,True,31722,1175167,25555,37.045804173759535
uf250-1065,uf250-015.cnf,250,36.7665,clause_shuffle,2,True,10224,375058,8210,36.68407668231612
uf250-1065,uf250-015.cnf,250,36.7665,clause_shuffle,3,True,11210,402069,8877,35.86699375557538
uf250-1065,uf250-015.cnf,250,36.7665,clause_shuffle,4,True,1221,44798,925,36.68959868959869
uf250-1065,uf250-015.cnf,250,36.7665,clause_shuffle,5,True,25048,934110,20451,37.29279782816992
uf250-1065,uf250-015.cnf,250,36.7665,clause_shuffle,6,True,22007,801496,17573,36.42004816649248
uf250-1065,uf250-015.cnf,250,36.7665,clause_shuffle,7,True,11762,429009,9362,36.47415405543275
uf250-1065,uf250-015.cnf,250,36.7665,clause_shuffle,8,True,14048,517981,11284,36.87222380410023
uf250-1065,uf250-015.cnf,250,36.7665,clause_shuffle,9,True,19725,748359,16137,37.93961977186312
uf250-1065,uf250-015.cnf,250,36.7665,var_rename,0,True,8909,333470,7158,37.430688068245594
uf250-1065,uf250-015.cnf,250,36.7665,var_rename,1,True,15859,580414,12698,36.59839838577464
uf250-1065,uf250-015.cnf,250,36.7665,var_rename,2,True,58020,2190028,47430,37.74608755601517
uf250-1065,uf250-015.cnf,250,36.7665,var_rename,3,True,32193,1203120,26061,37.3720995247414
uf250-1065,uf250-015.cnf,250,36.7665,var_rename,4,True,11184,408823,9056,36.554273962804004
uf250-1065,uf250-015.cnf,250,36.7665,var_rename,5,True,15892,581620,12604,36.59828844701737
uf250-1065,uf250-015.cnf,250,36.7665,var_rename,6,True,3598,132755,2779,36.89688715953307
uf250-1065,uf250-015.cnf,250,36.7665,var_rename,7,True,8512,312228,6791,36.68092105263158
uf250-1065,uf250-015.cnf,250,36.7665,var_rename,8,True,4660,164488,3661,35.29785407725322
uf250-1065,uf250-015.cnf,250,36.7665,var_rename,9,True,10915,401013,8727,36.739624370132844
uf250-1065,uf250-015.cnf,250,36.7665,phases,0,True,4174,153448,3289,36.762817441303305
uf250-1065,uf250-015.cnf,250,36.7665,phases,1,True,1332,44638,959,33.512012012012015
uf250-1065,uf250-015.cnf,250,36.7665,phases,2,True,18472,682159,14848,36.92935253356431
uf250-1065,uf250-015.cnf,250,36.7665,phases,3,True,8304,298718,6613,35.972784200385355
uf250-1065,uf250-015.cnf,250,36.7665,phases,4,True,22460,837335,18081,37.28116651825467
uf250-1065,uf250-015.cnf,250,36.7665,phases,5,True,5656,205996,4468,36.42079207920792
uf250-1065,uf250-015.cnf,250,36.7665,phases,6,True,10919,402657,8689,36.87672863815368
uf250-1065,uf250-015.cnf,250,36.7665,phases,7,True,16476,598162,13057,36.305049769361496
uf250-1065,uf250-015.cnf,250,36.7665,phases,8,True,21609,807400,17455,37.36406127076681
uf250-1065,uf250-015.cnf,250,36.7665,phases,9,True,32831,1218814,26314,37.12387682373367
uf250-1065,uf250-015.cnf,250,36.7665,all,0,True,8642,321295,6924,37.1783152048137
uf250-1065,uf250-015.cnf,250,36.7665,all,1,True,1154,38375,842,33.25389948006932
uf250-1065,uf250-015.cnf,250,36.7665,all,2,True,22202,817897,17970,36.838888388433475
uf250-1065,uf250-015.cnf,250,36.7665,all,3,True,2899,106482,2268,36.73059675750259
uf250-1065,uf250-015.cnf,250,36.7665,all,4,True,10761,393062,8623,36.52653099154354
uf250-1065,uf250-015.cnf,250,36.7665,all,5,True,18476,684375,14827,37.04129681749296
uf250-1065,uf250-015.cnf,250,36.7665,all,6,True,3016,102446,2270,33.967506631299734
uf250-1065,uf250-015.cnf,250,36.7665,all,7,True,15917,587515,12793,36.91116416410127
uf250-1065,uf250-015.cnf,250,36.7665,all,8,True,3005,104304,2308,34.71014975041597
uf250-1065,uf250-015.cnf,250,36.7665,all,9,True,1727,61977,1310,35.88708743485814
uf250-1065,uf250-016.cnf,250,35.8155,identical,0,True,9538,348230,7722,36.50975047179702
uf250-1065,uf250-016.cnf,250,35.8155,identical,1,True,9538,348230,7722,36.50975047179702
uf250-1065,uf250-016.cnf,250,35.8155,identical,2,True,9538,348230,7722,36.50975047179702
uf250-1065,uf250-016.cnf,250,35.8155,identical,3,True,9538,348230,7722,36.50975047179702
uf250-1065,uf250-016.cnf,250,35.8155,identical,4,True,9538,348230,7722,36.50975047179702
uf250-1065,uf250-016.cnf,250,35.8155,identical,5,True,9538,348230,7722,36.50975047179702
uf250-1065,uf250-016.cnf,250,35.8155,identical,6,True,9538,348230,7722,36.50975047179702
uf250-1065,uf250-016.cnf,250,35.8155,identical,7,True,9538,348230,7722,36.50975047179702
uf250-1065,uf250-016.cnf,250,35.8155,identical,8,True,9538,348230,7722,36.50975047179702
uf250-1065,uf250-016.cnf,250,35.8155,identical,9,True,9538,348230,7722,36.50975047179702
uf250-1065,uf250-016.cnf,250,35.8155,clause_shuffle,0,True,64919,2386146,52827,36.75574177051403
uf250-1065,uf250-016.cnf,250,35.8155,clause_shuffle,1,True,19975,739164,16185,37.004455569461825
uf250-1065,uf250-016.cnf,250,35.8155,clause_shuffle,2,True,22434,825234,18148,36.78496924311313
uf250-1065,uf250-016.cnf,250,35.8155,clause_shuffle,3,True,123641,4586715,101742,37.09703900809602
uf250-1065,uf250-016.cnf,250,35.8155,clause_shuffle,4,True,72556,2653136,59013,36.566734660124595
uf250-1065,uf250-016.cnf,250,35.8155,clause_shuffle,5,True,54643,2019658,44981,36.96096480793514
uf250-1065,uf250-016.cnf,250,35.8155,clause_shuffle,6,True,43598,1603749,35189,36.784921326666364
uf250-1065,uf250-016.cnf,250,35.8155,clause_shuffle,7,True,92553,3408256,75877,36.82491113200005
uf250-1065,uf250-016.cnf,250,35.8155,clause_shuffle,8,True,43257,1597025,35082,36.91945812238482
uf250-1065,uf250-016.cnf,250,35.8155,clause_shuffle,9,True,109870,4032992,89274,36.706944570856464
uf250-1065,uf250-016.cnf,250,35.8155,var_rename,0,True,21339,780622,17311,36.58193917240733
uf250-1065,uf250-016.cnf,250,35.8155,var_rename,1,True,21022,772910,17068,36.766720578441635
uf250-1065,uf250-016.cnf,250,35.8155,var_rename,2,True,122907,4544240,101272,36.97299584238489
uf250-1065,uf250-016.cnf,250,35.8155,var_rename,3,True,7109,255923,5621,35.999859333239556
uf250-1065,uf250-016.cnf,250,35.8155,var_rename,4,True,75806,2809336,61911,37.05954673772525
uf250-1065,uf250-016.cnf,250,35.8155,var_rename,5,True,37010,1352508,29878,36.54439340718724
uf250-1065,uf250-016.cnf,250,35.8155,var_rename,6,True,14827,533845,12008,36.004923450461995
uf250-1065,uf250-016.cnf,250,35.8155,var_rename,7,True,75223,2772949,61295,36.86304720630658
uf250-1065,uf250-016.cnf,250,35.8155,var_rename,8,True,33738,1232905,27376,36.54351176714684
uf250-1065,uf250-016.cnf,250,35.8155,var_rename,9,True,44978,1667380,36684,37.071012494997554
uf250-1065,uf250-016.cnf,250,35.8155,phases,0,True,50201,1850345,41027,36.85872791378658
uf250-1065,uf250-016.cnf,250,35.8155,phases,1,True,77736,2863441,63468,36.83545590202738
uf250-1065,uf250-016.cnf,250,35.8155,phases,2,True,62800,2308389,50870,36.757786624203824
uf250-1065,uf250-016.cnf,250,35.8155,phases,3,True,28079,1025851,22775,36.53445635528331
uf250-1065,uf250-016.cnf,250,35.8155,phases,4,True,36473,1322596,29393,36.26233103939901
uf250-1065,uf250-016.cnf,250,35.8155,phases,5,True,4464,151813,3420,34.00828853046595
uf250-1065,uf250-016.cnf,250,35.8155,phases,6,True,4810,168433,3752,35.017255717255715
uf250-1065,uf250-016.cnf,250,35.8155,phases,7,True,23376,857949,18984,36.702130390143736
uf250-1065,uf250-016.cnf,250,35.8155,phases,8,True,45845,1676465,37415,36.56810993565274
uf250-1065,uf250-016.cnf,250,35.8155,phases,9,True,51825,1902948,42353,36.71872648335745
uf250-1065,uf250-016.cnf,250,35.8155,all,0,True,45242,1649882,36748,36.467928031475175
uf250-1065,uf250-016.cnf,250,35.8155,all,1,True,85176,3132805,69438,36.780372405372404
uf250-1065,uf250-016.cnf,250,35.8155,all,2,True,30053,1098120,24296,36.53944697700729
uf250-1065,uf250-016.cnf,250,35.8155,all,3,True,261712,9709794,215727,37.10106529314667
uf250-1065,uf250-016.cnf,250,35.8155,all,4,True,53096,1950531,43096,36.73593114358897
uf250-1065,uf250-016.cnf,250,35.8155,all,5,True,129385,4773048,106338,36.890273215596864
uf250-1065,uf250-016.cnf,250,35.8155,all,6,True,3763,129315,2869,34.36486845601913
uf250-1065,uf250-016.cnf,250,35.8155,all,7,True,84585,3113044,68845,36.8037358869776
uf250-1065,uf250-016.cnf,250,35.8155,all,8,True,57555,2115571,46993,36.75737989748936
uf250-1065,uf250-016.cnf,250,35.8155,all,9,True,75711,2771648,61774,36.608260358468385
uf250-1065,uf250-017.cnf,250,35.2779,identical,0,True,147779,5385547,122552,36.44324971748354
uf250-1065,uf250-017.cnf,250,35.2779,identical,1,True,147779,5385547,122552,36.44324971748354
uf250-1065,uf250-017.cnf,250,35.2779,identical,2,True,147779,5385547,122552,36.44324971748354
uf250-1065,uf250-017.cnf,250,35.2779,identical,3,True,147779,5385547,122552,36.44324971748354
uf250-1065,uf250-017.cnf,250,35.2779,identical,4,True,147779,5385547,122552,36.44324971748354
uf250-1065,uf250-017.cnf,250,35.2779,identical,5,True,147779,5385547,122552,36.44324971748354
uf250-1065,uf250-017.cnf,250,35.2779,identical,6,True,147779,5385547,122552,36.44324971748354
uf250-1065,uf250-017.cnf,250,35.2779,identical,7,True,147779,5385547,122552,36.44324971748354
uf250-1065,uf250-017.cnf,250,35.2779,identical,8,True,147779,5385547,122552,36.44324971748354
uf250-1065,uf250-017.cnf,250,35.2779,identical,9,True,147779,5385547,122552,36.44324971748354
uf250-1065,uf250-017.cnf,250,35.2779,clause_shuffle,0,True,51808,1865088,42701,36.0
uf250-1065,uf250-017.cnf,250,35.2779,clause_shuffle,1,True,7114,246309,5633,34.62313747540062
uf250-1065,uf250-017.cnf,250,35.2779,clause_shuffle,2,True,43681,1583671,35712,36.25537419015132
uf250-1065,uf250-017.cnf,250,35.2779,clause_shuffle,3,True,189912,6931542,157675,36.498704663212436
uf250-1065,uf250-017.cnf,250,35.2779,clause_shuffle,4,True,13922,487578,11222,35.02212325815256
uf250-1065,uf250-017.cnf,250,35.2779,clause_shuffle,5,True,273477,10002464,228167,36.575156228860195
uf250-1065,uf250-017.cnf,250,35.2779,clause_shuffle,6,True,115952,4196120,95832,36.188422795639575
uf250-1065,uf250-017.cnf,250,35.2779,clause_shuffle,7,True,22752,809854,18543,35.59484880450071
uf250-1065,uf250-017.cnf,250,35.2779,clause_shuffle,8,True,132961,4833722,110205,36.35443475906469
uf250-1065,uf250-017.cnf,250,35.2779,clause_shuffle,9,True,278471,10183866,231783,36.57065188116536
uf250-1065,uf250-017.cnf,250,35.2779,var_rename,0,True,41720,1496427,34224,35.86833652924257
uf250-1065,uf250-017.cnf,250,35.2779,var_rename,1,True,12963,468608,10544,36.14965671526653
uf250-1065,uf250-017.cnf,250,35.2779,var_rename,2,True,107988,3919049,89206,36.29152313219988
uf250-1065,uf250-017.cnf,250,35.2779,var_rename,3,True,90777,3263069,74702,35.94598852132148
uf250-1065,uf250-017.cnf,250,35.2779,var_rename,4,True,181077,6636929,150562,36.65252351209706
uf250-1065,uf250-017.cnf,250,35.2779,var_rename,5,True,25140,900360,20470,35.81384248210024
uf250-1065,uf250-017.cnf,250,35.2779,var_rename,6,True,123580,4493085,102410,36.35770351189513
uf250-1065,uf250-017.cnf,250,35.2779,var_rename,7,True,19896,705572,16022,35.46300763972658
uf250-1065,uf250-017.cnf,250,35.2779,var_rename,8,True,50877,1837271,41887,36.11201525247165
uf250-1065,uf250-017.cnf,250,35.2779,var_rename,9,True,119369,4321806,98678,36.20543022057653
uf250-1065,uf250-017.cnf,250,35.2779,phases,0,True,20561,735735,16660,35.78303584456009
uf250-1065,uf250-017.cnf,250,35.2779,phases,1,True,83004,3000145,68218,36.144583393571395
uf250-1065,uf250-017.cnf,250,35.2779,phases,2,True,55819,2017543,46108,36.144377362546805
uf250-1065,uf250-017.cnf,250,35.2779,phases,3,True,116739,4259187,96680,36.484696630945955
uf250-1065,uf250-017.cnf,250,35.2779,phases,4,True,5194,174079,4018,33.515402387370045
uf250-1065,uf250-017.cnf,250,35.2779,phases,5,True,48358,1748159,39695,36.150357748459406
uf250-1065,uf250-017.cnf,250,35.2779,phases,6,True,9784,347482,7878,35.5153311529027
uf250-1065,uf250-017.cnf,250,35.2779,phases,7,True,49262,1791176,40719,36.3601965003451
uf250-1065,uf250-017.cnf,250,35.2779,phases,8,True,35900,1286091,29369,35.82426183844011
uf250-1065,uf250-017.cnf,250,35.2779,phases,9,True,224256,8117779,185444,36.19871486158676
uf250-1065,uf250-017.cnf,250,35.2779,all,0,True,21821,780754,17739,35.77993675816874
uf250-1065,uf250-017.cnf,250,35.2779,all,1,True,66056,2401917,54484,36.36182935690929
uf250-1065,uf250-017.cnf,250,35.2779,all,2,True,58383,2123938,47954,36.37939126115479
uf250-1065,uf250-017.cnf,250,35.2779,all,3,True,55530,1994627,45700,35.91980911219161
uf250-1065,uf250-017.cnf,250,35.2779,all,4,True,85296,3094086,70088,36.2746904895892
uf250-1065,uf250-017.cnf,250,35.2779,all,5,True,32827,1151182,26714,35.06814512444025
uf250-1065,uf250-017.cnf,250,35.2779,all,6,True,53229,1914048,43956,35.958744293524205
uf250-1065,uf250-017.cnf,250,35.2779,all,7,True,18096,639290,14571,35.3276967285588
uf250-1065,uf250-017.cnf,250,35.2779,all,8,True,123390,4483268,102757,36.33412756301159
uf250-1065,uf250-017.cnf,250,35.2779,all,9,True,111539,4052283,92084,36.33063771416276
uf250-1065,uf250-018.cnf,250,37.0115,identical,0,True,121736,4590592,100482,37.70940395610173
uf250-1065,uf250-018.cnf,250,37.0115,identical,1,True,121736,4590592,100482,37.70940395610173
uf250-1065,uf250-018.cnf,250,37.0115,identical,2,True,121736,4590592,100482,37.70940395610173
uf250-1065,uf250-018.cnf,250,37.0115,identical,3,True,121736,4590592,100482,37.70940395610173
uf250-1065,uf250-018.cnf,250,37.0115,identical,4,True,121736,4590592,100482,37.70940395610173
uf250-1065,uf250-018.cnf,250,37.0115,identical,5,True,121736,4590592,100482,37.70940395610173
uf250-1065,uf250-018.cnf,250,37.0115,identical,6,True,121736,4590592,100482,37.70940395610173
uf250-1065,uf250-018.cnf,250,37.0115,identical,7,True,121736,4590592,100482,37.70940395610173
uf250-1065,uf250-018.cnf,250,37.0115,identical,8,True,121736,4590592,100482,37.70940395610173
uf250-1065,uf250-018.cnf,250,37.0115,identical,9,True,121736,4590592,100482,37.70940395610173
uf250-1065,uf250-018.cnf,250,37.0115,clause_shuffle,0,True,111279,4171650,91277,37.48820532175882
uf250-1065,uf250-018.cnf,250,37.0115,clause_shuffle,1,True,56570,2114666,46210,37.38140357079724
uf250-1065,uf250-018.cnf,250,37.0115,clause_shuffle,2,True,81516,3035005,66604,37.23201580057903
uf250-1065,uf250-018.cnf,250,37.0115,clause_shuffle,3,True,99810,3737193,81547,37.44307183648933
uf250-1065,uf250-018.cnf,250,37.0115,clause_shuffle,4,True,23192,859320,18680,37.052431873059675
uf250-1065,uf250-018.cnf,250,37.0115,clause_shuffle,5,True,30176,1125763,24462,37.30656813361612
uf250-1065,uf250-018.cnf,250,37.0115,clause_shuffle,6,True,16882,609941,13486,36.129664731666864
uf250-1065,uf250-018.cnf,250,37.0115,clause_shuffle,7,True,86422,3216544,70494,37.2190414477795
uf250-1065,uf250-018.cnf,250,37.0115,clause_shuffle,8,True,153327,5770680,126487,37.636424113169895
uf250-1065,uf250-018.cnf,250,37.0115,clause_shuffle,9,True,68316,2565135,55941,37.54808536799578
uf250-1065,uf250-018.cnf,250,37.0115,var_rename,0,True,165965,6226602,136126,37.51756093152171
uf250-1065,uf250-018.cnf,250,37.0115,var_rename,1,True,16961,604975,13396,35.66859265373504
uf250-1065,uf250-018.cnf,250,37.0115,var_rename,2,True,9631,355704,7706,36.933236424047344
uf250-1065,uf250-018.cnf,250,37.0115,var_rename,3,True,49953,1868765,40748,37.410465837887614
uf250-1065,uf250-018.cnf,250,37.0115,var_rename,4,True,20921,761635,16712,36.40528655418001
uf250-1065,uf250-018.cnf,250,37.0115,var_rename,5,True,28401,1049526,22866,36.95383965353333
uf250-1065,uf250-018.cnf,250,37.0115,var_rename,6,True,21999,814607,17792,37.02927405791172
uf250-1065,uf250-018.cnf,250,37.0115,var_rename,7,True,8381,298924,6516,35.66686552917313
uf250-1065,uf250-018.cnf,250,37.0115,var_rename,8,True,237902,8910545,195651,37.45468722415112
uf250-1065,uf250-018.cnf,250,37.0115,var_rename,9,True,8856,323844,7052,36.56775067750677
uf250-1065,uf250-018.cnf,250,37.0115,phases,0,True,148026,5533773,121443,37.38379068542013
uf250-1065,uf250-018.cnf,250,37.0115,phases,1,True,200604,7537656,164824,37.57480409164324
uf250-1065,uf250-018.cnf,250,37.0115,phases,2,True,64505,2389179,52496,37.038663669482986
uf250-1065,uf250-018.cnf,250,37.0115,phases,3,True,108481,4060450,89137,37.430056876319355
uf250-1065,uf250-018.cnf,250,37.0115,phases,4,True,117502,4389254,96632,37.35471736651291
uf250-1065,uf250-018.cnf,250,37.0115,phases,5,True,74471,2780001,60791,37.329980797894486
uf250-1065,uf250-018.cnf,250,37.0115,phases,6,True,38031,1400989,30773,36.838079461491944
uf250-1065,uf250-018.cnf,250,37.0115,phases,7,True,75153,2767890,61091,36.83006666400543
uf250-1065,uf250-018.cnf,250,37.0115,phases,8,True,109519,4114209,90000,37.56616660122901
uf250-1065,uf250-018.cnf,250,37.0115,phases,9,True,102905,3848392,84152,37.397521986298045
uf250-1065,uf250-018.cnf,250,37.0115,all,0,True,145369,5446721,119439,37.468242885346946
uf250-1065,uf250-018.cnf,250,37.0115,all,1,True,124558,4675579,102556,37.53736411952664
uf250-1065,uf250-018.cnf,250,37.0115,all,2,True,118810,4475428,97448,37.66878208904974
uf250-1065,uf250-018.cnf,250,37.0115,all,3,True,211260,7907594,174080,37.43062576919436
uf250-1065,uf250-018.cnf,250,37.0115,all,4,True,253601,9572059,209447,37.74456331008159
uf250-1065,uf250-018.cnf,250,37.0115,all,5,True,81694,3039007,66740,37.19988004014983
uf250-1065,uf250-018.cnf,250,37.0115,all,6,True,130152,4825581,106942,37.07650285819657
uf250-1065,uf250-018.cnf,250,37.0115,all,7,True,12260,444500,9722,36.256117455138664
uf250-1065,uf250-018.cnf,250,37.0115,all,8,True,35283,1300022,28560,36.84556301901766
uf250-1065,uf250-018.cnf,250,37.0115,all,9,True,323755,12210685,267374,37.715819060709485
uf250-1065,uf250-019.cnf,250,36.4003,identical,0,True,54355,1980851,44060,36.44284794407138
uf250-1065,uf250-019.cnf,250,36.4003,identical,1,True,54355,1980851,44060,36.44284794407138
uf250-1065,uf250-019.cnf,250,36.4003,identical,2,True,54355,1980851,44060,36.44284794407138
uf250-1065,uf250-019.cnf,250,36.4003,identical,3,True,54355,1980851,44060,36.44284794407138
uf250-1065,uf250-019.cnf,250,36.4003,identical,4,True,54355,1980851,44060,36.44284794407138
uf250-1065,uf250-019.cnf,250,36.4003,identical,5,True,54355,1980851,44060,36.44284794407138
uf250-1065,uf250-019.cnf,250,36.4003,identical,6,True,54355,1980851,44060,36.44284794407138
uf250-1065,uf250-019.cnf,250,36.4003,identical,7,True,54355,1980851,44060,36.44284794407138
uf250-1065,uf250-019.cnf,250,36.4003,identical,8,True,54355,1980851,44060,36.44284794407138
uf250-1065,uf250-019.cnf,250,36.4003,identical,9,True,54355,1980851,44060,36.44284794407138
uf250-1065,uf250-019.cnf,250,36.4003,clause_shuffle,0,True,10454,370007,8320,35.39382054715898
uf250-1065,uf250-019.cnf,250,36.4003,clause_shuffle,1,True,35538,1304103,28928,36.69601553266926
uf250-1065,uf250-019.cnf,250,36.4003,clause_shuffle,2,True,67515,2483240,54826,36.78056728134489
uf250-1065,uf250-019.cnf,250,36.4003,clause_shuffle,3,True,19604,709596,15630,36.19649051214038
uf250-1065,uf250-019.cnf,250,36.4003,clause_shuffle,4,True,8813,310634,6972,35.24724838307046
uf250-1065,uf250-019.cnf,250,36.4003,clause_shuffle,5,True,32034,1151073,25608,35.93285259411875
uf250-1065,uf250-019.cnf,250,36.4003,clause_shuffle,6,True,75123,2725024,61309,36.274163704857365
uf250-1065,uf250-019.cnf,250,36.4003,clause_shuffle,7,True,18669,675636,14773,36.19026193154427
uf250-1065,uf250-019.cnf,250,36.4003,clause_shuffle,8,True,9945,347461,7779,34.93826043237808
uf250-1065,uf250-019.cnf,250,36.4003,clause_shuffle,9,True,19382,693813,15550,35.796770199153855
uf250-1065,uf250-019.cnf,250,36.4003,var_rename,0,True,22294,819446,17937,36.75634699919261
uf250-1065,uf250-019.cnf,250,36.4003,var_rename,1,True,13332,478454,10733,35.88763876387639
uf250-1065,uf250-019.cnf,250,36.4003,var_rename,2,True,109336,4027684,89876,36.8376746908612
uf250-1065,uf250-019.cnf,250,36.4003,var_rename,3,True,23820,862642,19321,36.21502938706969
uf250-1065,uf250-019.cnf,250,36.4003,var_rename,4,True,26630,973693,21505,36.56376267367631
uf250-1065,uf250-019.cnf,250,36.4003,var_rename,5,True,25387,931147,20643,36.67810296608501
uf250-1065,uf250-019.cnf,250,36.4003,var_rename,6,True,10058,360911,8026,35.88297872340426
uf250-1065,uf250-019.cnf,250,36.4003,var_rename,7,True,36635,1342124,29658,36.63502115463355
uf250-1065,uf250-019.cnf,250,36.4003,var_rename,8,True,8035,285031,6225,35.47367766023647
uf250-1065,uf250-019.cnf,250,36.4003,var_rename,9,True,57192,2084365,46732,36.44504476150511
uf250-1065,uf250-019.cnf,250,36.4003,phases,0,True,37884,1384739,31020,36.55208003378735
uf250-1065,uf250-019.cnf,250,36.4003,phases,1,True,53146,1951124,43500,36.712527753734996
uf250-1065,uf250-019.cnf,250,36.4003,phases,2,True,4202,138578,3173,32.97905759162304
uf250-1065,uf250-019.cnf,250,36.4003,phases,3,True,48167,1752036,39135,36.37419810243528
uf250-1065,uf250-019.cnf,250,36.4003,phases,4,True,62102,2294287,50489,36.943850439599366
uf250-1065,uf250-019.cnf,250,36.4003,phases,5,True,175586,6492054,143878,36.973642545533245
uf250-1065,uf250-019.cnf,250,36.4003,phases,6,True,2956,101240,2225,34.2489851150203
uf250-1065,uf250-019.cnf,250,36.4003,phases,7,True,18707,666387,14827,35.62233388571123
uf250-1065,uf250-019.cnf,250,36.4003,phases,8,True,20734,741660,16427,35.770232468409375
uf250-1065,uf250-019.cnf,250,36.4003,phases,9,True,48618,1797742,39474,36.97688099057962
uf250-1065,uf250-019.cnf,250,36.4003,all,0,True,20691,745287,16479,36.01986370885892
uf250-1065,uf250-019.cnf,250,36.4003,all,1,True,810,27065,584,33.41358024691358
uf250-1065,uf250-019.cnf,250,36.4003,all,2,True,24727,893625,19967,36.13964492255429
uf250-1065,uf250-019.cnf,250,36.4003,all,3,True,5688,196083,4434,34.473101265822784
uf250-1065,uf250-019.cnf,250,36.4003,all,4,True,17453,626215,14032,35.88007792356615
uf250-1065,uf250-019.cnf,250,36.4003,all,5,True,28783,1052004,23265,36.54949101900427
uf250-1065,uf250-019.cnf,250,36.4003,all,6,True,34514,1248332,27917,36.16885901373356
uf250-1065,uf250-019.cnf,250,36.4003,all,7,True,23516,866048,19111,36.82803197822759
uf250-1065,uf250-019.cnf,250,36.4003,all,8,True,68859,2535187,56632,36.81707547306815
uf250-1065,uf250-019.cnf,250,36.4003,all,9,True,11620,417156,9183,35.899827882960416
uf250-1065,uf250-02.cnf,250,36.1721,identical,0,True,1145917,42116065,952705,36.753154896907894
uf250-1065,uf250-02.cnf,250,36.1721,identical,1,True,1145917,42116065,952705,36.753154896907894
uf250-1065,uf250-02.cnf,250,36.1721,identical,2,True,1145917,42116065,952705,36.753154896907894
uf250-1065,uf250-02.cnf,250,36.1721,identical,3,True,1145917,42116065,952705,36.753154896907894
uf250-1065,uf250-02.cnf,250,36.1721,identical,4,True,1145917,42116065,952705,36.753154896907894
uf250-1065,uf250-02.cnf,250,36.1721,identical,5,True,1145917,42116065,952705,36.753154896907894
uf250-1065,uf250-02.cnf,250,36.1721,identical,6,True,1145917,42116065,952705,36.753154896907894
uf250-1065,uf250-02.cnf,250,36.1721,identical,7,True,1145917,42116065,952705,36.753154896907894
uf250-1065,uf250-02.cnf,250,36.1721,identical,8,True,1145917,42116065,952705,36.753154896907894
uf250-1065,uf250-02.cnf,250,36.1721,identical,9,True,1145917,42116065,952705,36.753154896907894
uf250-1065,uf250-02.cnf,250,36.1721,clause_shuffle,0,True,274656,10014715,226924,36.46275704881743
uf250-1065,uf250-02.cnf,250,36.1721,clause_shuffle,1,True,612448,22346664,508115,36.487447097549506
uf250-1065,uf250-02.cnf,250,36.1721,clause_shuffle,2,True,263155,9534628,217367,36.23198495183447
uf250-1065,uf250-02.cnf,250,36.1721,clause_shuffle,3,True,516022,18752568,426954,36.34063663952312
uf250-1065,uf250-02.cnf,250,36.1721,clause_shuffle,4,True,397764,14366231,327949,36.117474180669944
uf250-1065,uf250-02.cnf,250,36.1721,clause_shuffle,5,True,627299,23000814,521599,36.66642860900464
uf250-1065,uf250-02.cnf,250,36.1721,clause_shuffle,6,True,263162,9544075,217034,36.26691923605992
uf250-1065,uf250-02.cnf,250,36.1721,clause_shuffle,7,True,617004,22619185,511540,36.6597056096881
uf250-1065,uf250-02.cnf,250,36.1721,clause_shuffle,8,True,571799,20766892,473983,36.318517521017
uf250-1065,uf250-02.cnf,250,36.1721,clause_shuffle,9,True,250489,9041139,206083,36.09395622163049
uf250-1065,uf250-02.cnf,250,36.1721,var_rename,0,True,695038,25406856,576688,36.55462866778507
uf250-1065,uf250-02.cnf,250,36.1721,var_rename,1,True,584260,21327445,483869,36.50334611303187
uf250-1065,uf250-02.cnf,250,36.1721,var_rename,2,True,612937,22374825,509109,36.50428184299528
uf250-1065,uf250-02.cnf,250,36.1721,var_rename,3,True,246258,8938023,203113,36.29536096289257
uf250-1065,uf250-02.cnf,250,36.1721,var_rename,4,True,642155,23355529,531955,36.37054760922207
uf250-1065,uf250-02.cnf,250,36.1721,var_rename,5,True,583112,21265338,483432,36.46870241051462
uf250-1065,uf250-02.cnf,250,36.1721,var_rename,6,True,817616,29886445,678793,36.553155760161246
uf250-1065,uf250-02.cnf,250,36.1721,var_rename,7,True,547205,19866406,452853,36.30523478403889
uf250-1065,uf250-02.cnf,250,36.1721,var_rename,8,True,656070,23963777,544703,36.52625024768698
uf250-1065,uf250-02.cnf,250,36.1721,var_rename,9,True,573837,21010695,475503,36.61439572561546
uf250-1065,uf250-02.cnf,250,36.1721,phases,0,True,660640,24141934,547476,36.54325199806249
uf250-1065,uf250-02.cnf,250,36.1721,phases,1,True,591466,21635585,490868,36.579592064463554
uf250-1065,uf250-02.cnf,250,36.1721,phases,2,True,801868,29440718,665839,36.71516758369208
uf250-1065,uf250-02.cnf,250,36.1721,phases,3,True,554657,20138857,459053,36.30866824001139
uf250-1065,uf250-02.cnf,250,36.1721,phases,4,True,612706,22325618,508169,36.437733594905225
uf250-1065,uf250-02.cnf,250,36.1721,phases,5,True,1191606,43407162,988542,36.42744497761844
uf250-1065,uf250-02.cnf,250,36.1721,phases,6,True,877807,32056364,729967,36.518692605549965
uf250-1065,uf250-02.cnf,250,36.1721,phases,7,True,739679,27079561,614102,36.60988212454321
uf250-1065,uf250-02.cnf,250,36.1721,phases,8,True,583940,21331664,483590,36.530575059081414
uf250-1065,uf250-02.cnf,250,36.1721,phases,9,True,197562,7139574,162511,36.13839706016339
uf250-1065,uf250-02.cnf,250,36.1721,all,0,True,579181,21203215,481092,36.60896161994264
uf250-1065,uf250-02.cnf,250,36.1721,all,1,True,589795,21508055,489035,36.467001246195714
uf250-1065,uf250-02.cnf,250,36.1721,all,2,True,613772,22463332,509318,36.598821712297074
uf250-1065,uf250-02.cnf,250,36.1721,all,3,True,548240,19849857,452828,36.20650992266161
uf250-1065,uf250-02.cnf,250,36.1721,all,4,True,548096,19858482,453134,36.23175867001401
uf250-1065,uf250-02.cnf,250,36.1721,all,5,True,606368,22162020,503876,36.54879545094728
uf250-1065,uf250-02.cnf,250,36.1721,all,6,True,742793,27178914,616729,36.5901590348859
uf250-1065,uf250-02.cnf,250,36.1721,all,7,True,586467,21458068,486955,36.58870490581738
uf250-1065,uf250-02.cnf,250,36.1721,all,8,True,615977,22668432,511402,36.800776652375006
uf250-1065,uf250-02.cnf,250,36.1721,all,9,True,33418,1190506,27136,35.62469327907116
uf250-1065,uf250-020.cnf,250,35.767,identical,0,True,303340,11095755,251737,36.57860816245797
uf250-1065,uf250-020.cnf,250,35.767,identical,1,True,303340,11095755,251737,36.57860816245797
uf250-1065,uf250-020.cnf,250,35.767,identical,2,True,303340,11095755,251737,36.57860816245797
uf250-1065,uf250-020.cnf,250,35.767,identical,3,True,303340,11095755,251737,36.57860816245797
uf250-1065,uf250-020.cnf,250,35.767,identical,4,True,303340,11095755,251737,36.57860816245797
uf250-1065,uf250-020.cnf,250,35.767,identical,5,True,303340,11095755,251737,36.57860816245797
uf250-1065,uf250-020.cnf,250,35.767,identical,6,True,303340,11095755,251737,36.57860816245797
uf250-1065,uf250-020.cnf,250,35.767,identical,7,True,303340,11095755,251737,36.57860816245797
uf250-1065,uf250-020.cnf,250,35.767,identical,8,True,303340,11095755,251737,36.57860816245797
uf250-1065,uf250-020.cnf,250,35.767,identical,9,True,303340,11095755,251737,36.57860816245797
uf250-1065,uf250-020.cnf,250,35.767,clause_shuffle,0,True,392666,14573555,327713,37.11437965089924
uf250-1065,uf250-020.cnf,250,35.767,clause_shuffle,1,True,216292,7847293,178134,36.281013629722786
uf250-1065,uf250-020.cnf,250,35.767,clause_shuffle,2,True,418010,15342336,347339,36.703275041266956
uf250-1065,uf250-020.cnf,250,35.767,clause_shuffle,3,True,523430,19201899,435840,36.68475058747111
uf250-1065,uf250-020.cnf,250,35.767,clause_shuffle,4,True,353467,12911915,292685,36.5293365434397
uf250-1065,uf250-020.cnf,250,35.767,clause_shuffle,5,True,53438,1930814,43736,36.131853737041055
uf250-1065,uf250-020.cnf,250,35.767,clause_shuffle,6,True,272433,9947949,226576,36.515212914735
uf250-1065,uf250-020.cnf,250,35.767,clause_shuffle,7,True,237345,8713840,197141,36.713813225473466
uf250-1065,uf250-020.cnf,250,35.767,clause_shuffle,8,True,114403,4134190,94440,36.13707682490844
uf250-1065,uf250-020.cnf,250,35.767,clause_shuffle,9,True,259169,9429256,214113,36.382653789612185
uf250-1065,uf250-020.cnf,250,35.767,var_rename,0,True,24979,893462,20311,35.768525561471634
uf250-1065,uf250-020.cnf,250,35.767,var_rename,1,True,102302,3666239,83633,35.83741275830385
uf250-1065,uf250-020.cnf,250,35.767,var_rename,2,True,385810,14089601,320022,36.51953293071719
uf250-1065,uf250-020.cnf,250,35.767,var_rename,3,True,254011,9208155,210299,36.251008814578896
uf250-1065,uf250-020.cnf,250,35.767,var_rename,4,True,77792,2793141,63918,35.90524732620321
uf250-1065,uf250-020.cnf,250,35.767,var_rename,5,True,261947,9523681,216781,36.35728219830729
uf250-1065,uf250-020.cnf,250,35.767,var_rename,6,True,460914,16957914,383410,36.79192647652273
uf250-1065,uf250-020.cnf,250,35.767,var_rename,7,True,332652,12287691,276536,36.938575448216156
uf250-1065,uf250-020.cnf,250,35.767,var_rename,8,True,253008,9233151,209832,36.49351403908177
uf250-1065,uf250-020.cnf,250,35.767,var_rename,9,True,320745,11700374,265483,36.47874167952735
uf250-1065,uf250-020.cnf,250,35.767,phases,0,True,4520,154062,3562,34.08451327433628
uf250-1065,uf250-020.cnf,250,35.767,phases,1,True,278707,10165385,231172,36.47337526506331
uf250-1065,uf250-020.cnf,250,35.767,phases,2,True,327015,11955929,271616,36.56079690534073
uf250-1065,uf250-020.cnf,250,35.767,phases,3,True,19758,701390,15957,35.4990383642069
uf250-1065,uf250-020.cnf,250,35.767,phases,4,True,174301,6331639,143848,36.32589027027957
uf250-1065,uf250-020.cnf,250,35.767,phases,5,True,274988,10052066,228027,36.554562380903896
uf250-1065,uf250-020.cnf,250,35.767,phases,6,True,106230,3884353,87428,36.56549938812012
uf250-1065,uf250-020.cnf,250,35.767,phases,7,True,208744,7555101,171745,36.19314088069597
uf250-1065,uf250-020.cnf,250,35.767,phases,8,True,256136,9335120,211993,36.445950588749724
uf250-1065,uf250-020.cnf,250,35.767,phases,9,True,119586,4361450,99175,36.47124245312997
uf250-1065,uf250-020.cnf,250,35.767,all,0,True,14970,516763,11895,34.51990647962592
uf250-1065,uf250-020.cnf,250,35.767,all,1,True,172238,6222747,141875,36.128769493375444
uf250-1065,uf250-020.cnf,250,35.767,all,2,True,355340,13047852,294680,36.719344852817024
uf250-1065,uf250-020.cnf,250,35.767,all,3,True,385697,14238794,320600,36.91704628244451
uf250-1065,uf250-020.cnf,250,35.767,all,4,True,18519,651710,14772,35.1914250229494
uf250-1065,uf250-020.cnf,250,35.767,all,5,True,391944,14381960,326321,36.693915457310226
uf250-1065,uf250-020.cnf,250,35.767,all,6,True,448133,16384249,372467,36.56113028944532
uf250-1065,uf250-020.cnf,250,35.767,all,7,True,424977,15635132,353738,36.79053689964398
uf250-1065,uf250-020.cnf,250,35.767,all,8,True,314285,11469688,261194,36.494544760329
uf250-1065,uf250-020.cnf,250,35.767,all,9,True,63411,2266718,51853,35.74644777719954
uf250-1065,uf250-021.cnf,250,35.9704,identical,0,True,8505,304412,6607,35.79212228101117
uf250-1065,uf250-021.cnf,250,35.9704,identical,1,True,8505,304412,6607,35.79212228101117
uf250-1065,uf250-021.cnf,250,35.9704,identical,2,True,8505,304412,6607,35.79212228101117
uf250-1065,uf250-021.cnf,250,35.9704,identical,3,True,8505,304412,6607,35.79212228101117
uf250-1065,uf250-021.cnf,250,35.9704,identical,4,True,8505,304412,6607,35.79212228101117
uf250-1065,uf250-021.cnf,250,35.9704,identical,5,True,8505,304412,6607,35.79212228101117
uf250-1065,uf250-021.cnf,250,35.9704,identical,6,True,8505,304412,6607,35.79212228101117
uf250-1065,uf250-021.cnf,250,35.9704,identical,7,True,8505,304412,6607,35.79212228101117
uf250-1065,uf250-021.cnf,250,35.9704,identical,8,True,8505,304412,6607,35.79212228101117
uf250-1065,uf250-021.cnf,250,35.9704,identical,9,True,8505,304412,6607,35.79212228101117
uf250-1065,uf250-021.cnf,250,35.9704,clause_shuffle,0,True,412,13809,272,33.51699029126213
uf250-1065,uf250-021.cnf,250,35.9704,clause_shuffle,1,True,26700,986487,21337,36.947078651685395
uf250-1065,uf250-021.cnf,250,35.9704,clause_shuffle,2,True,1298,44358,937,34.17411402157165
uf250-1065,uf250-021.cnf,250,35.9704,clause_shuffle,3,True,8131,291663,6364,35.87049563399336
uf250-1065,uf250-021.cnf,250,35.9704,clause_shuffle,4,True,21245,767893,16721,36.144645799011535
uf250-1065,uf250-021.cnf,250,35.9704,clause_shuffle,5,True,1455,51414,1093,35.33608247422681
uf250-1065,uf250-021.cnf,250,35.9704,clause_shuffle,6,True,1650,58638,1217,35.53818181818182
uf250-1065,uf250-021.cnf,250,35.9704,clause_shuffle,7,True,5277,187605,4047,35.55144968732234
uf250-1065,uf250-021.cnf,250,35.9704,clause_shuffle,8,True,8964,325796,7097,36.34493529674253
uf250-1065,uf250-021.cnf,250,35.9704,clause_shuffle,9,True,50402,1881024,40822,37.32042379270664
uf250-1065,uf250-021.cnf,250,35.9704,var_rename,0,True,27577,1004242,21893,36.415926315407766
uf250-1065,uf250-021.cnf,250,35.9704,var_rename,1,True,46882,1725661,37616,36.8086045817158
uf250-1065,uf250-021.cnf,250,35.9704,var_rename,2,True,16181,592722,12831,36.63073975650454
uf250-1065,uf250-021.cnf,250,35.9704,var_rename,3,True,1011,30518,685,30.18595450049456
uf250-1065,uf250-021.cnf,250,35.9704,var_rename,4,True,4618,161477,3557,34.966868774361195
uf250-1065,uf250-021.cnf,250,35.9704,var_rename,5,True,18582,664085,14604,35.73807986223227
uf250-1065,uf250-021.cnf,250,35.9704,var_rename,6,True,18667,689364,14740,36.92955482937805
uf250-1065,uf250-021.cnf,250,35.9704,var_rename,7,True,4719,155357,3456,32.921593557957195
uf250-1065,uf250-021.cnf,250,35.9704,var_rename,8,True,9826,348833,7684,35.50101770812131
uf250-1065,uf250-021.cnf,250,35.9704,var_rename,9,True,515,16531,355,32.099029126213594
uf250-1065,uf250-021.cnf,250,35.9704,phases,0,True,20643,742482,16400,35.9677372474931
uf250-1065,uf250-021.cnf,250,35.9704,phases,1,True,9682,349870,7581,36.13612889898781
uf250-1065,uf250-021.cnf,250,35.9704,phases,2,True,1447,48492,1051,33.51209398756047
uf250-1065,uf250-021.cnf,250,35.9704,phases,3,True,8863,324298,6939,36.59009364774907
uf250-1065,uf250-021.cnf,250,35.9704,phases,4,True,26091,965277,20791,36.99655053466713
uf250-1065,uf250-021.cnf,250,35.9704,phases,5,True,31280,1171622,25042,37.4559462915601
uf250-1065,uf250-021.cnf,250,35.9704,phases,6,True,6988,247416,5282,35.405838580423584
uf250-1065,uf250-021.cnf,250,35.9704,phases,7,True,11333,404376,8906,35.68128474366893
uf250-1065,uf250-021.cnf,250,35.9704,phases,8,True,1483,48720,1067,32.852326365475385
uf250-1065,uf250-021.cnf,250,35.9704,phases,9,True,19016,695931,15054,36.597128733697936
uf250-1065,uf250-021.cnf,250,35.9704,all,0,True,4403,155179,3325,35.243924596865774
uf250-1065,uf250-021.cnf,250,35.9704,all,1,True,9204,331195,7216,35.98381138635376
uf250-1065,uf250-021.cnf,250,35.9704,all,2,True,32730,1182139,26094,36.11790406355026
uf250-1065,uf250-021.cnf,250,35.9704,all,3,True,46827,1735891,37615,37.070301321886944
uf250-1065,uf250-021.cnf,250,35.9704,all,4,True,58628,2165507,47184,36.936395578904275
uf250-1065,uf250-021.cnf,250,35.9704,all,5,True,29557,1102863,23627,37.31308996176879
uf250-1065,uf250-021.cnf,250,35.9704,all,6,True,10326,367422,8062,35.58221963974434
uf250-1065,uf250-021.cnf,250,35.9704,all,7,True,3919,141037,2931,35.98800714467976
uf250-1065,uf250-021.cnf,250,35.9704,all,8,True,3384,119070,2609,35.18617021276596
uf250-1065,uf250-021.cnf,250,35.9704,all,9,True,3907,136466,2922,34.92858971077553
uf250-1065,uf250-022.cnf,250,36.1309,identical,0,True,223984,8132332,183114,36.307646974783914
uf250-1065,uf250-022.cnf,250,36.1309,identical,1,True,223984,8132332,183114,36.307646974783914
uf250-1065,uf250-022.cnf,250,36.1309,identical,2,True,223984,8132332,183114,36.307646974783914
uf250-1065,uf250-022.cnf,250,36.1309,identical,3,True,223984,8132332,183114,36.307646974783914
uf250-1065,uf250-022.cnf,250,36.1309,identical,4,True,223984,8132332,183114,36.307646974783914
uf250-1065,uf250-022.cnf,250,36.1309,identical,5,True,223984,8132332,183114,36.307646974783914
uf250-1065,uf250-022.cnf,250,36.1309,identical,6,True,223984,8132332,183114,36.307646974783914
uf250-1065,uf250-022.cnf,250,36.1309,identical,7,True,223984,8132332,183114,36.307646974783914
uf250-1065,uf250-022.cnf,250,36.1309,identical,8,True,223984,8132332,183114,36.307646974783914
uf250-1065,uf250-022.cnf,250,36.1309,identical,9,True,223984,8132332,183114,36.307646974783914
uf250-1065,uf250-022.cnf,250,36.1309,clause_shuffle,0,True,241019,8755717,197645,36.32791190736
uf250-1065,uf250-022.cnf,250,36.1309,clause_shuffle,1,True,235452,8646998,193017,36.72509895859878
uf250-1065,uf250-022.cnf,250,36.1309,clause_shuffle,2,True,210823,7694992,172700,36.49977469251457
uf250-1065,uf250-022.cnf,250,36.1309,clause_shuffle,3,True,197836,7163880,162216,36.21120524070442
uf250-1065,uf250-022.cnf,250,36.1309,clause_shuffle,4,True,246107,8980395,201809,36.48979915240119
uf250-1065,uf250-022.cnf,250,36.1309,clause_shuffle,5,True,294149,10765673,242099,36.599386705377206
uf250-1065,uf250-022.cnf,250,36.1309,clause_shuffle,6,True,21220,758639,17112,35.75113100848257
uf250-1065,uf250-022.cnf,250,36.1309,clause_shuffle,7,True,223461,8094961,182216,36.22538608526767
uf250-1065,uf250-022.cnf,250,36.1309,clause_shuffle,8,True,402135,14763537,332347,36.71288746316535
uf250-1065,uf250-022.cnf,250,36.1309,clause_shuffle,9,True,319231,11703612,263236,36.66189060586221
uf250-1065,uf250-022.cnf,250,36.1309,var_rename,0,True,325508,11976493,268606,36.79323703257677
uf250-1065,uf250-022.cnf,250,36.1309,var_rename,1,True,24793,899893,20191,36.29625297462994
uf250-1065,uf250-022.cnf,250,36.1309,var_rename,2,True,107130,3859303,87404,36.02448427144591
uf250-1065,uf250-022.cnf,250,36.1309,var_rename,3,True,105222,3818346,85621,36.28847579403547
uf250-1065,uf250-022.cnf,250,36.1309,var_rename,4,True,267314,9760376,220497,36.51277523810949
uf250-1065,uf250-022.cnf,250,36.1309,var_rename,5,True,106907,3889982,86877,36.386597697063806
uf250-1065,uf250-022.cnf,250,36.1309,var_rename,6,True,526478,19304741,433869,36.6677069127295
uf250-1065,uf250-022.cnf,250,36.1309,var_rename,7,True,50619,1834533,41104,36.241984235168616
uf250-1065,uf250-022.cnf,250,36.1309,var_rename,8,True,256016,9369472,210733,36.59721267420786
uf250-1065,uf250-022.cnf,250,36.1309,var_rename,9,True,27518,988083,22332,35.90678828403227
uf250-1065,uf250-022.cnf,250,36.1309,phases,0,True,188683,6849503,154571,36.30164349729441
uf250-1065,uf250-022.cnf,250,36.1309,phases,1,True,101765,3690082,82973,36.2608165872353
uf250-1065,uf250-022.cnf,250,36.1309,phases,2,True,139396,5071677,114090,36.38323194352779
uf250-1065,uf250-022.cnf,250,36.1309,phases,3,True,244840,8926524,201386,36.45860153569678
uf250-1065,uf250-022.cnf,250,36.1309,phases,4,True,53924,1953504,44151,36.22698612862547
uf250-1065,uf250-022.cnf,250,36.1309,phases,5,True,57199,2061310,46692,36.03751813842899
uf250-1065,uf250-022.cnf,250,36.1309,phases,6,True,223897,8126409,183301,36.29530096428268
uf250-1065,uf250-022.cnf,250,36.1309,phases,7,True,35111,1260612,28330,35.90361994816439
uf250-1065,uf250-022.cnf,250,36.1309,phases,8,True,272777,9986995,224897,36.612306022868495
uf250-1065,uf250-022.cnf,250,36.1309,phases,9,True,3027,100260,2314,33.12190287413281
uf250-1065,uf250-022.cnf,250,36.1309,all,0,True,236492,8616679,193581,36.4353931634051
uf250-1065,uf250-022.cnf,250,36.1309,all,1,True,213486,7766253,174646,36.37827773249768
uf250-1065,uf250-022.cnf,250,36.1309,all,2,True,132658,4820905,108356,36.34085392513079
uf250-1065,uf250-022.cnf,250,36.1309,all,3,True,492261,17997037,404400,36.55994888890243
uf250-1065,uf250-022.cnf,250,36.1309,all,4,True,276368,10125062,227910,36.63615903433104
uf250-1065,uf250-022.cnf,250,36.1309,all,5,True,226593,8238174,185256,36.3567012220148
uf250-1065,uf250-022.cnf,250,36.1309,all,6,True,459594,16769721,378041,36.4881199493466
uf250-1065,uf250-022.cnf,250,36.1309,all,7,True,52642,1903931,42791,36.167527829489764
uf250-1065,uf250-022.cnf,250,36.1309,all,8,True,284837,10436323,234961,36.63963249156535
uf250-1065,uf250-022.cnf,250,36.1309,all,9,True,95152,3419847,76888,35.94088405918951
uf250-1065,uf250-023.cnf,250,35.5517,identical,0,True,75712,2768292,61597,36.56345097210482
uf250-1065,uf250-023.cnf,250,35.5517,identical,1,True,75712,2768292,61597,36.56345097210482
uf250-1065,uf250-023.cnf,250,35.5517,identical,2,True,75712,2768292,61597,36.56345097210482
uf250-1065,uf250-023.cnf,250,35.5517,identical,3,True,75712,2768292,61597,36.56345097210482
uf250-1065,uf250-023.cnf,250,35.5517,identical,4,True,75712,2768292,61597,36.56345097210482
uf250-1065,uf250-023.cnf,250,35.5517,identical,5,True,75712,2768292,61597,36.56345097210482
uf250-1065,uf250-023.cnf,250,35.5517,identical,6,True,75712,2768292,61597,36.56345097210482
uf250-1065,uf250-023.cnf,250,35.5517,identical,7,True,75712,2768292,61597,36.56345097210482
uf250-1065,uf250-023.cnf,250,35.5517,identical,8,True,75712,2768292,61597,36.56345097210482
uf250-1065,uf250-023.cnf,250,35.5517,identical,9,True,75712,2768292,61597,36.56345097210482
uf250-1065,uf250-023.cnf,250,35.5517,clause_shuffle,0,True,10645,389012,8496,36.54410521371536
uf250-1065,uf250-023.cnf,250,35.5517,clause_shuffle,1,True,26974,978193,21679,36.26429154000148
uf250-1065,uf250-023.cnf,250,35.5517,clause_shuffle,2,True,125694,4664044,103454,37.106337613569465
uf250-1065,uf250-023.cnf,250,35.5517,clause_shuffle,3,True,97574,3593642,79467,36.82991370652018
uf250-1065,uf250-023.cnf,250,35.5517,clause_shuffle,4,True,19171,686913,15260,35.830838245266285
uf250-1065,uf250-023.cnf,250,35.5517,clause_shuffle,5,True,50520,1869677,41097,37.00865003958828
uf250-1065,uf250-023.cnf,250,35.5517,clause_shuffle,6,True,40514,1456633,32582,35.953818433134224
uf250-1065,uf250-023.cnf,250,35.5517,clause_shuffle,7,True,148575,5475997,122002,36.85678613494868
uf250-1065,uf250-023.cnf,250,35.5517,clause_shuffle,8,True,85936,3159804,70009,36.76927015453361
uf250-1065,uf250-023.cnf,250,35.5517,clause_shuffle,9,True,114808,4218546,94120,36.744355794021324
uf250-1065,uf250-023.cnf,250,35.5517,var_rename,0,True,84107,3107822,68807,36.95081265530812
uf250-1065,uf250-023.cnf,250,35.5517,var_rename,1,True,122781,4536132,100864,36.94490189850221
uf250-1065,uf250-023.cnf,250,35.5517,var_rename,2,True,23201,842214,18759,36.30076289815094
uf250-1065,uf250-023.cnf,250,35.5517,var_rename,3,True,72642,2684773,59215,36.95896313427494
uf250-1065,uf250-023.cnf,250,35.5517,var_rename,4,True,91686,3341194,74808,36.44170320441507
uf250-1065,uf250-023.cnf,250,35.5517,var_rename,5,True,38871,1412776,31445,36.34524452676803
uf250-1065,uf250-023.cnf,250,35.5517,var_rename,6,True,48161,1742276,38917,36.17607607815452
uf250-1065,uf250-023.cnf,250,35.5517,var_rename,7,True,6008,210949,4734,35.11135153129161
uf250-1065,uf250-023.cnf,250,35.5517,var_rename,8,True,118252,4365091,96805,36.91346446571728
uf250-1065,uf250-023.cnf,250,35.5517,var_rename,9,True,113921,4218655,93546,37.0314077299181
uf250-1065,uf250-023.cnf,250,35.5517,phases,0,True,9063,327213,7210,36.10427010923535
uf250-1065,uf250-023.cnf,250,35.5517,phases,1,True,32344,1165334,26156,36.029371753648284
uf250-1065,uf250-023.cnf,250,35.5517,phases,2,True,75140,2786768,61359,37.087676337503325
uf250-1065,uf250-023.cnf,250,35.5517,phases,3,True,244243,9059142,201095,37.09069246610957
uf250-1065,uf250-023.cnf,250,35.5517,phases,4,True,11618,411107,9210,35.38535031847134
uf250-1065,uf250-023.cnf,250,35.5517,phases,5,True,82086,3003762,66774,36.59286601856589
uf250-1065,uf250-023.cnf,250,35.5517,phases,6,True,81764,2994740,66541,36.626632747908616
uf250-1065,uf250-023.cnf,250,35.5517,phases,7,True,14019,501242,11193,35.75447606819316
uf250-1065,uf250-023.cnf,250,35.5517,phases,8,True,7497,258886,5783,34.53194611177805
uf250-1065,uf250-023.cnf,250,35.5517,phases,9,True,64797,2412634,52998,37.233729956633795
uf250-1065,uf250-023.cnf,250,35.5517,all,0,True,109752,4032783,89786,36.74450579488301
uf250-1065,uf250-023.cnf,250,35.5517,all,1,True,175266,6498805,144076,37.07966747686374
uf250-1065,uf250-023.cnf,250,35.5517,all,2,True,86689,3129036,70534,36.09496014488574
uf250-1065,uf250-023.cnf,250,35.5517,all,3,True,121074,4468587,99339,36.90789930125378
uf250-1065,uf250-023.cnf,250,35.5517,all,4,True,285831,10609958,235892,37.119689606795625
uf250-1065,uf250-023.cnf,250,35.5517,all,5,True,83503,3034492,68006,36.33991593116415
uf250-1065,uf250-023.cnf,250,35.5517,all,6,True,15284,550958,12225,36.04802407746663
uf250-1065,uf250-023.cnf,250,35.5517,all,7,True,18574,662529,14813,35.66969958005814
uf250-1065,uf250-023.cnf,250,35.5517,all,8,True,221934,8131233,181706,36.638068074292356
uf250-1065,uf250-023.cnf,250,35.5517,all,9,True,72612,2652501,59231,36.529788464716574
uf250-1065,uf250-024.cnf,250,36.2309,identical,0,True,751896,27581968,622429,36.683222147743834
uf250-1065,uf250-024.cnf,250,36.2309,identical,1,True,751896,27581968,622429,36.683222147743834
uf250-1065,uf250-024.cnf,250,36.2309,identical,2,True,751896,27581968,622429,36.683222147743834
uf250-1065,uf250-024.cnf,250,36.2309,identical,3,True,751896,27581968,622429,36.683222147743834
uf250-1065,uf250-024.cnf,250,36.2309,identical,4,True,751896,27581968,622429,36.683222147743834
uf250-1065,uf250-024.cnf,250,36.2309,identical,5,True,751896,27581968,622429,36.683222147743834
uf250-1065,uf250-024.cnf,250,36.2309,identical,6,True,751896,27581968,622429,36.683222147743834
uf250-1065,uf250-024.cnf,250,36.2309,identical,7,True,751896,27581968,622429,36.683222147743834
uf250-1065,uf250-024.cnf,250,36.2309,identical,8,True,751896,27581968,622429,36.683222147743834
uf250-1065,uf250-024.cnf,250,36.2309,identical,9,True,751896,27581968,622429,36.683222147743834
uf250-1065,uf250-024.cnf,250,36.2309,clause_shuffle,0,True,506251,18432496,416479,36.40979672138919
uf250-1065,uf250-024.cnf,250,36.2309,clause_shuffle,1,True,294237,10713947,242109,36.41264354924772
uf250-1065,uf250-024.cnf,250,36.2309,clause_shuffle,2,True,356256,12959775,292550,36.377703112368636
uf250-1065,uf250-024.cnf,250,36.2309,clause_shuffle,3,True,114710,4139709,93691,36.088475285502575
uf250-1065,uf250-024.cnf,250,36.2309,clause_shuffle,4,True,98018,3518358,79466,35.89501928217266
uf250-1065,uf250-024.cnf,250,36.2309,clause_shuffle,5,True,275468,10080555,226783,36.59428681371339
uf250-1065,uf250-024.cnf,250,36.2309,clause_shuffle,6,True,386355,14100167,318022,36.495365661114775
uf250-1065,uf250-024.cnf,250,36.2309,clause_shuffle,7,True,352447,12891406,290494,36.576864039132126
uf250-1065,uf250-024.cnf,250,36.2309,clause_shuffle,8,True,603223,22033473,498613,36.526248170245495
uf250-1065,uf250-024.cnf,250,36.2309,clause_shuffle,9,True,98018,3518339,79466,35.89482544022526
uf250-1065,uf250-024.cnf,250,36.2309,var_rename,0,True,313176,11407697,257439,36.42583403581373
uf250-1065,uf250-024.cnf,250,36.2309,var_rename,1,True,114920,4182218,93724,36.392429516185175
uf250-1065,uf250-024.cnf,250,36.2309,var_rename,2,True,31243,1114613,25072,35.67560733604327
uf250-1065,uf250-024.cnf,250,36.2309,var_rename,3,True,765620,27964204,633709,36.52491314228991
uf250-1065,uf250-024.cnf,250,36.2309,var_rename,4,True,468799,17132115,386606,36.544691861544074
uf250-1065,uf250-024.cnf,250,36.2309,var_rename,5,True,134386,4892851,110003,36.40893396633578
uf250-1065,uf250-024.cnf,250,36.2309,var_rename,6,True,156626,5683721,128315,36.28848977819774
uf250-1065,uf250-024.cnf,250,36.2309,var_rename,7,True,274390,10019757,225852,36.51648019242684
uf250-1065,uf250-024.cnf,250,36.2309,var_rename,8,True,735395,26993272,608830,36.70581388233534
uf250-1065,uf250-024.cnf,250,36.2309,var_rename,9,True,276040,10081157,227477,36.52063831328793
uf250-1065,uf250-024.cnf,250,36.2309,phases,0,True,343617,12526990,282231,36.456257984907616
uf250-1065,uf250-024.cnf,250,36.2309,phases,1,True,572867,21131085,474205,36.88654609185029
uf250-1065,uf250-024.cnf,250,36.2309,phases,2,True,280842,10276811,231158,36.59285648158039
uf250-1065,uf250-024.cnf,250,36.2309,phases,3,True,79378,2886328,64884,36.36181309682784
uf250-1065,uf250-024.cnf,250,36.2309,phases,4,True,537633,19630729,443099,36.5132516047192
uf250-1065,uf250-024.cnf,250,36.2309,phases,5,True,249168,9059796,203937,36.36019071469852
uf250-1065,uf250-024.cnf,250,36.2309,phases,6,True,31832,1142260,25562,35.884016084443324
uf250-1065,uf250-024.cnf,250,36.2309,phases,7,True,47135,1691966,38069,35.89617057388352
uf250-1065,uf250-024.cnf,250,36.2309,phases,8,True,178632,6506230,146543,36.42253347664472
uf250-1065,uf250-024.cnf,250,36.2309,phases,9,True,174374,6373126,142920,36.548602429261244
uf250-1065,uf250-024.cnf,250,36.2309,all,0,True,500944,18265809,411978,36.46277627838641
uf250-1065,uf250-024.cnf,250,36.2309,all,1,True,401991,14661609,331323,36.47248072718046
uf250-1065,uf250-024.cnf,250,36.2309,all,2,True,182080,6563538,148739,36.04755052724077
uf250-1065,uf250-024.cnf,250,36.2309,all,3,True,401849,14739757,331455,36.679839939877915
uf250-1065,uf250-024.cnf,250,36.2309,all,4,True,113166,4124841,92485,36.4494724563915
uf250-1065,uf250-024.cnf,250,36.2309,all,5,True,538476,19621675,443438,36.439274916616526
uf250-1065,uf250-024.cnf,250,36.2309,all,6,True,726529,26697260,601032,36.746310195463636
uf250-1065,uf250-024.cnf,250,36.2309,all,7,True,45252,1614547,36550,35.67901971183594
uf250-1065,uf250-024.cnf,250,36.2309,all,8,True,564849,20626700,466496,36.51719309054278
uf250-1065,uf250-024.cnf,250,36.2309,all,9,True,333935,12206818,275097,36.55447317591747
uf250-1065,uf250-025.cnf,250,32.9889,identical,0,True,51502,1863460,41738,36.18228418313852
uf250-1065,uf250-025.cnf,250,32.9889,identical,1,True,51502,1863460,41738,36.18228418313852
uf250-1065,uf250-025.cnf,250,32.9889,identical,2,True,51502,1863460,41738,36.18228418313852
uf250-1065,uf250-025.cnf,250,32.9889,identical,3,True,51502,1863460,41738,36.18228418313852
uf250-1065,uf250-025.cnf,250,32.9889,identical,4,True,51502,1863460,41738,36.18228418313852
uf250-1065,uf250-025.cnf,250,32.9889,identical,5,True,51502,1863460,41738,36.18228418313852
uf250-1065,uf250-025.cnf,250,32.9889,identical,6,True,51502,1863460,41738,36.18228418313852
uf250-1065,uf250-025.cnf,250,32.9889,identical,7,True,51502,1863460,41738,36.18228418313852
uf250-1065,uf250-025.cnf,250,32.9889,identical,8,True,51502,1863460,41738,36.18228418313852
uf250-1065,uf250-025.cnf,250,32.9889,identical,9,True,51502,1863460,41738,36.18228418313852
uf250-1065,uf250-025.cnf,250,32.9889,clause_shuffle,0,True,32390,1169318,26183,36.10120407533189
uf250-1065,uf250-025.cnf,250,32.9889,clause_shuffle,1,True,25764,948027,20762,36.79657661853749
uf250-1065,uf250-025.cnf,250,32.9889,clause_shuffle,2,True,81550,2960233,66729,36.29960760269773
uf250-1065,uf250-025.cnf,250,32.9889,clause_shuffle,3,True,10022,356904,7954,35.61205348233885
uf250-1065,uf250-025.cnf,250,32.9889,clause_shuffle,4,True,80602,2946899,65547,36.561115108806234
uf250-1065,uf250-025.cnf,250,32.9889,clause_shuffle,5,True,97033,3549065,78925,36.57585563674214
uf250-1065,uf250-025.cnf,250,32.9889,clause_shuffle,6,True,45344,1653223,36906,36.45957568807339
uf250-1065,uf250-025.cnf,250,32.9889,clause_shuffle,7,True,56351,2033182,45766,36.080672925059005
uf250-1065,uf250-025.cnf,250,32.9889,clause_shuffle,8,True,29905,1093592,24121,36.568868082260494
uf250-1065,uf250-025.cnf,250,32.9889,clause_shuffle,9,True,5374,185537,4231,34.52493487160402
uf250-1065,uf250-025.cnf,250,32.9889,var_rename,0,True,7414,256195,5765,34.555570542217424
uf250-1065,uf250-025.cnf,250,32.9889,var_rename,1,True,8852,311392,7014,35.177586985991866
uf250-1065,uf250-025.cnf,250,32.9889,var_rename,2,True,11547,416534,9183,36.07291937299731
uf250-1065,uf250-025.cnf,250,32.9889,var_rename,3,True,61960,2273259,50693,36.68913815364751
uf250-1065,uf250-025.cnf,250,32.9889,var_rename,4,True,17715,620597,14015,35.03228902060401
uf250-1065,uf250-025.cnf,250,32.9889,var_rename,5,True,43026,1552909,34650,36.092339515641704
uf250-1065,uf250-025.cnf,250,32.9889,var_rename,6,True,77495,2827377,63321,36.48463771856249
uf250-1065,uf250-025.cnf,250,32.9889,var_rename,7,True,50450,1845517,41100,36.5811100099108
uf250-1065,uf250-025.cnf,250,32.9889,var_rename,8,True,22536,808944,18064,35.89563365282215
uf250-1065,uf250-025.cnf,250,32.9889,var_rename,9,True,9771,358305,7950,36.670248695118204
uf250-1065,uf250-025.cnf,250,32.9889,phases,0,True,8404,295960,6580,35.21656354117087
uf250-1065,uf250-025.cnf,250,32.9889,phases,1,True,10926,382188,8648,34.97968149368479
uf250-1065,uf250-025.cnf,250,32.9889,phases,2,True,1942,63788,1424,32.84654994850669
uf250-1065,uf250-025.cnf,250,32.9889,phases,3,True,9863,354114,7919,35.90327486565953
uf250-1065,uf250-025.cnf,250,32.9889,phases,4,True,676,21713,493,32.1198224852071
uf250-1065,uf250-025.cnf,250,32.9889,phases,5,True,30849,1128137,25099,36.5696456935395
uf250-1065,uf250-025.cnf,250,32.9889,phases,6,True,65000,2366799,52899,36.412292307692304
uf250-1065,uf250-025.cnf,250,32.9889,phases,7,True,2063,70511,1550,34.17886572952012
uf250-1065,uf250-025.cnf,250,32.9889,phases,8,True,79957,2908800,65434,36.37955401028053
uf250-1065,uf250-025.cnf,250,32.9889,phases,9,True,7730,272334,6082,35.230789133247086
uf250-1065,uf250-025.cnf,250,32.9889,all,0,True,31071,1131675,25104,36.42222651346915
uf250-1065,uf250-025.cnf,250,32.9889,all,1,True,31462,1133419,25409,36.025014302968664
uf250-1065,uf250-025.cnf,250,32.9889,all,2,True,50153,1820442,40811,36.29776882738819
uf250-1065,uf250-025.cnf,250,32.9889,all,3,True,641,19621,423,30.609984399375975
uf250-1065,uf250-025.cnf,250,32.9889,all,4,True,2229,76356,1684,34.2557200538358
uf250-1065,uf250-025.cnf,250,32.9889,all,5,True,16527,597632,13114,36.160948750529435
uf250-1065,uf250-025.cnf,250,32.9889,all,6,True,37394,1340516,30092,35.84842488099695
uf250-1065,uf250-025.cnf,250,32.9889,all,7,True,11636,421190,9359,36.197146785837056
uf250-1065,uf250-025.cnf,250,32.9889,all,8,True,5800,202291,4552,34.877758620689654
uf250-1065,uf250-025.cnf,250,32.9889,all,9,True,37213,1326430,30069,35.64426410125494
uf250-1065,uf250-026.cnf,250,36.1373,identical,0,True,261903,9612751,217141,36.70347800521567
uf250-1065,uf250-026.cnf,250,36.1373,identical,1,True,261903,9612751,217141,36.70347800521567
uf250-1065,uf250-026.cnf,250,36.1373,identical,2,True,261903,9612751,217141,36.70347800521567
uf250-1065,uf250-026.cnf,250,36.1373,identical,3,True,261903,9612751,217141,36.70347800521567
uf250-1065,uf250-026.cnf,250,36.1373,identical,4,True,261903,9612751,217141,36.70347800521567
uf250-1065,uf250-026.cnf,250,36.1373,identical,5,True,261903,9612751,217141,36.70347800521567
uf250-1065,uf250-026.cnf,250,36.1373,identical,6,True,261903,9612751,217141,36.70347800521567
uf250-1065,uf250-026.cnf,250,36.1373,identical,7,True,261903,9612751,217141,36.70347800521567
uf250-1065,uf250-026.cnf,250,36.1373,identical,8,True,261903,9612751,217141,36.70347800521567
uf250-1065,uf250-026.cnf,250,36.1373,identical,9,True,261903,9612751,217141,36.70347800521567
uf250-1065,uf250-026.cnf,250,36.1373,clause_shuffle,0,True,54162,1951505,44383,36.03088881503637
uf250-1065,uf250-026.cnf,250,36.1373,clause_shuffle,1,True,118325,4295854,97487,36.30554827804775
uf250-1065,uf250-026.cnf,250,36.1373,clause_shuffle,2,True,324086,11813865,267123,36.45287053436434
uf250-1065,uf250-026.cnf,250,36.1373,clause_shuffle,3,True,532836,19591464,442590,36.76828142242641
uf250-1065,uf250-026.cnf,250,36.1373,clause_shuffle,4,True,197090,7183838,162549,36.449530671266935
uf250-1065,uf250-026.cnf,250,36.1373,clause_shuffle,5,True,106592,3826281,87683,35.896511933353345
uf250-1065,uf250-026.cnf,250,36.1373,clause_shuffle,6,True,231331,8445688,190909,36.50910599962824
uf250-1065,uf250-026.cnf,250,36.1373,clause_shuffle,7,True,21822,783964,17667,35.92539638896526
uf250-1065,uf250-026.cnf,250,36.1373,clause_shuffle,8,True,265131,9719957,219909,36.660960053709296
uf250-1065,uf250-026.cnf,250,36.1373,clause_shuffle,9,True,106699,3850992,87467,36.09210957928378
uf250-1065,uf250-026.cnf,250,36.1373,var_rename,0,True,135935,4931662,111875,36.279560083863615
uf250-1065,uf250-026.cnf,250,36.1373,var_rename,1,True,262846,9566521,217331,36.395916239927566
uf250-1065,uf250-026.cnf,250,36.1373,var_rename,2,True,454759,16767878,377535,36.872009130110676
uf250-1065,uf250-026.cnf,250,36.1373,var_rename,3,True,240934,8895317,199619,36.92013995534047
uf250-1065,uf250-026.cnf,250,36.1373,var_rename,4,True,276325,10208124,228763,36.94245544196146
uf250-1065,uf250-026.cnf,250,36.1373,var_rename,5,True,202115,7362875,166427,36.42913687752022
uf250-1065,uf250-026.cnf,250,36.1373,var_rename,6,True,242839,8920927,200860,36.73597321682267
uf250-1065,uf250-026.cnf,250,36.1373,var_rename,7,True,261181,9518237,216709,36.4430682170602
uf250-1065,uf250-026.cnf,250,36.1373,var_rename,8,True,174737,6357029,144257,36.38055477660713
uf250-1065,uf250-026.cnf,250,36.1373,var_rename,9,True,158025,5742909,130035,36.34177503559563
uf250-1065,uf250-026.cnf,250,36.1373,phases,0,True,417670,15432235,347021,36.94839227141044
uf250-1065,uf250-026.cnf,250,36.1373,phases,1,True,169077,6214504,139484,36.75546644428278
uf250-1065,uf250-026.cnf,250,36.1373,phases,2,True,60688,2187635,49353,36.04724162931716
uf250-1065,uf250-026.cnf,250,36.1373,phases,3,True,49577,1793739,40441,36.18087016156686
uf250-1065,uf250-026.cnf,250,36.1373,phases,4,True,64129,2335831,52398,36.42394236616819
uf250-1065,uf250-026.cnf,250,36.1373,phases,5,True,244868,8933898,201967,36.48454677622229
uf250-1065,uf250-026.cnf,250,36.1373,phases,6,True,106571,3877201,87930,36.38138893319946
uf250-1065,uf250-026.cnf,250,36.1373,phases,7,True,352740,12970676,292296,36.77120825537223
uf250-1065,uf250-026.cnf,250,36.1373,phases,8,True,532844,19565744,442022,36.71946010464601
uf250-1065,uf250-026.cnf,250,36.1373,phases,9,True,122426,4465920,101221,36.47852580334243
uf250-1065,uf250-026.cnf,250,36.1373,all,0,True,122713,4461756,101266,36.35927733817933
uf250-1065,uf250-026.cnf,250,36.1373,all,1,True,230477,8398642,190642,36.44026085032346
uf250-1065,uf250-026.cnf,250,36.1373,all,2,True,253824,9243106,209697,36.41541383005547
uf250-1065,uf250-026.cnf,250,36.1373,all,3,True,263845,9682782,219348,36.69875116071936
uf250-1065,uf250-026.cnf,250,36.1373,all,4,True,331571,12132118,274662,36.5898042953093
uf250-1065,uf250-026.cnf,250,36.1373,all,5,True,73254,2620451,59927,35.772121658885524
uf250-1065,uf250-026.cnf,250,36.1373,all,6,True,114779,4205973,94990,36.64409865916239
uf250-1065,uf250-026.cnf,250,36.1373,all,7,True,86531,3138737,71356,36.27297731448845
uf250-1065,uf250-026.cnf,250,36.1373,all,8,True,399411,14722232,331640,36.859856138163444
uf250-1065,uf250-026.cnf,250,36.1373,all,9,True,72727,2614253,59389,35.946113547925805
