family,instance,ppd_orig,n_vars,n_clauses,full_sat,full_wall,full_decisions,full_props,full_conflicts,full_ppd,budget,pre_wall,pre_decisions,pre_props,pre_conflicts,pre_ppd,solved_within_prefix,log_n,rel_err
flat30-60,flat30-1.cnf,4.4444,90,300,True,1.4833989553153515e-05,26,91,0,3.5,10,6.249989382922649e-06,26,91,0,3.5,True,4.499809670330265,0.0
flat30-60,flat30-1.cnf,4.4444,90,300,True,1.4833989553153515e-05,26,91,0,3.5,30,5.1670067477971315e-06,26,91,0,3.5,True,4.499809670330265,0.0
flat30-60,flat30-1.cnf,4.4444,90,300,True,1.4833989553153515e-05,26,91,0,3.5,100,4.3339969124644995e-06,26,91,0,3.5,True,4.499809670330265,0.0
flat30-60,flat30-1.cnf,4.4444,90,300,True,1.4833989553153515e-05,26,91,0,3.5,300,3.958004526793957e-06,26,91,0,3.5,True,4.499809670330265,0.0
flat30-60,flat30-1.cnf,4.4444,90,300,True,1.4833989553153515e-05,26,91,0,3.5,1000,3.999972250312567e-06,26,91,0,3.5,True,4.499809670330265,0.0
flat30-60,flat30-10.cnf,2.6667,90,300,True,5.95799065195024e-06,27,91,0,3.3703703703703702,10,4.6670029405504465e-06,27,91,0,3.3703703703703702,True,4.499809670330265,0.0
flat30-60,flat30-10.cnf,2.6667,90,300,True,5.95799065195024e-06,27,91,0,3.3703703703703702,30,3.875000402331352e-06,27,91,0,3.3703703703703702,True,4.499809670330265,0.0
flat30-60,flat30-10.cnf,2.6667,90,300,True,5.95799065195024e-06,27,91,0,3.3703703703703702,100,3.749999450519681e-06,27,91,0,3.3703703703703702,True,4.499809670330265,0.0
flat30-60,flat30-10.cnf,2.6667,90,300,True,5.95799065195024e-06,27,91,0,3.3703703703703702,300,3.6249984987080097e-06,27,91,0,3.3703703703703702,True,4.499809670330265,0.0
flat30-60,flat30-10.cnf,2.6667,90,300,True,5.95799065195024e-06,27,91,0,3.3703703703703702,1000,3.7500285543501377e-06,27,91,0,3.3703703703703702,True,4.499809670330265,0.0
flat30-60,flat30-100.cnf,4.3,90,300,True,4.999979864805937e-06,25,91,0,3.64,10,4.250003257766366e-06,25,91,0,3.64,True,4.499809670330265,0.0
flat30-60,flat30-100.cnf,4.3,90,300,True,4.999979864805937e-06,25,91,0,3.64,30,4.083005478605628e-06,25,91,0,3.64,True,4.499809670330265,0.0
flat30-60,flat30-100.cnf,4.3,90,300,True,4.999979864805937e-06,25,91,0,3.64,100,3.6669953260570765e-06,25,91,0,3.64,True,4.499809670330265,0.0
flat30-60,flat30-100.cnf,4.3,90,300,True,4.999979864805937e-06,25,91,0,3.64,300,3.6669953260570765e-06,25,91,0,3.64,True,4.499809670330265,0.0
flat30-60,flat30-100.cnf,4.3,90,300,True,4.999979864805937e-06,25,91,0,3.64,1000,3.583001671358943e-06,25,91,0,3.64,True,4.499809670330265,0.0
flat30-60,flat30-11.cnf,3.3077,90,300,True,7.5410061981529e-06,28,91,0,3.25,10,5.5000127758830786e-06,28,91,0,3.25,True,4.499809670330265,0.0
flat30-60,flat30-11.cnf,3.3077,90,300,True,7.5410061981529e-06,28,91,0,3.25,30,4.375004209578037e-06,28,91,0,3.25,True,4.499809670330265,0.0
flat30-60,flat30-11.cnf,3.3077,90,300,True,7.5410061981529e-06,28,91,0,3.25,100,4.04199818149209e-06,28,91,0,3.25,True,4.499809670330265,0.0
flat30-60,flat30-11.cnf,3.3077,90,300,True,7.5410061981529e-06,28,91,0,3.25,300,3.6669953260570765e-06,28,91,0,3.25,True,4.499809670330265,0.0
flat30-60,flat30-11.cnf,3.3077,90,300,True,7.5410061981529e-06,28,91,0,3.25,1000,3.749999450519681e-06,28,91,0,3.25,True,4.499809670330265,0.0
flat30-60,flat30-12.cnf,4.4,90,300,True,5.832989700138569e-06,29,91,0,3.1379310344827585,10,5.0000089686363935e-06,29,91,0,3.1379310344827585,True,4.499809670330265,0.0
flat30-60,flat30-12.cnf,4.4,90,300,True,5.832989700138569e-06,29,91,0,3.1379310344827585,30,4.5000051613897085e-06,29,91,0,3.1379310344827585,True,4.499809670330265,0.0
flat30-60,flat30-12.cnf,4.4,90,300,True,5.832989700138569e-06,29,91,0,3.1379310344827585,100,4.291010554879904e-06,29,91,0,3.1379310344827585,True,4.499809670330265,0.0
flat30-60,flat30-12.cnf,4.4,90,300,True,5.832989700138569e-06,29,91,0,3.1379310344827585,300,4.1660096030682325e-06,29,91,0,3.1379310344827585,True,4.499809670330265,0.0
flat30-60,flat30-12.cnf,4.4,90,300,True,5.832989700138569e-06,29,91,0,3.1379310344827585,1000,4.208006430417299e-06,29,91,0,3.1379310344827585,True,4.499809670330265,0.0
flat30-60,flat30-13.cnf,7.4444,90,300,True,5.0000089686363935e-06,24,91,0,3.7916666666666665,10,4.292000085115433e-06,24,91,0,3.7916666666666665,True,4.499809670330265,0.0
flat30-60,flat30-13.cnf,7.4444,90,300,True,5.0000089686363935e-06,24,91,0,3.7916666666666665,30,4.332978278398514e-06,24,91,0,3.7916666666666665,True,4.499809670330265,0.0
flat30-60,flat30-13.cnf,7.4444,90,300,True,5.0000089686363935e-06,24,91,0,3.7916666666666665,100,4.250003257766366e-06,24,91,0,3.7916666666666665,True,4.499809670330265,0.0
flat30-60,flat30-13.cnf,7.4444,90,300,True,5.0000089686363935e-06,24,91,0,3.7916666666666665,300,4.208006430417299e-06,24,91,0,3.7916666666666665,True,4.499809670330265,0.0
flat30-60,flat30-13.cnf,7.4444,90,300,True,5.0000089686363935e-06,24,91,0,3.7916666666666665,1000,3.749999450519681e-06,24,91,0,3.7916666666666665,True,4.499809670330265,0.0
flat30-60,flat30-14.cnf,2.7333,90,300,True,5.624984623864293e-06,27,91,0,3.3703703703703702,10,4.3330073822289705e-06,27,91,0,3.3703703703703702,True,4.499809670330265,0.0
flat30-60,flat30-14.cnf,2.7333,90,300,True,5.624984623864293e-06,27,91,0,3.3703703703703702,30,3.8330035749822855e-06,27,91,0,3.3703703703703702,True,4.499809670330265,0.0
flat30-60,flat30-14.cnf,2.7333,90,300,True,5.624984623864293e-06,27,91,0,3.3703703703703702,100,3.6249984987080097e-06,27,91,0,3.3703703703703702,True,4.499809670330265,0.0
flat30-60,flat30-14.cnf,2.7333,90,300,True,5.624984623864293e-06,27,91,0,3.3703703703703702,300,3.749999450519681e-06,27,91,0,3.3703703703703702,True,4.499809670330265,0.0
flat30-60,flat30-14.cnf,2.7333,90,300,True,5.624984623864293e-06,27,91,0,3.3703703703703702,1000,3.7920253816992044e-06,27,91,0,3.3703703703703702,True,4.499809670330265,0.0
flat30-60,flat30-15.cnf,2.8667,90,300,True,4.8330111894756556e-06,28,91,0,3.25,10,4.2079773265868425e-06,28,91,0,3.25,True,4.499809670330265,0.0
flat30-60,flat30-15.cnf,2.8667,90,300,True,4.8330111894756556e-06,28,91,0,3.25,30,3.958994057029486e-06,28,91,0,3.25,True,4.499809670330265,0.0
flat30-60,flat30-15.cnf,2.8667,90,300,True,4.8330111894756556e-06,28,91,0,3.25,100,3.875000402331352e-06,28,91,0,3.25,True,4.499809670330265,0.0
flat30-60,flat30-15.cnf,2.8667,90,300,True,4.8330111894756556e-06,28,91,0,3.25,300,3.6669953260570765e-06,28,91,0,3.25,True,4.499809670330265,0.0
flat30-60,flat30-15.cnf,2.8667,90,300,True,4.8330111894756556e-06,28,91,0,3.25,1000,3.708992153406143e-06,28,91,0,3.25,True,4.499809670330265,0.0
flat30-60,flat30-16.cnf,4.0,90,300,True,5.040987161919475e-06,25,91,0,3.64,10,4.415982402861118e-06,25,91,0,3.64,True,4.499809670330265,0.0
flat30-60,flat30-16.cnf,4.0,90,300,True,5.040987161919475e-06,25,91,0,3.64,30,3.917026333510876e-06,25,91,0,3.64,True,4.499809670330265,0.0
flat30-60,flat30-16.cnf,4.0,90,300,True,5.040987161919475e-06,25,91,0,3.64,100,3.749999450519681e-06,25,91,0,3.64,True,4.499809670330265,0.0
flat30-60,flat30-16.cnf,4.0,90,300,True,5.040987161919475e-06,25,91,0,3.64,300,3.875000402331352e-06,25,91,0,3.64,True,4.499809670330265,0.0
flat30-60,flat30-16.cnf,4.0,90,300,True,5.040987161919475e-06,25,91,0,3.64,1000,3.4999975468963385e-06,25,91,0,3.64,True,4.499809670330265,0.0
flat30-60,flat30-17.cnf,6.4545,90,300,True,4.750007065013051e-06,28,91,0,3.25,10,4.125002305954695e-06,28,91,0,3.25,True,4.499809670330265,0.0
flat30-60,flat30-17.cnf,6.4545,90,300,True,4.750007065013051e-06,28,91,0,3.25,30,3.7919962778687477e-06,28,91,0,3.25,True,4.499809670330265,0.0
flat30-60,flat30-17.cnf,6.4545,90,300,True,4.750007065013051e-06,28,91,0,3.25,100,3.790977643802762e-06,28,91,0,3.25,True,4.499809670330265,0.0
flat30-60,flat30-17.cnf,6.4545,90,300,True,4.750007065013051e-06,28,91,0,3.25,300,3.7080026231706142e-06,28,91,0,3.25,True,4.499809670330265,0.0
flat30-60,flat30-17.cnf,6.4545,90,300,True,4.750007065013051e-06,28,91,0,3.25,1000,3.6249984987080097e-06,28,91,0,3.25,True,4.499809670330265,0.0
flat30-60,flat30-18.cnf,9.4667,90,300,True,5.166017217561603e-06,28,91,0,3.25,10,4.6660134103149176e-06,28,91,0,3.25,True,4.499809670330265,0.0
flat30-60,flat30-18.cnf,9.4667,90,300,True,5.166017217561603e-06,28,91,0,3.25,30,4.2079773265868425e-06,28,91,0,3.25,True,4.499809670330265,0.0
flat30-60,flat30-18.cnf,9.4667,90,300,True,5.166017217561603e-06,28,91,0,3.25,100,4.290981451049447e-06,28,91,0,3.25,True,4.499809670330265,0.0
flat30-60,flat30-18.cnf,9.4667,90,300,True,5.166017217561603e-06,28,91,0,3.25,300,3.7080026231706142e-06,28,91,0,3.25,True,4.499809670330265,0.0
flat30-60,flat30-18.cnf,9.4667,90,300,True,5.166017217561603e-06,28,91,0,3.25,1000,3.6249984987080097e-06,28,91,0,3.25,True,4.499809670330265,0.0
flat30-60,flat30-19.cnf,6.8571,90,300,True,4.708999767899513e-06,25,91,0,3.64,10,4.208006430417299e-06,25,91,0,3.64,True,4.499809670330265,0.0
flat30-60,flat30-19.cnf,6.8571,90,300,True,4.708999767899513e-06,25,91,0,3.64,30,3.8330035749822855e-06,25,91,0,3.64,True,4.499809670330265,0.0
flat30-60,flat30-19.cnf,6.8571,90,300,True,4.708999767899513e-06,25,91,0,3.64,100,3.790977643802762e-06,25,91,0,3.64,True,4.499809670330265,0.0
flat30-60,flat30-19.cnf,6.8571,90,300,True,4.708999767899513e-06,25,91,0,3.64,300,3.583991201594472e-06,25,91,0,3.64,True,4.499809670330265,0.0
flat30-60,flat30-19.cnf,6.8571,90,300,True,4.708999767899513e-06,25,91,0,3.64,1000,3.583991201594472e-06,25,91,0,3.64,True,4.499809670330265,0.0
flat30-60,flat30-2.cnf,4.4167,90,300,True,4.958012141287327e-06,28,91,0,3.25,10,4.3330073822289705e-06,28,91,0,3.25,True,4.499809670330265,0.0
flat30-60,flat30-2.cnf,4.4167,90,300,True,4.958012141287327e-06,28,91,0,3.25,30,4.083995008841157e-06,28,91,0,3.25,True,4.499809670330265,0.0
flat30-60,flat30-2.cnf,4.4167,90,300,True,4.958012141287327e-06,28,91,0,3.25,100,4.083005478605628e-06,28,91,0,3.25,True,4.499809670330265,0.0
flat30-60,flat30-2.cnf,4.4167,90,300,True,4.958012141287327e-06,28,91,0,3.25,300,4.083005478605628e-06,28,91,0,3.25,True,4.499809670330265,0.0
flat30-60,flat30-2.cnf,4.4167,90,300,True,4.958012141287327e-06,28,91,0,3.25,1000,3.916997229680419e-06,28,91,0,3.25,True,4.499809670330265,0.0
flat30-60,flat30-20.cnf,4.7692,90,300,True,4.8330111894756556e-06,28,91,0,3.25,10,4.417001036927104e-06,28,91,0,3.25,True,4.499809670330265,0.0
flat30-60,flat30-20.cnf,4.7692,90,300,True,4.8330111894756556e-06,28,91,0,3.25,30,4.208006430417299e-06,28,91,0,3.25,True,4.499809670330265,0.0
flat30-60,flat30-20.cnf,4.7692,90,300,True,4.8330111894756556e-06,28,91,0,3.25,100,3.958004526793957e-06,28,91,0,3.25,True,4.499809670330265,0.0
flat30-60,flat30-20.cnf,4.7692,90,300,True,4.8330111894756556e-06,28,91,0,3.25,300,3.958004526793957e-06,28,91,0,3.25,True,4.499809670330265,0.0
flat30-60,flat30-20.cnf,4.7692,90,300,True,4.8330111894756556e-06,28,91,0,3.25,1000,3.875000402331352e-06,28,91,0,3.25,True,4.499809670330265,0.0
flat30-60,flat30-21.cnf,4.7,90,300,True,4.875008016824722e-06,26,91,0,3.5,10,4.3330073822289705e-06,26,91,0,3.5,True,4.499809670330265,0.0
flat30-60,flat30-21.cnf,4.7,90,300,True,4.875008016824722e-06,26,91,0,3.5,30,4.165980499237776e-06,26,91,0,3.5,True,4.499809670330265,0.0
flat30-60,flat30-21.cnf,4.7,90,300,True,4.875008016824722e-06,26,91,0,3.5,100,4.125002305954695e-06,26,91,0,3.5,True,4.499809670330265,0.0
flat30-60,flat30-21.cnf,4.7,90,300,True,4.875008016824722e-06,26,91,0,3.5,300,4.0000013541430235e-06,26,91,0,3.5,True,4.499809670330265,0.0
flat30-60,flat30-21.cnf,4.7,90,300,True,4.875008016824722e-06,26,91,0,3.5,1000,3.875000402331352e-06,26,91,0,3.5,True,4.499809670330265,0.0
flat30-60,flat30-22.cnf,5.2,90,300,True,5.0000089686363935e-06,25,91,0,3.64,10,4.5409833546727896e-06,25,91,0,3.64,True,4.499809670330265,0.0
flat30-60,flat30-22.cnf,5.2,90,300,True,5.0000089686363935e-06,25,91,0,3.64,30,4.1669991333037615e-06,25,91,0,3.64,True,4.499809670330265,0.0
flat30-60,flat30-22.cnf,5.2,90,300,True,5.0000089686363935e-06,25,91,0,3.64,100,4.125002305954695e-06,25,91,0,3.64,True,4.499809670330265,0.0
flat30-60,flat30-22.cnf,5.2,90,300,True,5.0000089686363935e-06,25,91,0,3.64,300,3.915978595614433e-06,25,91,0,3.64,True,4.499809670330265,0.0
flat30-60,flat30-22.cnf,5.2,90,300,True,5.0000089686363935e-06,25,91,0,3.64,1000,3.875000402331352e-06,25,91,0,3.64,True,4.499809670330265,0.0
flat30-60,flat30-23.cnf,6.3,90,300,True,4.917004844173789e-06,28,91,0,3.25,10,4.417001036927104e-06,28,91,0,3.25,True,4.499809670330265,0.0
flat30-60,flat30-23.cnf,6.3,90,300,True,4.917004844173789e-06,28,91,0,3.25,30,4.084024112671614e-06,28,91,0,3.25,True,4.499809670330265,0.0
flat30-60,flat30-23.cnf,6.3,90,300,True,4.917004844173789e-06,28,91,0,3.25,100,4.125002305954695e-06,28,91,0,3.25,True,4.499809670330265,0.0
flat30-60,flat30-23.cnf,6.3,90,300,True,4.917004844173789e-06,28,91,0,3.25,300,3.916997229680419e-06,28,91,0,3.25,True,4.499809670330265,0.0
flat30-60,flat30-23.cnf,6.3,90,300,True,4.917004844173789e-06,28,91,0,3.25,1000,3.9579754229635e-06,28,91,0,3.25,True,4.499809670330265,0.0
flat30-60,flat30-24.cnf,5.8333,90,300,True,4.8749789129942656e-06,24,91,0,3.7916666666666665,10,4.165980499237776e-06,24,91,0,3.7916666666666665,True,4.499809670330265,0.0
flat30-60,flat30-24.cnf,5.8333,90,300,True,4.8749789129942656e-06,24,91,0,3.7916666666666665,30,3.958004526793957e-06,24,91,0,3.7916666666666665,True,4.499809670330265,0.0
flat30-60,flat30-24.cnf,5.8333,90,300,True,4.8749789129942656e-06,24,91,0,3.7916666666666665,100,3.875000402331352e-06,24,91,0,3.7916666666666665,True,4.499809670330265,0.0
flat30-60,flat30-24.cnf,5.8333,90,300,True,4.8749789129942656e-06,24,91,0,3.7916666666666665,300,3.749999450519681e-06,24,91,0,3.7916666666666665,True,4.499809670330265,0.0
flat30-60,flat30-24.cnf,5.8333,90,300,True,4.8749789129942656e-06,24,91,0,3.7916666666666665,1000,3.875000402331352e-06,24,91,0,3.7916666666666665,True,4.499809670330265,0.0
flat30-60,flat30-25.cnf,7.4545,90,300,True,5.0000089686363935e-06,26,91,0,3.5,10,4.3330073822289705e-06,26,91,0,3.5,True,4.499809670330265,0.0
flat30-60,flat30-25.cnf,7.4545,90,300,True,5.0000089686363935e-06,26,91,0,3.5,30,4.083995008841157e-06,26,91,0,3.5,True,4.499809670330265,0.0
flat30-60,flat30-25.cnf,7.4545,90,300,True,5.0000089686363935e-06,26,91,0,3.5,100,4.2079773265868425e-06,26,91,0,3.5,True,4.499809670330265,0.0
flat30-60,flat30-25.cnf,7.4545,90,300,True,5.0000089686363935e-06,26,91,0,3.5,300,4.125002305954695e-06,26,91,0,3.5,True,4.499809670330265,0.0
flat30-60,flat30-25.cnf,7.4545,90,300,True,5.0000089686363935e-06,26,91,0,3.5,1000,3.958004526793957e-06,26,91,0,3.5,True,4.499809670330265,0.0
flat30-60,flat30-26.cnf,2.5882,90,300,True,5.749985575675964e-06,27,91,0,3.3703703703703702,10,4.542001988738775e-06,27,91,0,3.3703703703703702,True,4.499809670330265,0.0
flat30-60,flat30-26.cnf,2.5882,90,300,True,5.749985575675964e-06,27,91,0,3.3703703703703702,30,4.083005478605628e-06,27,91,0,3.3703703703703702,True,4.499809670330265,0.0
flat30-60,flat30-26.cnf,2.5882,90,300,True,5.749985575675964e-06,27,91,0,3.3703703703703702,100,4.0000013541430235e-06,27,91,0,3.3703703703703702,True,4.499809670330265,0.0
flat30-60,flat30-26.cnf,2.5882,90,300,True,5.749985575675964e-06,27,91,0,3.3703703703703702,300,3.8339931052178144e-06,27,91,0,3.3703703703703702,True,4.499809670330265,0.0
flat30-60,flat30-26.cnf,2.5882,90,300,True,5.749985575675964e-06,27,91,0,3.3703703703703702,1000,3.916997229680419e-06,27,91,0,3.3703703703703702,True,4.499809670330265,0.0
flat30-60,flat30-27.cnf,8.3,90,300,True,5.249981768429279e-06,25,91,0,3.64,10,4.375004209578037e-06,25,91,0,3.64,True,4.499809670330265,0.0
flat30-60,flat30-27.cnf,8.3,90,300,True,5.249981768429279e-06,25,91,0,3.64,30,4.1660096030682325e-06,25,91,0,3.64,True,4.499809670330265,0.0
flat30-60,flat30-27.cnf,8.3,90,300,True,5.249981768429279e-06,25,91,0,3.64,100,4.125002305954695e-06,25,91,0,3.64,True,4.499809670330265,0.0
flat30-60,flat30-27.cnf,8.3,90,300,True,5.249981768429279e-06,25,91,0,3.64,300,3.6669953260570765e-06,25,91,0,3.64,True,4.499809670330265,0.0
flat30-60,flat30-27.cnf,8.3,90,300,True,5.249981768429279e-06,25,91,0,3.64,1000,3.6249984987080097e-06,25,91,0,3.64,True,4.499809670330265,0.0
flat30-60,flat30-28.cnf,3.0625,90,300,True,4.6670029405504465e-06,28,91,0,3.25,10,4.1669991333037615e-06,28,91,0,3.25,True,4.499809670330265,0.0
flat30-60,flat30-28.cnf,3.0625,90,300,True,4.6670029405504465e-06,28,91,0,3.25,30,3.7919962778687477e-06,28,91,0,3.25,True,4.499809670330265,0.0
flat30-60,flat30-28.cnf,3.0625,90,300,True,4.6670029405504465e-06,28,91,0,3.25,100,3.708992153406143e-06,28,91,0,3.25,True,4.499809670330265,0.0
flat30-60,flat30-28.cnf,3.0625,90,300,True,4.6670029405504465e-06,28,91,0,3.25,300,3.542023478075862e-06,28,91,0,3.25,True,4.499809670330265,0.0
flat30-60,flat30-28.cnf,3.0625,90,300,True,4.6670029405504465e-06,28,91,0,3.25,1000,3.583991201594472e-06,28,91,0,3.25,True,4.499809670330265,0.0
flat30-60,flat30-29.cnf,7.9333,90,300,True,4.6670029405504465e-06,25,91,0,3.64,10,4.0409795474261045e-06,25,91,0,3.64,True,4.499809670330265,0.0
flat30-60,flat30-29.cnf,7.9333,90,300,True,4.6670029405504465e-06,25,91,0,3.64,30,3.8330035749822855e-06,25,91,0,3.64,True,4.499809670330265,0.0
flat30-60,flat30-29.cnf,7.9333,90,300,True,4.6670029405504465e-06,25,91,0,3.64,100,3.749999450519681e-06,25,91,0,3.64,True,4.499809670330265,0.0
flat30-60,flat30-29.cnf,7.9333,90,300,True,4.6670029405504465e-06,25,91,0,3.64,300,3.7090212572366e-06,25,91,0,3.64,True,4.499809670330265,0.0
flat30-60,flat30-29.cnf,7.9333,90,300,True,4.6670029405504465e-06,25,91,0,3.64,1000,3.6249984987080097e-06,25,91,0,3.64,True,4.499809670330265,0.0
flat30-60,flat30-3.cnf,4.7692,90,300,True,5.915993824601173e-06,28,91,0,3.25,10,4.125002305954695e-06,28,91,0,3.25,True,4.499809670330265,0.0
flat30-60,flat30-3.cnf,4.7692,90,300,True,5.915993824601173e-06,28,91,0,3.25,30,3.875000402331352e-06,28,91,0,3.25,True,4.499809670330265,0.0
flat30-60,flat30-3.cnf,4.7692,90,300,True,5.915993824601173e-06,28,91,0,3.25,100,3.7919962778687477e-06,28,91,0,3.25,True,4.499809670330265,0.0
flat30-60,flat30-3.cnf,4.7692,90,300,True,5.915993824601173e-06,28,91,0,3.25,300,3.7080026231706142e-06,28,91,0,3.25,True,4.499809670330265,0.0
flat30-60,flat30-3.cnf,4.7692,90,300,True,5.915993824601173e-06,28,91,0,3.25,1000,3.6669953260570765e-06,28,91,0,3.25,True,4.499809670330265,0.0
flat30-60,flat30-30.cnf,3.5455,90,300,True,4.583998816087842e-06,28,91,0,3.25,10,4.1669991333037615e-06,28,91,0,3.25,True,4.499809670330265,0.0
flat30-60,flat30-30.cnf,3.5455,90,300,True,4.583998816087842e-06,28,91,0,3.25,30,3.8339931052178144e-06,28,91,0,3.25,True,4.499809670330265,0.0
flat30-60,flat30-30.cnf,3.5455,90,300,True,4.583998816087842e-06,28,91,0,3.25,100,3.8339931052178144e-06,28,91,0,3.25,True,4.499809670330265,0.0
flat30-60,flat30-30.cnf,3.5455,90,300,True,4.583998816087842e-06,28,91,0,3.25,300,3.6669953260570765e-06,28,91,0,3.25,True,4.499809670330265,0.0
flat30-60,flat30-30.cnf,3.5455,90,300,True,4.583998816087842e-06,28,91,0,3.25,1000,3.6659766919910908e-06,28,91,0,3.25,True,4.499809670330265,0.0
flat30-60,flat30-31.cnf,5.1538,90,300,True,4.541012458503246e-06,29,91,0,3.1379310344827585,10,4.0000013541430235e-06,29,91,0,3.1379310344827585,True,4.499809670330265,0.0
flat30-60,flat30-31.cnf,5.1538,90,300,True,4.541012458503246e-06,29,91,0,3.1379310344827585,30,3.875000402331352e-06,29,91,0,3.1379310344827585,True,4.499809670330265,0.0
flat30-60,flat30-31.cnf,5.1538,90,300,True,4.541012458503246e-06,29,91,0,3.1379310344827585,100,4.083005478605628e-06,29,91,0,3.1379310344827585,True,4.499809670330265,0.0
flat30-60,flat30-31.cnf,5.1538,90,300,True,4.541012458503246e-06,29,91,0,3.1379310344827585,300,4.125002305954695e-06,29,91,0,3.1379310344827585,True,4.499809670330265,0.0
flat30-60,flat30-31.cnf,5.1538,90,300,True,4.541012458503246e-06,29,91,0,3.1379310344827585,1000,3.875000402331352e-06,29,91,0,3.1379310344827585,True,4.499809670330265,0.0
flat30-60,flat30-32.cnf,8.6364,90,300,True,5.582987796515226e-06,25,91,0,3.64,10,4.3339969124644995e-06,25,91,0,3.64,True,4.499809670330265,0.0
flat30-60,flat30-32.cnf,8.6364,90,300,True,5.582987796515226e-06,25,91,0,3.64,30,4.250003257766366e-06,25,91,0,3.64,True,4.499809670330265,0.0
flat30-60,flat30-32.cnf,8.6364,90,300,True,5.582987796515226e-06,25,91,0,3.64,100,4.083005478605628e-06,25,91,0,3.64,True,4.499809670330265,0.0
flat30-60,flat30-32.cnf,8.6364,90,300,True,5.582987796515226e-06,25,91,0,3.64,300,3.91600769944489e-06,25,91,0,3.64,True,4.499809670330265,0.0
flat30-60,flat30-32.cnf,8.6364,90,300,True,5.582987796515226e-06,25,91,0,3.64,1000,3.8330035749822855e-06,25,91,0,3.64,True,4.499809670330265,0.0
flat30-60,flat30-33.cnf,9.5,90,300,True,4.542001988738775e-06,28,91,0,3.25,10,4.208006430417299e-06,28,91,0,3.25,True,4.499809670330265,0.0
flat30-60,flat30-33.cnf,9.5,90,300,True,4.542001988738775e-06,28,91,0,3.25,30,3.7910067476332188e-06,28,91,0,3.25,True,4.499809670330265,0.0
flat30-60,flat30-33.cnf,9.5,90,300,True,4.542001988738775e-06,28,91,0,3.25,100,3.8330035749822855e-06,28,91,0,3.25,True,4.499809670330265,0.0
flat30-60,flat30-33.cnf,9.5,90,300,True,4.542001988738775e-06,28,91,0,3.25,300,3.708992153406143e-06,28,91,0,3.25,True,4.499809670330265,0.0
flat30-60,flat30-33.cnf,9.5,90,300,True,4.542001988738775e-06,28,91,0,3.25,1000,3.6249984987080097e-06,28,91,0,3.25,True,4.499809670330265,0.0
flat30-60,flat30-34.cnf,7.4,90,300,True,4.62500611320138e-06,29,91,0,3.1379310344827585,10,4.0000013541430235e-06,29,91,0,3.1379310344827585,True,4.499809670330265,0.0
flat30-60,flat30-34.cnf,7.4,90,300,True,4.62500611320138e-06,29,91,0,3.1379310344827585,30,3.958004526793957e-06,29,91,0,3.1379310344827585,True,4.499809670330265,0.0
flat30-60,flat30-34.cnf,7.4,90,300,True,4.62500611320138e-06,29,91,0,3.1379310344827585,100,3.7080026231706142e-06,29,91,0,3.1379310344827585,True,4.499809670330265,0.0
flat30-60,flat30-34.cnf,7.4,90,300,True,4.62500611320138e-06,29,91,0,3.1379310344827585,300,3.749999450519681e-06,29,91,0,3.1379310344827585,True,4.499809670330265,0.0
flat30-60,flat30-34.cnf,7.4,90,300,True,4.62500611320138e-06,29,91,0,3.1379310344827585,1000,3.6249984987080097e-06,29,91,0,3.1379310344827585,True,4.499809670330265,0.0
flat30-60,flat30-35.cnf,5.2857,90,300,True,4.6670029405504465e-06,28,91,0,3.25,10,4.208995960652828e-06,28,91,0,3.25,True,4.499809670330265,0.0
flat30-60,flat30-35.cnf,5.2857,90,300,True,4.6670029405504465e-06,28,91,0,3.25,30,4.0000013541430235e-06,28,91,0,3.25,True,4.499809670330265,0.0
flat30-60,flat30-35.cnf,5.2857,90,300,True,4.6670029405504465e-06,28,91,0,3.25,100,3.875000402331352e-06,28,91,0,3.25,True,4.499809670330265,0.0
flat30-60,flat30-35.cnf,5.2857,90,300,True,4.6670029405504465e-06,28,91,0,3.25,300,3.875000402331352e-06,28,91,0,3.25,True,4.499809670330265,0.0
flat30-60,flat30-35.cnf,5.2857,90,300,True,4.6670029405504465e-06,28,91,0,3.25,1000,3.6669953260570765e-06,28,91,0,3.25,True,4.499809670330265,0.0
flat30-60,flat30-36.cnf,6.0625,90,300,True,5.0000089686363935e-06,28,91,0,3.25,10,4.62500611320138e-06,28,91,0,3.25,True,4.499809670330265,0.0
flat30-60,flat30-36.cnf,6.0625,90,300,True,5.0000089686363935e-06,28,91,0,3.25,30,4.3330073822289705e-06,28,91,0,3.25,True,4.499809670330265,0.0
flat30-60,flat30-36.cnf,6.0625,90,300,True,5.0000089686363935e-06,28,91,0,3.25,100,4.208006430417299e-06,28,91,0,3.25,True,4.499809670330265,0.0
flat30-60,flat30-36.cnf,6.0625,90,300,True,5.0000089686363935e-06,28,91,0,3.25,300,3.916997229680419e-06,28,91,0,3.25,True,4.499809670330265,0.0
flat30-60,flat30-36.cnf,6.0625,90,300,True,5.0000089686363935e-06,28,91,0,3.25,1000,3.8330035749822855e-06,28,91,0,3.25,True,4.499809670330265,0.0
flat30-60,flat30-37.cnf,3.8182,90,300,True,5.04200579598546e-06,28,91,0,3.25,10,4.458008334040642e-06,28,91,0,3.25,True,4.499809670330265,0.0
flat30-60,flat30-37.cnf,3.8182,90,300,True,5.04200579598546e-06,28,91,0,3.25,30,4.1660096030682325e-06,28,91,0,3.25,True,4.499809670330265,0.0
flat30-60,flat30-37.cnf,3.8182,90,300,True,5.04200579598546e-06,28,91,0,3.25,100,4.0000013541430235e-06,28,91,0,3.25,True,4.499809670330265,0.0
flat30-60,flat30-37.cnf,3.8182,90,300,True,5.04200579598546e-06,28,91,0,3.25,300,4.082976374775171e-06,28,91,0,3.25,True,4.499809670330265,0.0
flat30-60,flat30-37.cnf,3.8182,90,300,True,5.04200579598546e-06,28,91,0,3.25,1000,3.958004526793957e-06,28,91,0,3.25,True,4.499809670330265,0.0
flat30-60,flat30-38.cnf,4.5,90,300,True,4.750007065013051e-06,29,91,0,3.1379310344827585,10,4.416011506691575e-06,29,91,0,3.1379310344827585,True,4.499809670330265,0.0
flat30-60,flat30-38.cnf,4.5,90,300,True,4.750007065013051e-06,29,91,0,3.1379310344827585,30,4.083995008841157e-06,29,91,0,3.1379310344827585,True,4.499809670330265,0.0
flat30-60,flat30-38.cnf,4.5,90,300,True,4.750007065013051e-06,29,91,0,3.1379310344827585,100,4.04199818149209e-06,29,91,0,3.1379310344827585,True,4.499809670330265,0.0
flat30-60,flat30-38.cnf,4.5,90,300,True,4.750007065013051e-06,29,91,0,3.1379310344827585,300,3.958004526793957e-06,29,91,0,3.1379310344827585,True,4.499809670330265,0.0
flat30-60,flat30-38.cnf,4.5,90,300,True,4.750007065013051e-06,29,91,0,3.1379310344827585,1000,3.7919962778687477e-06,29,91,0,3.1379310344827585,True,4.499809670330265,0.0
flat30-60,flat30-39.cnf,3.8333,90,300,True,4.959001671522856e-06,27,91,0,3.3703703703703702,10,4.3339969124644995e-06,27,91,0,3.3703703703703702,True,4.499809670330265,0.0
flat30-60,flat30-39.cnf,3.8333,90,300,True,4.959001671522856e-06,27,91,0,3.3703703703703702,30,4.0000013541430235e-06,27,91,0,3.3703703703703702,True,4.499809670330265,0.0
flat30-60,flat30-39.cnf,3.8333,90,300,True,4.959001671522856e-06,27,91,0,3.3703703703703702,100,3.958004526793957e-06,27,91,0,3.3703703703703702,True,4.499809670330265,0.0
flat30-60,flat30-39.cnf,3.8333,90,300,True,4.959001671522856e-06,27,91,0,3.3703703703703702,300,3.916997229680419e-06,27,91,0,3.3703703703703702,True,4.499809670330265,0.0
flat30-60,flat30-39.cnf,3.8333,90,300,True,4.959001671522856e-06,27,91,0,3.3703703703703702,1000,3.875000402331352e-06,27,91,0,3.3703703703703702,True,4.499809670330265,0.0
flat30-60,flat30-4.cnf,5.1667,90,300,True,4.875008016824722e-06,25,91,0,3.64,10,4.292000085115433e-06,25,91,0,3.64,True,4.499809670330265,0.0
flat30-60,flat30-4.cnf,5.1667,90,300,True,4.875008016824722e-06,25,91,0,3.64,30,4.083995008841157e-06,25,91,0,3.64,True,4.499809670330265,0.0
flat30-60,flat30-4.cnf,5.1667,90,300,True,4.875008016824722e-06,25,91,0,3.64,100,4.083995008841157e-06,25,91,0,3.64,True,4.499809670330265,0.0
flat30-60,flat30-4.cnf,5.1667,90,300,True,4.875008016824722e-06,25,91,0,3.64,300,3.91600769944489e-06,25,91,0,3.64,True,4.499809670330265,0.0
flat30-60,flat30-4.cnf,5.1667,90,300,True,4.875008016824722e-06,25,91,0,3.64,1000,4.0000013541430235e-06,25,91,0,3.64,True,4.499809670330265,0.0
flat30-60,flat30-40.cnf,4.6,90,300,True,4.917004844173789e-06,26,91,0,3.5,10,4.416011506691575e-06,26,91,0,3.5,True,4.499809670330265,0.0
flat30-60,flat30-40.cnf,4.6,90,300,True,4.917004844173789e-06,26,91,0,3.5,30,4.1660096030682325e-06,26,91,0,3.5,True,4.499809670330265,0.0
flat30-60,flat30-40.cnf,4.6,90,300,True,4.917004844173789e-06,26,91,0,3.5,100,3.9579754229635e-06,26,91,0,3.5,True,4.499809670330265,0.0
flat30-60,flat30-40.cnf,4.6,90,300,True,4.917004844173789e-06,26,91,0,3.5,300,3.958004526793957e-06,26,91,0,3.5,True,4.499809670330265,0.0
flat30-60,flat30-40.cnf,4.6,90,300,True,4.917004844173789e-06,26,91,0,3.5,1000,3.91600769944489e-06,26,91,0,3.5,True,4.499809670330265,0.0
flat30-60,flat30-41.cnf,5.4286,90,300,True,5.165988113731146e-06,26,91,0,3.5,10,4.583998816087842e-06,26,91,0,3.5,True,4.499809670330265,0.0
flat30-60,flat30-41.cnf,5.4286,90,300,True,5.165988113731146e-06,26,91,0,3.5,30,4.375004209578037e-06,26,91,0,3.5,True,4.499809670330265,0.0
flat30-60,flat30-41.cnf,5.4286,90,300,True,5.165988113731146e-06,26,91,0,3.5,100,4.1669991333037615e-06,26,91,0,3.5,True,4.499809670330265,0.0
flat30-60,flat30-41.cnf,5.4286,90,300,True,5.165988113731146e-06,26,91,0,3.5,300,4.125002305954695e-06,26,91,0,3.5,True,4.499809670330265,0.0
flat30-60,flat30-41.cnf,5.4286,90,300,True,5.165988113731146e-06,26,91,0,3.5,1000,3.7090212572366e-06,26,91,0,3.5,True,4.499809670330265,0.0
flat30-60,flat30-42.cnf,3.7,90,300,True,4.6670029405504465e-06,29,91,0,3.1379310344827585,10,4.084024112671614e-06,29,91,0,3.1379310344827585,True,4.499809670330265,0.0
flat30-60,flat30-42.cnf,3.7,90,300,True,4.6670029405504465e-06,29,91,0,3.1379310344827585,30,3.916997229680419e-06,29,91,0,3.1379310344827585,True,4.499809670330265,0.0
flat30-60,flat30-42.cnf,3.7,90,300,True,4.6670029405504465e-06,29,91,0,3.1379310344827585,100,3.6669953260570765e-06,29,91,0,3.1379310344827585,True,4.499809670330265,0.0
flat30-60,flat30-42.cnf,3.7,90,300,True,4.6670029405504465e-06,29,91,0,3.1379310344827585,300,3.583991201594472e-06,29,91,0,3.1379310344827585,True,4.499809670330265,0.0
flat30-60,flat30-42.cnf,3.7,90,300,True,4.6670029405504465e-06,29,91,0,3.1379310344827585,1000,3.583991201594472e-06,29,91,0,3.1379310344827585,True,4.499809670330265,0.0
flat30-60,flat30-43.cnf,11.8889,90,300,True,5.1670067477971315e-06,29,91,0,3.1379310344827585,10,4.62500611320138e-06,29,91,0,3.1379310344827585,True,4.499809670330265,0.0
flat30-60,flat30-43.cnf,11.8889,90,300,True,5.1670067477971315e-06,29,91,0,3.1379310344827585,30,4.332978278398514e-06,29,91,0,3.1379310344827585,True,4.499809670330265,0.0
flat30-60,flat30-43.cnf,11.8889,90,300,True,5.1670067477971315e-06,29,91,0,3.1379310344827585,100,4.332978278398514e-06,29,91,0,3.1379310344827585,True,4.499809670330265,0.0
flat30-60,flat30-43.cnf,11.8889,90,300,True,5.1670067477971315e-06,29,91,0,3.1379310344827585,300,3.7919962778687477e-06,29,91,0,3.1379310344827585,True,4.499809670330265,0.0
flat30-60,flat30-43.cnf,11.8889,90,300,True,5.1670067477971315e-06,29,91,0,3.1379310344827585,1000,3.6249984987080097e-06,29,91,0,3.1379310344827585,True,4.499809670330265,0.0
flat30-60,flat30-44.cnf,7.1667,90,300,True,4.750007065013051e-06,28,91,0,3.25,10,4.1669991333037615e-06,28,91,0,3.25,True,4.499809670330265,0.0
flat30-60,flat30-44.cnf,7.1667,90,300,True,4.750007065013051e-06,28,91,0,3.25,30,3.875000402331352e-06,28,91,0,3.25,True,4.499809670330265,0.0
flat30-60,flat30-44.cnf,7.1667,90,300,True,4.750007065013051e-06,28,91,0,3.25,100,3.8330035749822855e-06,28,91,0,3.25,True,4.499809670330265,0.0
flat30-60,flat30-44.cnf,7.1667,90,300,True,4.750007065013051e-06,28,91,0,3.25,300,4.04199818149209e-06,28,91,0,3.25,True,4.499809670330265,0.0
flat30-60,flat30-44.cnf,7.1667,90,300,True,4.750007065013051e-06,28,91,0,3.25,1000,3.7080026231706142e-06,28,91,0,3.25,True,4.499809670330265,0.0
flat30-60,flat30-45.cnf,5.25,90,300,True,4.832982085645199e-06,33,91,0,2.757575757575758,10,4.499976057559252e-06,33,91,0,2.757575757575758,True,4.499809670330265,0.0
flat30-60,flat30-45.cnf,5.25,90,300,True,4.832982085645199e-06,33,91,0,2.757575757575758,30,4.125002305954695e-06,33,91,0,2.757575757575758,True,4.499809670330265,0.0
flat30-60,flat30-45.cnf,5.25,90,300,True,4.832982085645199e-06,33,91,0,2.757575757575758,100,4.124973202124238e-06,33,91,0,2.757575757575758,True,4.499809670330265,0.0
flat30-60,flat30-45.cnf,5.25,90,300,True,4.832982085645199e-06,33,91,0,2.757575757575758,300,3.5829725675284863e-06,33,91,0,2.757575757575758,True,4.499809670330265,0.0
flat30-60,flat30-45.cnf,5.25,90,300,True,4.832982085645199e-06,33,91,0,2.757575757575758,1000,3.6249984987080097e-06,33,91,0,2.757575757575758,True,4.499809670330265,0.0
flat30-60,flat30-46.cnf,3.8889,90,300,True,5.082983989268541e-06,30,91,0,3.033333333333333,10,4.457979230210185e-06,30,91,0,3.033333333333333,True,4.499809670330265,0.0
flat30-60,flat30-46.cnf,3.8889,90,300,True,5.082983989268541e-06,30,91,0,3.033333333333333,30,4.375004209578037e-06,30,91,0,3.033333333333333,True,4.499809670330265,0.0
flat30-60,flat30-46.cnf,3.8889,90,300,True,5.082983989268541e-06,30,91,0,3.033333333333333,100,4.124973202124238e-06,30,91,0,3.033333333333333,True,4.499809670330265,0.0
flat30-60,flat30-46.cnf,3.8889,90,300,True,5.082983989268541e-06,30,91,0,3.033333333333333,300,3.6669953260570765e-06,30,91,0,3.033333333333333,True,4.499809670330265,0.0
flat30-60,flat30-46.cnf,3.8889,90,300,True,5.082983989268541e-06,30,91,0,3.033333333333333,1000,3.6249984987080097e-06,30,91,0,3.033333333333333,True,4.499809670330265,0.0
flat30-60,flat30-47.cnf,4.875,90,300,True,4.542001988738775e-06,26,91,0,3.5,10,4.0000013541430235e-06,26,91,0,3.5,True,4.499809670330265,0.0
flat30-60,flat30-47.cnf,4.875,90,300,True,4.542001988738775e-06,26,91,0,3.5,30,3.7919962778687477e-06,26,91,0,3.5,True,4.499809670330265,0.0
flat30-60,flat30-47.cnf,4.875,90,300,True,4.542001988738775e-06,26,91,0,3.5,100,3.749999450519681e-06,26,91,0,3.5,True,4.499809670330265,0.0
flat30-60,flat30-47.cnf,4.875,90,300,True,4.542001988738775e-06,26,91,0,3.5,300,3.708992153406143e-06,26,91,0,3.5,True,4.499809670330265,0.0
flat30-60,flat30-47.cnf,4.875,90,300,True,4.542001988738775e-06,26,91,0,3.5,1000,3.5840203054249287e-06,26,91,0,3.5,True,4.499809670330265,0.0
flat30-60,flat30-48.cnf,5.1111,90,300,True,4.708999767899513e-06,27,91,0,3.3703703703703702,10,4.292000085115433e-06,27,91,0,3.3703703703703702,True,4.499809670330265,0.0
flat30-60,flat30-48.cnf,5.1111,90,300,True,4.708999767899513e-06,27,91,0,3.3703703703703702,30,4.208006430417299e-06,27,91,0,3.3703703703703702,True,4.499809670330265,0.0
flat30-60,flat30-48.cnf,5.1111,90,300,True,4.708999767899513e-06,27,91,0,3.3703703703703702,100,4.04199818149209e-06,27,91,0,3.3703703703703702,True,4.499809670330265,0.0
flat30-60,flat30-48.cnf,5.1111,90,300,True,4.708999767899513e-06,27,91,0,3.3703703703703702,300,3.875000402331352e-06,27,91,0,3.3703703703703702,True,4.499809670330265,0.0
flat30-60,flat30-48.cnf,5.1111,90,300,True,4.708999767899513e-06,27,91,0,3.3703703703703702,1000,3.916997229680419e-06,27,91,0,3.3703703703703702,True,4.499809670330265,0.0
flat30-60,flat30-49.cnf,4.875,90,300,True,4.8340007197111845e-06,27,91,0,3.3703703703703702,10,4.6660134103149176e-06,27,91,0,3.3703703703703702,True,4.499809670330265,0.0
flat30-60,flat30-49.cnf,4.875,90,300,True,4.8340007197111845e-06,27,91,0,3.3703703703703702,30,4.250003257766366e-06,27,91,0,3.3703703703703702,True,4.499809670330265,0.0
flat30-60,flat30-49.cnf,4.875,90,300,True,4.8340007197111845e-06,27,91,0,3.3703703703703702,100,4.125002305954695e-06,27,91,0,3.3703703703703702,True,4.499809670330265,0.0
flat30-60,flat30-49.cnf,4.875,90,300,True,4.8340007197111845e-06,27,91,0,3.3703703703703702,300,4.125002305954695e-06,27,91,0,3.3703703703703702,True,4.499809670330265,0.0
flat30-60,flat30-49.cnf,4.875,90,300,True,4.8340007197111845e-06,27,91,0,3.3703703703703702,1000,4.083995008841157e-06,27,91,0,3.3703703703703702,True,4.499809670330265,0.0
flat30-60,flat30-5.cnf,2.1579,90,300,True,5.0419766921550035e-06,28,91,0,3.25,10,4.542001988738775e-06,28,91,0,3.25,True,4.499809670330265,0.0
flat30-60,flat30-5.cnf,2.1579,90,300,True,5.0419766921550035e-06,28,91,0,3.25,30,4.125002305954695e-06,28,91,0,3.25,True,4.499809670330265,0.0
flat30-60,flat30-5.cnf,2.1579,90,300,True,5.0419766921550035e-06,28,91,0,3.25,100,4.1669991333037615e-06,28,91,0,3.25,True,4.499809670330265,0.0
flat30-60,flat30-5.cnf,2.1579,90,300,True,5.0419766921550035e-06,28,91,0,3.25,300,4.0000013541430235e-06,28,91,0,3.25,True,4.499809670330265,0.0
flat30-60,flat30-5.cnf,2.1579,90,300,True,5.0419766921550035e-06,28,91,0,3.25,1000,3.9579754229635e-06,28,91,0,3.25,True,4.499809670330265,0.0
flat30-60,flat30-50.cnf,3.6667,90,300,True,4.708999767899513e-06,25,91,0,3.64,10,4.1669991333037615e-06,25,91,0,3.64,True,4.499809670330265,0.0
flat30-60,flat30-50.cnf,3.6667,90,300,True,4.708999767899513e-06,25,91,0,3.64,30,4.0000013541430235e-06,25,91,0,3.64,True,4.499809670330265,0.0
flat30-60,flat30-50.cnf,3.6667,90,300,True,4.708999767899513e-06,25,91,0,3.64,100,3.916997229680419e-06,25,91,0,3.64,True,4.499809670330265,0.0
flat30-60,flat30-50.cnf,3.6667,90,300,True,4.708999767899513e-06,25,91,0,3.64,300,4.083005478605628e-06,25,91,0,3.64,True,4.499809670330265,0.0
flat30-60,flat30-50.cnf,3.6667,90,300,True,4.708999767899513e-06,25,91,0,3.64,1000,3.958994057029486e-06,25,91,0,3.64,True,4.499809670330265,0.0
flat30-60,flat30-51.cnf,4.2,90,300,True,4.832982085645199e-06,26,91,0,3.5,10,4.458008334040642e-06,26,91,0,3.5,True,4.499809670330265,0.0
flat30-60,flat30-51.cnf,4.2,90,300,True,4.832982085645199e-06,26,91,0,3.5,30,4.083005478605628e-06,26,91,0,3.5,True,4.499809670330265,0.0
flat30-60,flat30-51.cnf,4.2,90,300,True,4.832982085645199e-06,26,91,0,3.5,100,3.749999450519681e-06,26,91,0,3.5,True,4.499809670330265,0.0
flat30-60,flat30-51.cnf,4.2,90,300,True,4.832982085645199e-06,26,91,0,3.5,300,3.7919962778687477e-06,26,91,0,3.5,True,4.499809670330265,0.0
flat30-60,flat30-51.cnf,4.2,90,300,True,4.832982085645199e-06,26,91,0,3.5,1000,3.7090212572366e-06,26,91,0,3.5,True,4.499809670330265,0.0
flat30-60,flat30-52.cnf,3.7,90,300,True,4.542001988738775e-06,29,91,0,3.1379310344827585,10,4.208006430417299e-06,29,91,0,3.1379310344827585,True,4.499809670330265,0.0
flat30-60,flat30-52.cnf,3.7,90,300,True,4.542001988738775e-06,29,91,0,3.1379310344827585,30,3.875000402331352e-06,29,91,0,3.1379310344827585,True,4.499809670330265,0.0
flat30-60,flat30-52.cnf,3.7,90,300,True,4.542001988738775e-06,29,91,0,3.1379310344827585,100,3.8330035749822855e-06,29,91,0,3.1379310344827585,True,4.499809670330265,0.0
flat30-60,flat30-52.cnf,3.7,90,300,True,4.542001988738775e-06,29,91,0,3.1379310344827585,300,3.749999450519681e-06,29,91,0,3.1379310344827585,True,4.499809670330265,0.0
flat30-60,flat30-52.cnf,3.7,90,300,True,4.542001988738775e-06,29,91,0,3.1379310344827585,1000,3.6249984987080097e-06,29,91,0,3.1379310344827585,True,4.499809670330265,0.0
flat30-60,flat30-53.cnf,3.25,90,300,True,5.0000089686363935e-06,28,91,0,3.25,10,4.5000051613897085e-06,28,91,0,3.25,True,4.499809670330265,0.0
flat30-60,flat30-53.cnf,3.25,90,300,True,5.0000089686363935e-06,28,91,0,3.25,30,4.290981451049447e-06,28,91,0,3.25,True,4.499809670330265,0.0
flat30-60,flat30-53.cnf,3.25,90,300,True,5.0000089686363935e-06,28,91,0,3.25,100,4.5000051613897085e-06,28,91,0,3.25,True,4.499809670330265,0.0
flat30-60,flat30-53.cnf,3.25,90,300,True,5.0000089686363935e-06,28,91,0,3.25,300,3.708992153406143e-06,28,91,0,3.25,True,4.499809670330265,0.0
flat30-60,flat30-53.cnf,3.25,90,300,True,5.0000089686363935e-06,28,91,0,3.25,1000,3.6669953260570765e-06,28,91,0,3.25,True,4.499809670330265,0.0
flat30-60,flat30-54.cnf,3.6364,90,300,True,4.541012458503246e-06,26,91,0,3.5,10,4.1669991333037615e-06,26,91,0,3.5,True,4.499809670330265,0.0
flat30-60,flat30-54.cnf,3.6364,90,300,True,4.541012458503246e-06,26,91,0,3.5,30,4.0000013541430235e-06,26,91,0,3.5,True,4.499809670330265,0.0
flat30-60,flat30-54.cnf,3.6364,90,300,True,4.541012458503246e-06,26,91,0,3.5,100,3.875000402331352e-06,26,91,0,3.5,True,4.499809670330265,0.0
flat30-60,flat30-54.cnf,3.6364,90,300,True,4.541012458503246e-06,26,91,0,3.5,300,3.7080026231706142e-06,26,91,0,3.5,True,4.499809670330265,0.0
flat30-60,flat30-54.cnf,3.6364,90,300,True,4.541012458503246e-06,26,91,0,3.5,1000,3.5410048440098763e-06,26,91,0,3.5,True,4.499809670330265,0.0
flat30-60,flat30-55.cnf,5.0,90,300,True,4.7079811338335276e-06,27,91,0,3.3703703703703702,10,4.125002305954695e-06,27,91,0,3.3703703703703702,True,4.499809670330265,0.0
flat30-60,flat30-55.cnf,5.0,90,300,True,4.7079811338335276e-06,27,91,0,3.3703703703703702,30,3.875000402331352e-06,27,91,0,3.3703703703703702,True,4.499809670330265,0.0
flat30-60,flat30-55.cnf,5.0,90,300,True,4.7079811338335276e-06,27,91,0,3.3703703703703702,100,3.91600769944489e-06,27,91,0,3.3703703703703702,True,4.499809670330265,0.0
flat30-60,flat30-55.cnf,5.0,90,300,True,4.7079811338335276e-06,27,91,0,3.3703703703703702,300,3.6669953260570765e-06,27,91,0,3.3703703703703702,True,4.499809670330265,0.0
flat30-60,flat30-55.cnf,5.0,90,300,True,4.7079811338335276e-06,27,91,0,3.3703703703703702,1000,3.6660057958215475e-06,27,91,0,3.3703703703703702,True,4.499809670330265,0.0
flat30-60,flat30-56.cnf,6.0,90,300,True,4.750007065013051e-06,30,91,0,3.033333333333333,10,4.417001036927104e-06,30,91,0,3.033333333333333,True,4.499809670330265,0.0
flat30-60,flat30-56.cnf,6.0,90,300,True,4.750007065013051e-06,30,91,0,3.033333333333333,30,4.125002305954695e-06,30,91,0,3.033333333333333,True,4.499809670330265,0.0
flat30-60,flat30-56.cnf,6.0,90,300,True,4.750007065013051e-06,30,91,0,3.033333333333333,100,4.0000013541430235e-06,30,91,0,3.033333333333333,True,4.499809670330265,0.0
flat30-60,flat30-56.cnf,6.0,90,300,True,4.750007065013051e-06,30,91,0,3.033333333333333,300,3.7919962778687477e-06,30,91,0,3.033333333333333,True,4.499809670330265,0.0
flat30-60,flat30-56.cnf,6.0,90,300,True,4.750007065013051e-06,30,91,0,3.033333333333333,1000,3.6669953260570765e-06,30,91,0,3.033333333333333,True,4.499809670330265,0.0
flat30-60,flat30-57.cnf,2.7857,90,300,True,4.62500611320138e-06,26,91,0,3.5,10,4.208995960652828e-06,26,91,0,3.5,True,4.499809670330265,0.0
flat30-60,flat30-57.cnf,2.7857,90,300,True,4.62500611320138e-06,26,91,0,3.5,30,3.958994057029486e-06,26,91,0,3.5,True,4.499809670330265,0.0
flat30-60,flat30-57.cnf,2.7857,90,300,True,4.62500611320138e-06,26,91,0,3.5,100,3.749999450519681e-06,26,91,0,3.5,True,4.499809670330265,0.0
flat30-60,flat30-57.cnf,2.7857,90,300,True,4.62500611320138e-06,26,91,0,3.5,300,3.7919962778687477e-06,26,91,0,3.5,True,4.499809670330265,0.0
flat30-60,flat30-57.cnf,2.7857,90,300,True,4.62500611320138e-06,26,91,0,3.5,1000,3.542023478075862e-06,26,91,0,3.5,True,4.499809670330265,0.0
flat30-60,flat30-58.cnf,3.0714,90,300,True,4.708010237663984e-06,25,91,0,3.64,10,4.250003257766366e-06,25,91,0,3.64,True,4.499809670330265,0.0
flat30-60,flat30-58.cnf,3.0714,90,300,True,4.708010237663984e-06,25,91,0,3.64,30,4.04199818149209e-06,25,91,0,3.64,True,4.499809670330265,0.0
flat30-60,flat30-58.cnf,3.0714,90,300,True,4.708010237663984e-06,25,91,0,3.64,100,3.958004526793957e-06,25,91,0,3.64,True,4.499809670330265,0.0
flat30-60,flat30-58.cnf,3.0714,90,300,True,4.708010237663984e-06,25,91,0,3.64,300,3.875000402331352e-06,25,91,0,3.64,True,4.499809670330265,0.0
flat30-60,flat30-58.cnf,3.0714,90,300,True,4.708010237663984e-06,25,91,0,3.64,1000,3.749999450519681e-06,25,91,0,3.64,True,4.499809670330265,0.0
flat30-60,flat30-59.cnf,6.1538,90,300,True,4.583009285852313e-06,25,91,0,3.64,10,4.041008651256561e-06,25,91,0,3.64,True,4.499809670330265,0.0
flat30-60,flat30-59.cnf,6.1538,90,300,True,4.583009285852313e-06,25,91,0,3.64,30,3.875000402331352e-06,25,91,0,3.64,True,4.499809670330265,0.0
flat30-60,flat30-59.cnf,6.1538,90,300,True,4.583009285852313e-06,25,91,0,3.64,100,3.7919962778687477e-06,25,91,0,3.64,True,4.499809670330265,0.0
flat30-60,flat30-59.cnf,6.1538,90,300,True,4.583009285852313e-06,25,91,0,3.64,300,3.749999450519681e-06,25,91,0,3.64,True,4.499809670330265,0.0
flat30-60,flat30-59.cnf,6.1538,90,300,True,4.583009285852313e-06,25,91,0,3.64,1000,3.6249984987080097e-06,25,91,0,3.64,True,4.499809670330265,0.0
flat30-60,flat30-6.cnf,2.75,90,300,True,4.6660134103149176e-06,31,91,0,2.935483870967742,10,4.417001036927104e-06,31,91,0,2.935483870967742,True,4.499809670330265,0.0
flat30-60,flat30-6.cnf,2.75,90,300,True,4.6660134103149176e-06,31,91,0,2.935483870967742,30,4.04199818149209e-06,31,91,0,2.935483870967742,True,4.499809670330265,0.0
flat30-60,flat30-6.cnf,2.75,90,300,True,4.6660134103149176e-06,31,91,0,2.935483870967742,100,3.916997229680419e-06,31,91,0,2.935483870967742,True,4.499809670330265,0.0
flat30-60,flat30-6.cnf,2.75,90,300,True,4.6660134103149176e-06,31,91,0,2.935483870967742,300,3.8330035749822855e-06,31,91,0,2.935483870967742,True,4.499809670330265,0.0
flat30-60,flat30-6.cnf,2.75,90,300,True,4.6660134103149176e-06,31,91,0,2.935483870967742,1000,3.6669953260570765e-06,31,91,0,2.935483870967742,True,4.499809670330265,0.0
flat30-60,flat30-60.cnf,5.1111,90,300,True,5.084002623334527e-06,24,91,0,3.7916666666666665,10,4.292000085115433e-06,24,91,0,3.7916666666666665,True,4.499809670330265,0.0
flat30-60,flat30-60.cnf,5.1111,90,300,True,5.084002623334527e-06,24,91,0,3.7916666666666665,30,4.250003257766366e-06,24,91,0,3.7916666666666665,True,4.499809670330265,0.0
flat30-60,flat30-60.cnf,5.1111,90,300,True,5.084002623334527e-06,24,91,0,3.7916666666666665,100,4.042027285322547e-06,24,91,0,3.7916666666666665,True,4.499809670330265,0.0
flat30-60,flat30-60.cnf,5.1111,90,300,True,5.084002623334527e-06,24,91,0,3.7916666666666665,300,3.7079735193401575e-06,24,91,0,3.7916666666666665,True,4.499809670330265,0.0
flat30-60,flat30-60.cnf,5.1111,90,300,True,5.084002623334527e-06,24,91,0,3.7916666666666665,1000,3.6249984987080097e-06,24,91,0,3.7916666666666665,True,4.499809670330265,0.0
flat30-60,flat30-61.cnf,2.9412,90,300,True,4.5000051613897085e-06,25,91,0,3.64,10,4.041008651256561e-06,25,91,0,3.64,True,4.499809670330265,0.0
flat30-60,flat30-61.cnf,2.9412,90,300,True,4.5000051613897085e-06,25,91,0,3.64,30,4.04199818149209e-06,25,91,0,3.64,True,4.499809670330265,0.0
flat30-60,flat30-61.cnf,2.9412,90,300,True,4.5000051613897085e-06,25,91,0,3.64,100,3.9579754229635e-06,25,91,0,3.64,True,4.499809670330265,0.0
flat30-60,flat30-61.cnf,2.9412,90,300,True,4.5000051613897085e-06,25,91,0,3.64,300,4.125002305954695e-06,25,91,0,3.64,True,4.499809670330265,0.0
flat30-60,flat30-61.cnf,2.9412,90,300,True,4.5000051613897085e-06,25,91,0,3.64,1000,4.041008651256561e-06,25,91,0,3.64,True,4.499809670330265,0.0
flat30-60,flat30-62.cnf,4.5714,90,300,True,4.958012141287327e-06,27,91,0,3.3703703703703702,10,4.542001988738775e-06,27,91,0,3.3703703703703702,True,4.499809670330265,0.0
flat30-60,flat30-62.cnf,4.5714,90,300,True,4.958012141287327e-06,27,91,0,3.3703703703703702,30,4.250003257766366e-06,27,91,0,3.3703703703703702,True,4.499809670330265,0.0
flat30-60,flat30-62.cnf,4.5714,90,300,True,4.958012141287327e-06,27,91,0,3.3703703703703702,100,4.083005478605628e-06,27,91,0,3.3703703703703702,True,4.499809670330265,0.0
flat30-60,flat30-62.cnf,4.5714,90,300,True,4.958012141287327e-06,27,91,0,3.3703703703703702,300,3.916997229680419e-06,27,91,0,3.3703703703703702,True,4.499809670330265,0.0
flat30-60,flat30-62.cnf,4.5714,90,300,True,4.958012141287327e-06,27,91,0,3.3703703703703702,1000,3.875000402331352e-06,27,91,0,3.3703703703703702,True,4.499809670330265,0.0
flat50-115,flat50-1.cnf,13.0952,150,545,True,8.041999535635114e-06,37,151,0,4.081081081081081,10,6.332993507385254e-06,37,151,0,4.081081081081081,True,5.0106352940962555,0.0
flat50-115,flat50-1.cnf,13.0952,150,545,True,8.041999535635114e-06,37,151,0,4.081081081081081,30,5.792011506855488e-06,37,151,0,4.081081081081081,True,5.0106352940962555,0.0
flat50-115,flat50-1.cnf,13.0952,150,545,True,8.041999535635114e-06,37,151,0,4.081081081081081,100,5.6670105550438166e-06,37,151,0,4.081081081081081,True,5.0106352940962555,0.0
flat50-115,flat50-1.cnf,13.0952,150,545,True,8.041999535635114e-06,37,151,0,4.081081081081081,300,5.6670105550438166e-06,37,151,0,4.081081081081081,True,5.0106352940962555,0.0
flat50-115,flat50-1.cnf,13.0952,150,545,True,8.041999535635114e-06,37,151,0,4.081081081081081,1000,5.499983672052622e-06,37,151,0,4.081081081081081,True,5.0106352940962555,0.0
flat50-115,flat50-10.cnf,12.0769,150,545,True,7.624999852851033e-06,38,151,0,3.973684210526316,10,6.207992555573583e-06,38,151,0,3.973684210526316,True,5.0106352940962555,0.0
flat50-115,flat50-10.cnf,12.0769,150,545,True,7.624999852851033e-06,38,151,0,3.973684210526316,30,5.750014679506421e-06,38,151,0,3.973684210526316,True,5.0106352940962555,0.0
flat50-115,flat50-10.cnf,12.0769,150,545,True,7.624999852851033e-06,38,151,0,3.973684210526316,100,5.66698145121336e-06,38,151,0,3.973684210526316,True,5.0106352940962555,0.0
flat50-115,flat50-10.cnf,12.0769,150,545,True,7.624999852851033e-06,38,151,0,3.973684210526316,300,5.665991920977831e-06,38,151,0,3.973684210526316,True,5.0106352940962555,0.0
flat50-115,flat50-10.cnf,12.0769,150,545,True,7.624999852851033e-06,38,151,0,3.973684210526316,1000,5.5000127758830786e-06,38,151,0,3.973684210526316,True,5.0106352940962555,0.0
flat50-115,flat50-100.cnf,11.6667,150,545,True,7.499998901039362e-06,40,151,0,3.775,10,6.375019438564777e-06,40,151,0,3.775,True,5.0106352940962555,0.0
flat50-115,flat50-100.cnf,11.6667,150,545,True,7.499998901039362e-06,40,151,0,3.775,30,5.875015631318092e-06,40,151,0,3.775,True,5.0106352940962555,0.0
flat50-115,flat50-100.cnf,11.6667,150,545,True,7.499998901039362e-06,40,151,0,3.775,100,5.874986527487636e-06,40,151,0,3.775,True,5.0106352940962555,0.0
flat50-115,flat50-100.cnf,11.6667,150,545,True,7.499998901039362e-06,40,151,0,3.775,300,5.6670105550438166e-06,40,151,0,3.775,True,5.0106352940962555,0.0
flat50-115,flat50-100.cnf,11.6667,150,545,True,7.499998901039362e-06,40,151,0,3.775,1000,5.62501372769475e-06,40,151,0,3.775,True,5.0106352940962555,0.0
flat50-115,flat50-1000.cnf,8.0,150,545,True,7.208000170066953e-06,40,151,0,3.775,10,6.166985258460045e-06,40,151,0,3.775,True,5.0106352940962555,0.0
flat50-115,flat50-1000.cnf,8.0,150,545,True,7.208000170066953e-06,40,151,0,3.775,30,5.792011506855488e-06,40,151,0,3.775,True,5.0106352940962555,0.0
flat50-115,flat50-1000.cnf,8.0,150,545,True,7.208000170066953e-06,40,151,0,3.775,100,5.66698145121336e-06,40,151,0,3.775,True,5.0106352940962555,0.0
flat50-115,flat50-1000.cnf,8.0,150,545,True,7.208000170066953e-06,40,151,0,3.775,300,5.541020072996616e-06,40,151,0,3.775,True,5.0106352940962555,0.0
flat50-115,flat50-1000.cnf,8.0,150,545,True,7.208000170066953e-06,40,151,0,3.775,1000,5.499983672052622e-06,40,151,0,3.775,True,5.0106352940962555,0.0
flat50-115,flat50-101.cnf,6.3529,150,545,True,7.542024832218885e-06,43,151,0,3.511627906976744,10,6.66698906570673e-06,43,151,0,3.511627906976744,True,5.0106352940962555,0.0
flat50-115,flat50-101.cnf,6.3529,150,545,True,7.542024832218885e-06,43,151,0,3.511627906976744,30,6.000016583129764e-06,43,151,0,3.511627906976744,True,5.0106352940962555,0.0
flat50-115,flat50-101.cnf,6.3529,150,545,True,7.542024832218885e-06,43,151,0,3.511627906976744,100,5.833018803969026e-06,43,151,0,3.511627906976744,True,5.0106352940962555,0.0
flat50-115,flat50-101.cnf,6.3529,150,545,True,7.542024832218885e-06,43,151,0,3.511627906976744,300,5.6670105550438166e-06,43,151,0,3.511627906976744,True,5.0106352940962555,0.0
flat50-115,flat50-101.cnf,6.3529,150,545,True,7.542024832218885e-06,43,151,0,3.511627906976744,1000,5.624984623864293e-06,43,151,0,3.511627906976744,True,5.0106352940962555,0.0
flat50-115,flat50-102.cnf,14.8947,150,545,True,7.167021976783872e-06,40,151,0,3.775,10,6.000016583129764e-06,40,151,0,3.775,True,5.0106352940962555,0.0
flat50-115,flat50-102.cnf,14.8947,150,545,True,7.167021976783872e-06,40,151,0,3.775,30,5.792011506855488e-06,40,151,0,3.775,True,5.0106352940962555,0.0
flat50-115,flat50-102.cnf,14.8947,150,545,True,7.167021976783872e-06,40,151,0,3.775,100,5.62501372769475e-06,40,151,0,3.775,True,5.0106352940962555,0.0
flat50-115,flat50-102.cnf,14.8947,150,545,True,7.167021976783872e-06,40,151,0,3.775,300,6.416987162083387e-06,40,151,0,3.775,True,5.0106352940962555,0.0
flat50-115,flat50-102.cnf,14.8947,150,545,True,7.167021976783872e-06,40,151,0,3.775,1000,5.6670105550438166e-06,40,151,0,3.775,True,5.0106352940962555,0.0
flat50-115,flat50-103.cnf,8.3,150,545,True,8.08399636298418e-06,41,151,0,3.682926829268293,10,6.624992238357663e-06,41,151,0,3.682926829268293,True,5.0106352940962555,0.0
flat50-115,flat50-103.cnf,8.3,150,545,True,8.08399636298418e-06,41,151,0,3.682926829268293,30,6.124988431110978e-06,41,151,0,3.682926829268293,True,5.0106352940962555,0.0
flat50-115,flat50-103.cnf,8.3,150,545,True,8.08399636298418e-06,41,151,0,3.682926829268293,100,5.95799065195024e-06,41,151,0,3.682926829268293,True,5.0106352940962555,0.0
flat50-115,flat50-103.cnf,8.3,150,545,True,8.08399636298418e-06,41,151,0,3.682926829268293,300,5.832989700138569e-06,41,151,0,3.682926829268293,True,5.0106352940962555,0.0
flat50-115,flat50-103.cnf,8.3,150,545,True,8.08399636298418e-06,41,151,0,3.682926829268293,1000,5.6670105550438166e-06,41,151,0,3.682926829268293,True,5.0106352940962555,0.0
flat50-115,flat50-104.cnf,15.5714,150,545,True,7.291993824765086e-06,39,151,0,3.871794871794872,10,6.041984306648374e-06,39,151,0,3.871794871794872,True,5.0106352940962555,0.0
flat50-115,flat50-104.cnf,15.5714,150,545,True,7.291993824765086e-06,39,151,0,3.871794871794872,30,5.542009603232145e-06,39,151,0,3.871794871794872,True,5.0106352940962555,0.0
flat50-115,flat50-104.cnf,15.5714,150,545,True,7.291993824765086e-06,39,151,0,3.871794871794872,100,5.54099096916616e-06,39,151,0,3.871794871794872,True,5.0106352940962555,0.0
flat50-115,flat50-104.cnf,15.5714,150,545,True,7.291993824765086e-06,39,151,0,3.871794871794872,300,5.375011824071407e-06,39,151,0,3.871794871794872,True,5.0106352940962555,0.0
flat50-115,flat50-104.cnf,15.5714,150,545,True,7.291993824765086e-06,39,151,0,3.871794871794872,1000,5.417008651420474e-06,39,151,0,3.871794871794872,True,5.0106352940962555,0.0
flat50-115,flat50-105.cnf,15.8235,150,545,True,6.999995093792677e-06,39,151,0,3.871794871794872,10,5.999987479299307e-06,39,151,0,3.871794871794872,True,5.0106352940962555,0.0
flat50-115,flat50-105.cnf,15.8235,150,545,True,6.999995093792677e-06,39,151,0,3.871794871794872,30,5.62501372769475e-06,39,151,0,3.871794871794872,True,5.0106352940962555,0.0
flat50-115,flat50-105.cnf,15.8235,150,545,True,6.999995093792677e-06,39,151,0,3.871794871794872,100,5.416019121184945e-06,39,151,0,3.871794871794872,True,5.0106352940962555,0.0
flat50-115,flat50-105.cnf,15.8235,150,545,True,6.999995093792677e-06,39,151,0,3.871794871794872,300,5.375011824071407e-06,39,151,0,3.871794871794872,True,5.0106352940962555,0.0
flat50-115,flat50-105.cnf,15.8235,150,545,True,6.999995093792677e-06,39,151,0,3.871794871794872,1000,5.749985575675964e-06,39,151,0,3.871794871794872,True,5.0106352940962555,0.0
flat50-115,flat50-106.cnf,6.5625,150,545,True,6.874994141981006e-06,41,151,0,3.682926829268293,10,5.917012458667159e-06,41,151,0,3.682926829268293,True,5.0106352940962555,0.0
flat50-115,flat50-106.cnf,6.5625,150,545,True,6.874994141981006e-06,41,151,0,3.682926829268293,30,5.5000127758830786e-06,41,151,0,3.682926829268293,True,5.0106352940962555,0.0
flat50-115,flat50-106.cnf,6.5625,150,545,True,6.874994141981006e-06,41,151,0,3.682926829268293,100,5.333014996722341e-06,41,151,0,3.682926829268293,True,5.0106352940962555,0.0
flat50-115,flat50-106.cnf,6.5625,150,545,True,6.874994141981006e-06,41,151,0,3.682926829268293,300,6.707996362820268e-06,41,151,0,3.682926829268293,True,5.0106352940962555,0.0
flat50-115,flat50-106.cnf,6.5625,150,545,True,6.874994141981006e-06,41,151,0,3.682926829268293,1000,5.208014044910669e-06,41,151,0,3.682926829268293,True,5.0106352940962555,0.0
flat50-115,flat50-107.cnf,12.2778,150,545,True,6.66698906570673e-06,42,151,0,3.5952380952380953,10,5.916983354836702e-06,42,151,0,3.5952380952380953,True,5.0106352940962555,0.0
flat50-115,flat50-107.cnf,12.2778,150,545,True,6.66698906570673e-06,42,151,0,3.5952380952380953,30,5.417008651420474e-06,42,151,0,3.5952380952380953,True,5.0106352940962555,0.0
flat50-115,flat50-107.cnf,12.2778,150,545,True,6.66698906570673e-06,42,151,0,3.5952380952380953,100,5.375011824071407e-06,42,151,0,3.5952380952380953,True,5.0106352940962555,0.0
flat50-115,flat50-107.cnf,12.2778,150,545,True,6.66698906570673e-06,42,151,0,3.5952380952380953,300,5.542009603232145e-06,42,151,0,3.5952380952380953,True,5.0106352940962555,0.0
flat50-115,flat50-107.cnf,12.2778,150,545,True,6.66698906570673e-06,42,151,0,3.5952380952380953,1000,5.583016900345683e-06,42,151,0,3.5952380952380953,True,5.0106352940962555,0.0
flat50-115,flat50-108.cnf,7.875,150,545,True,7.0420210249722e-06,42,151,0,3.5952380952380953,10,6.165995728224516e-06,42,151,0,3.5952380952380953,True,5.0106352940962555,0.0
flat50-115,flat50-108.cnf,7.875,150,545,True,7.0420210249722e-06,42,151,0,3.5952380952380953,30,5.832989700138569e-06,42,151,0,3.5952380952380953,True,5.0106352940962555,0.0
flat50-115,flat50-108.cnf,7.875,150,545,True,7.0420210249722e-06,42,151,0,3.5952380952380953,100,5.707988748326898e-06,42,151,0,3.5952380952380953,True,5.0106352940962555,0.0
flat50-115,flat50-108.cnf,7.875,150,545,True,7.0420210249722e-06,42,151,0,3.5952380952380953,300,5.54099096916616e-06,42,151,0,3.5952380952380953,True,5.0106352940962555,0.0
flat50-115,flat50-108.cnf,7.875,150,545,True,7.0420210249722e-06,42,151,0,3.5952380952380953,1000,5.415990017354488e-06,42,151,0,3.5952380952380953,True,5.0106352940962555,0.0
flat50-115,flat50-109.cnf,15.5,150,545,True,7.041002390906215e-06,44,151,0,3.4318181818181817,10,6.250018486753106e-06,44,151,0,3.4318181818181817,True,5.0106352940962555,0.0
flat50-115,flat50-109.cnf,15.5,150,545,True,7.041002390906215e-06,44,151,0,3.4318181818181817,30,5.6670105550438166e-06,44,151,0,3.4318181818181817,True,5.0106352940962555,0.0
flat50-115,flat50-109.cnf,15.5,150,545,True,7.041002390906215e-06,44,151,0,3.4318181818181817,100,5.624984623864293e-06,44,151,0,3.4318181818181817,True,5.0106352940962555,0.0
flat50-115,flat50-109.cnf,15.5,150,545,True,7.041002390906215e-06,44,151,0,3.4318181818181817,300,5.624984623864293e-06,44,151,0,3.4318181818181817,True,5.0106352940962555,0.0
flat50-115,flat50-109.cnf,15.5,150,545,True,7.041002390906215e-06,44,151,0,3.4318181818181817,1000,5.457986844703555e-06,44,151,0,3.4318181818181817,True,5.0106352940962555,0.0
flat50-115,flat50-11.cnf,8.8333,150,545,True,7.374997949227691e-06,44,151,0,3.4318181818181817,10,6.33401214145124e-06,44,151,0,3.4318181818181817,True,5.0106352940962555,0.0
flat50-115,flat50-11.cnf,8.8333,150,545,True,7.374997949227691e-06,44,151,0,3.4318181818181817,30,5.999987479299307e-06,44,151,0,3.4318181818181817,True,5.0106352940962555,0.0
flat50-115,flat50-11.cnf,8.8333,150,545,True,7.374997949227691e-06,44,151,0,3.4318181818181817,100,5.915993824601173e-06,44,151,0,3.4318181818181817,True,5.0106352940962555,0.0
flat50-115,flat50-11.cnf,8.8333,150,545,True,7.374997949227691e-06,44,151,0,3.4318181818181817,300,5.708017852157354e-06,44,151,0,3.4318181818181817,True,5.0106352940962555,0.0
flat50-115,flat50-11.cnf,8.8333,150,545,True,7.374997949227691e-06,44,151,0,3.4318181818181817,1000,5.792011506855488e-06,44,151,0,3.4318181818181817,True,5.0106352940962555,0.0
flat50-115,flat50-110.cnf,9.1,150,545,True,1.0750023648142815e-05,42,151,0,3.5952380952380953,10,8.208007784560323e-06,42,151,0,3.5952380952380953,True,5.0106352940962555,0.0
flat50-115,flat50-110.cnf,9.1,150,545,True,1.0750023648142815e-05,42,151,0,3.5952380952380953,30,6.416987162083387e-06,42,151,0,3.5952380952380953,True,5.0106352940962555,0.0
flat50-115,flat50-110.cnf,9.1,150,545,True,1.0750023648142815e-05,42,151,0,3.5952380952380953,100,5.749985575675964e-06,42,151,0,3.5952380952380953,True,5.0106352940962555,0.0
flat50-115,flat50-110.cnf,9.1,150,545,True,1.0750023648142815e-05,42,151,0,3.5952380952380953,300,5.415990017354488e-06,42,151,0,3.5952380952380953,True,5.0106352940962555,0.0
flat50-115,flat50-110.cnf,9.1,150,545,True,1.0750023648142815e-05,42,151,0,3.5952380952380953,1000,5.249981768429279e-06,42,151,0,3.5952380952380953,True,5.0106352940962555,0.0
flat50-115,flat50-111.cnf,13.4375,150,545,True,8.292001439258456e-06,42,151,0,3.5952380952380953,10,6.66698906570673e-06,42,151,0,3.5952380952380953,True,5.0106352940962555,0.0
flat50-115,flat50-111.cnf,13.4375,150,545,True,8.292001439258456e-06,42,151,0,3.5952380952380953,30,6.125017534941435e-06,42,151,0,3.5952380952380953,True,5.0106352940962555,0.0
flat50-115,flat50-111.cnf,13.4375,150,545,True,8.292001439258456e-06,42,151,0,3.5952380952380953,100,6.000016583129764e-06,42,151,0,3.5952380952380953,True,5.0106352940962555,0.0
flat50-115,flat50-111.cnf,13.4375,150,545,True,8.292001439258456e-06,42,151,0,3.5952380952380953,300,5.8340083342045546e-06,42,151,0,3.5952380952380953,True,5.0106352940962555,0.0
flat50-115,flat50-111.cnf,13.4375,150,545,True,8.292001439258456e-06,42,151,0,3.5952380952380953,1000,5.833018803969026e-06,42,151,0,3.5952380952380953,True,5.0106352940962555,0.0
flat50-115,flat50-112.cnf,9.0667,150,545,True,8.000002708286047e-06,44,151,0,3.4318181818181817,10,6.040994776412845e-06,44,151,0,3.4318181818181817,True,5.0106352940962555,0.0
flat50-115,flat50-112.cnf,9.0667,150,545,True,8.000002708286047e-06,44,151,0,3.4318181818181817,30,5.542009603232145e-06,44,151,0,3.4318181818181817,True,5.0106352940962555,0.0
flat50-115,flat50-112.cnf,9.0667,150,545,True,8.000002708286047e-06,44,151,0,3.4318181818181817,100,5.542009603232145e-06,44,151,0,3.4318181818181817,True,5.0106352940962555,0.0
flat50-115,flat50-112.cnf,9.0667,150,545,True,8.000002708286047e-06,44,151,0,3.4318181818181817,300,5.249981768429279e-06,44,151,0,3.4318181818181817,True,5.0106352940962555,0.0
flat50-115,flat50-112.cnf,9.0667,150,545,True,8.000002708286047e-06,44,151,0,3.4318181818181817,1000,5.292007699608803e-06,44,151,0,3.4318181818181817,True,5.0106352940962555,0.0
flat50-115,flat50-113.cnf,11.6364,150,545,True,7.208000170066953e-06,38,151,0,3.973684210526316,10,6.208021659404039e-06,38,151,0,3.973684210526316,True,5.0106352940962555,0.0
flat50-115,flat50-113.cnf,11.6364,150,545,True,7.208000170066953e-06,38,151,0,3.973684210526316,30,5.5000127758830786e-06,38,151,0,3.973684210526316,True,5.0106352940962555,0.0
flat50-115,flat50-113.cnf,11.6364,150,545,True,7.208000170066953e-06,38,151,0,3.973684210526316,100,5.624984623864293e-06,38,151,0,3.973684210526316,True,5.0106352940962555,0.0
flat50-115,flat50-113.cnf,11.6364,150,545,True,7.208000170066953e-06,38,151,0,3.973684210526316,300,5.375011824071407e-06,38,151,0,3.973684210526316,True,5.0106352940962555,0.0
flat50-115,flat50-113.cnf,11.6364,150,545,True,7.208000170066953e-06,38,151,0,3.973684210526316,1000,5.3340045269578695e-06,38,151,0,3.973684210526316,True,5.0106352940962555,0.0
flat50-115,flat50-114.cnf,12.3333,150,545,True,6.95799826644361e-06,42,151,0,3.5952380952380953,10,6.083020707592368e-06,42,151,0,3.5952380952380953,True,5.0106352940962555,0.0
flat50-115,flat50-114.cnf,12.3333,150,545,True,6.95799826644361e-06,42,151,0,3.5952380952380953,30,5.749985575675964e-06,42,151,0,3.5952380952380953,True,5.0106352940962555,0.0
flat50-115,flat50-114.cnf,12.3333,150,545,True,6.95799826644361e-06,42,151,0,3.5952380952380953,100,5.541020072996616e-06,42,151,0,3.5952380952380953,True,5.0106352940962555,0.0
flat50-115,flat50-114.cnf,12.3333,150,545,True,6.95799826644361e-06,42,151,0,3.5952380952380953,300,5.375011824071407e-06,42,151,0,3.5952380952380953,True,5.0106352940962555,0.0
flat50-115,flat50-114.cnf,12.3333,150,545,True,6.95799826644361e-06,42,151,0,3.5952380952380953,1000,5.249981768429279e-06,42,151,0,3.5952380952380953,True,5.0106352940962555,0.0
flat50-115,flat50-115.cnf,7.8462,150,545,True,7.209018804132938e-06,42,151,0,3.5952380952380953,10,6.292015314102173e-06,42,151,0,3.5952380952380953,True,5.0106352940962555,0.0
flat50-115,flat50-115.cnf,7.8462,150,545,True,7.209018804132938e-06,42,151,0,3.5952380952380953,30,5.5000127758830786e-06,42,151,0,3.5952380952380953,True,5.0106352940962555,0.0
flat50-115,flat50-115.cnf,7.8462,150,545,True,7.209018804132938e-06,42,151,0,3.5952380952380953,100,5.415990017354488e-06,42,151,0,3.5952380952380953,True,5.0106352940962555,0.0
flat50-115,flat50-115.cnf,7.8462,150,545,True,7.209018804132938e-06,42,151,0,3.5952380952380953,300,5.292007699608803e-06,42,151,0,3.5952380952380953,True,5.0106352940962555,0.0
flat50-115,flat50-115.cnf,7.8462,150,545,True,7.209018804132938e-06,42,151,0,3.5952380952380953,1000,5.375011824071407e-06,42,151,0,3.5952380952380953,True,5.0106352940962555,0.0
flat50-115,flat50-116.cnf,6.2143,150,545,True,6.95799826644361e-06,41,151,0,3.682926829268293,10,6.000016583129764e-06,41,151,0,3.682926829268293,True,5.0106352940962555,0.0
flat50-115,flat50-116.cnf,6.2143,150,545,True,6.95799826644361e-06,41,151,0,3.682926829268293,30,5.374982720240951e-06,41,151,0,3.682926829268293,True,5.0106352940962555,0.0
flat50-115,flat50-116.cnf,6.2143,150,545,True,6.95799826644361e-06,41,151,0,3.682926829268293,100,5.292007699608803e-06,41,151,0,3.682926829268293,True,5.0106352940962555,0.0
flat50-115,flat50-116.cnf,6.2143,150,545,True,6.95799826644361e-06,41,151,0,3.682926829268293,300,5.249981768429279e-06,41,151,0,3.682926829268293,True,5.0106352940962555,0.0
flat50-115,flat50-116.cnf,6.2143,150,545,True,6.95799826644361e-06,41,151,0,3.682926829268293,1000,5.790992872789502e-06,41,151,0,3.682926829268293,True,5.0106352940962555,0.0
flat50-115,flat50-117.cnf,9.9091,150,545,True,7.374997949227691e-06,42,151,0,3.5952380952380953,10,5.874986527487636e-06,42,151,0,3.5952380952380953,True,5.0106352940962555,0.0
flat50-115,flat50-117.cnf,9.9091,150,545,True,7.374997949227691e-06,42,151,0,3.5952380952380953,30,5.624984623864293e-06,42,151,0,3.5952380952380953,True,5.0106352940962555,0.0
flat50-115,flat50-117.cnf,9.9091,150,545,True,7.374997949227691e-06,42,151,0,3.5952380952380953,100,5.375011824071407e-06,42,151,0,3.5952380952380953,True,5.0106352940962555,0.0
flat50-115,flat50-117.cnf,9.9091,150,545,True,7.374997949227691e-06,42,151,0,3.5952380952380953,300,5.250010872259736e-06,42,151,0,3.5952380952380953,True,5.0106352940962555,0.0
flat50-115,flat50-117.cnf,9.9091,150,545,True,7.374997949227691e-06,42,151,0,3.5952380952380953,1000,5.250010872259736e-06,42,151,0,3.5952380952380953,True,5.0106352940962555,0.0
flat50-115,flat50-118.cnf,16.6842,150,545,True,7.499998901039362e-06,41,151,0,3.682926829268293,10,5.874986527487636e-06,41,151,0,3.682926829268293,True,5.0106352940962555,0.0
flat50-115,flat50-118.cnf,16.6842,150,545,True,7.499998901039362e-06,41,151,0,3.682926829268293,30,5.5419804994016886e-06,41,151,0,3.682926829268293,True,5.0106352940962555,0.0
flat50-115,flat50-118.cnf,16.6842,150,545,True,7.499998901039362e-06,41,151,0,3.682926829268293,100,5.374982720240951e-06,41,151,0,3.682926829268293,True,5.0106352940962555,0.0
flat50-115,flat50-118.cnf,16.6842,150,545,True,7.499998901039362e-06,41,151,0,3.682926829268293,300,5.292007699608803e-06,41,151,0,3.682926829268293,True,5.0106352940962555,0.0
flat50-115,flat50-118.cnf,16.6842,150,545,True,7.499998901039362e-06,41,151,0,3.682926829268293,1000,5.415990017354488e-06,41,151,0,3.682926829268293,True,5.0106352940962555,0.0
flat50-115,flat50-119.cnf,7.5625,150,545,True,7.458002073690295e-06,37,151,0,4.081081081081081,10,5.709007382392883e-06,37,151,0,4.081081081081081,True,5.0106352940962555,0.0
flat50-115,flat50-119.cnf,7.5625,150,545,True,7.458002073690295e-06,37,151,0,4.081081081081081,30,5.5000127758830786e-06,37,151,0,4.081081081081081,True,5.0106352940962555,0.0
flat50-115,flat50-119.cnf,7.5625,150,545,True,7.458002073690295e-06,37,151,0,4.081081081081081,100,5.3340045269578695e-06,37,151,0,4.081081081081081,True,5.0106352940962555,0.0
flat50-115,flat50-119.cnf,7.5625,150,545,True,7.458002073690295e-06,37,151,0,4.081081081081081,300,5.333014996722341e-06,37,151,0,4.081081081081081,True,5.0106352940962555,0.0
flat50-115,flat50-119.cnf,7.5625,150,545,True,7.458002073690295e-06,37,151,0,4.081081081081081,1000,5.208014044910669e-06,37,151,0,4.081081081081081,True,5.0106352940962555,0.0
flat50-115,flat50-12.cnf,7.6471,150,545,True,6.582995411008596e-06,40,151,0,3.775,10,5.874986527487636e-06,40,151,0,3.775,True,5.0106352940962555,0.0
flat50-115,flat50-12.cnf,7.6471,150,545,True,6.582995411008596e-06,40,151,0,3.775,30,5.375011824071407e-06,40,151,0,3.775,True,5.0106352940962555,0.0
flat50-115,flat50-12.cnf,7.6471,150,545,True,6.582995411008596e-06,40,151,0,3.775,100,5.249981768429279e-06,40,151,0,3.775,True,5.0106352940962555,0.0
flat50-115,flat50-12.cnf,7.6471,150,545,True,6.582995411008596e-06,40,151,0,3.775,300,5.291018169373274e-06,40,151,0,3.775,True,5.0106352940962555,0.0
flat50-115,flat50-12.cnf,7.6471,150,545,True,6.582995411008596e-06,40,151,0,3.775,1000,5.249981768429279e-06,40,151,0,3.775,True,5.0106352940962555,0.0
flat50-115,flat50-120.cnf,17.3571,150,545,True,6.62502134218812e-06,40,151,0,3.775,10,5.833979230374098e-06,40,151,0,3.775,True,5.0106352940962555,0.0
flat50-115,flat50-120.cnf,17.3571,150,545,True,6.62502134218812e-06,40,151,0,3.775,30,5.832989700138569e-06,40,151,0,3.775,True,5.0106352940962555,0.0
flat50-115,flat50-120.cnf,17.3571,150,545,True,6.62502134218812e-06,40,151,0,3.775,100,5.624984623864293e-06,40,151,0,3.775,True,5.0106352940962555,0.0
flat50-115,flat50-120.cnf,17.3571,150,545,True,6.62502134218812e-06,40,151,0,3.775,300,5.582987796515226e-06,40,151,0,3.775,True,5.0106352940962555,0.0
flat50-115,flat50-120.cnf,17.3571,150,545,True,6.62502134218812e-06,40,151,0,3.775,1000,5.584006430581212e-06,40,151,0,3.775,True,5.0106352940962555,0.0
flat50-115,flat50-121.cnf,6.9091,150,545,True,7.166992872953415e-06,41,151,0,3.682926829268293,10,6.332993507385254e-06,41,151,0,3.682926829268293,True,5.0106352940962555,0.0
flat50-115,flat50-121.cnf,6.9091,150,545,True,7.166992872953415e-06,41,151,0,3.682926829268293,30,6.207992555573583e-06,41,151,0,3.682926829268293,True,5.0106352940962555,0.0
flat50-115,flat50-121.cnf,6.9091,150,545,True,7.166992872953415e-06,41,151,0,3.682926829268293,100,5.832989700138569e-06,41,151,0,3.682926829268293,True,5.0106352940962555,0.0
flat50-115,flat50-121.cnf,6.9091,150,545,True,7.166992872953415e-06,41,151,0,3.682926829268293,300,5.66698145121336e-06,41,151,0,3.682926829268293,True,5.0106352940962555,0.0
flat50-115,flat50-121.cnf,6.9091,150,545,True,7.166992872953415e-06,41,151,0,3.682926829268293,1000,5.62501372769475e-06,41,151,0,3.682926829268293,True,5.0106352940962555,0.0
flat50-115,flat50-122.cnf,13.9583,150,545,True,7.124996045604348e-06,44,151,0,3.4318181818181817,10,6.167014362290502e-06,44,151,0,3.4318181818181817,True,5.0106352940962555,0.0
flat50-115,flat50-122.cnf,13.9583,150,545,True,7.124996045604348e-06,44,151,0,3.4318181818181817,30,5.874986527487636e-06,44,151,0,3.4318181818181817,True,5.0106352940962555,0.0
flat50-115,flat50-122.cnf,13.9583,150,545,True,7.124996045604348e-06,44,151,0,3.4318181818181817,100,5.874986527487636e-06,44,151,0,3.4318181818181817,True,5.0106352940962555,0.0
flat50-115,flat50-122.cnf,13.9583,150,545,True,7.124996045604348e-06,44,151,0,3.4318181818181817,300,5.624984623864293e-06,44,151,0,3.4318181818181817,True,5.0106352940962555,0.0
flat50-115,flat50-122.cnf,13.9583,150,545,True,7.124996045604348e-06,44,151,0,3.4318181818181817,1000,5.582987796515226e-06,44,151,0,3.4318181818181817,True,5.0106352940962555,0.0
flat50-115,flat50-123.cnf,7.1176,150,545,True,7.041002390906215e-06,43,151,0,3.511627906976744,10,6.249989382922649e-06,43,151,0,3.511627906976744,True,5.0106352940962555,0.0
flat50-115,flat50-123.cnf,7.1176,150,545,True,7.041002390906215e-06,43,151,0,3.511627906976744,30,5.875015631318092e-06,43,151,0,3.511627906976744,True,5.0106352940962555,0.0
flat50-115,flat50-123.cnf,7.1176,150,545,True,7.041002390906215e-06,43,151,0,3.511627906976744,100,5.707988748326898e-06,43,151,0,3.511627906976744,True,5.0106352940962555,0.0
flat50-115,flat50-123.cnf,7.1176,150,545,True,7.041002390906215e-06,43,151,0,3.511627906976744,300,5.62501372769475e-06,43,151,0,3.511627906976744,True,5.0106352940962555,0.0
flat50-115,flat50-123.cnf,7.1176,150,545,True,7.041002390906215e-06,43,151,0,3.511627906976744,1000,5.542009603232145e-06,43,151,0,3.511627906976744,True,5.0106352940962555,0.0
flat50-115,flat50-124.cnf,13.0526,150,545,True,7.333001121878624e-06,42,151,0,3.5952380952380953,10,6.457994459196925e-06,42,151,0,3.5952380952380953,True,5.0106352940962555,0.0
flat50-115,flat50-124.cnf,13.0526,150,545,True,7.333001121878624e-06,42,151,0,3.5952380952380953,30,6.166985258460045e-06,42,151,0,3.5952380952380953,True,5.0106352940962555,0.0
flat50-115,flat50-124.cnf,13.0526,150,545,True,7.333001121878624e-06,42,151,0,3.5952380952380953,100,5.833018803969026e-06,42,151,0,3.5952380952380953,True,5.0106352940962555,0.0
flat50-115,flat50-124.cnf,13.0526,150,545,True,7.333001121878624e-06,42,151,0,3.5952380952380953,300,5.582987796515226e-06,42,151,0,3.5952380952380953,True,5.0106352940962555,0.0
flat50-115,flat50-124.cnf,13.0526,150,545,True,7.333001121878624e-06,42,151,0,3.5952380952380953,1000,5.6670105550438166e-06,42,151,0,3.5952380952380953,True,5.0106352940962555,0.0
flat50-115,flat50-125.cnf,9.7143,150,545,True,7.291993824765086e-06,42,151,0,3.5952380952380953,10,6.165995728224516e-06,42,151,0,3.5952380952380953,True,5.0106352940962555,0.0
flat50-115,flat50-125.cnf,9.7143,150,545,True,7.291993824765086e-06,42,151,0,3.5952380952380953,30,6.083020707592368e-06,42,151,0,3.5952380952380953,True,5.0106352940962555,0.0
flat50-115,flat50-125.cnf,9.7143,150,545,True,7.291993824765086e-06,42,151,0,3.5952380952380953,100,5.750014679506421e-06,42,151,0,3.5952380952380953,True,5.0106352940962555,0.0
flat50-115,flat50-125.cnf,9.7143,150,545,True,7.291993824765086e-06,42,151,0,3.5952380952380953,300,5.750014679506421e-06,42,151,0,3.5952380952380953,True,5.0106352940962555,0.0
flat50-115,flat50-125.cnf,9.7143,150,545,True,7.291993824765086e-06,42,151,0,3.5952380952380953,1000,5.665991920977831e-06,42,151,0,3.5952380952380953,True,5.0106352940962555,0.0
flat50-115,flat50-126.cnf,7.8,150,545,True,6.958987796679139e-06,42,151,0,3.5952380952380953,10,6.166985258460045e-06,42,151,0,3.5952380952380953,True,5.0106352940962555,0.0
flat50-115,flat50-126.cnf,7.8,150,545,True,6.958987796679139e-06,42,151,0,3.5952380952380953,30,5.875015631318092e-06,42,151,0,3.5952380952380953,True,5.0106352940962555,0.0
flat50-115,flat50-126.cnf,7.8,150,545,True,6.958987796679139e-06,42,151,0,3.5952380952380953,100,5.750014679506421e-06,42,151,0,3.5952380952380953,True,5.0106352940962555,0.0
flat50-115,flat50-126.cnf,7.8,150,545,True,6.958987796679139e-06,42,151,0,3.5952380952380953,300,5.541020072996616e-06,42,151,0,3.5952380952380953,True,5.0106352940962555,0.0
flat50-115,flat50-126.cnf,7.8,150,545,True,6.958987796679139e-06,42,151,0,3.5952380952380953,1000,5.5000127758830786e-06,42,151,0,3.5952380952380953,True,5.0106352940962555,0.0
flat50-115,flat50-127.cnf,8.1053,150,545,True,7.000024197623134e-06,41,151,0,3.682926829268293,10,7.499998901039362e-06,41,151,0,3.682926829268293,True,5.0106352940962555,0.0
flat50-115,flat50-127.cnf,8.1053,150,545,True,7.000024197623134e-06,41,151,0,3.682926829268293,30,5.874986527487636e-06,41,151,0,3.682926829268293,True,5.0106352940962555,0.0
flat50-115,flat50-127.cnf,8.1053,150,545,True,7.000024197623134e-06,41,151,0,3.682926829268293,100,5.750014679506421e-06,41,151,0,3.682926829268293,True,5.0106352940962555,0.0
flat50-115,flat50-127.cnf,8.1053,150,545,True,7.000024197623134e-06,41,151,0,3.682926829268293,300,5.749985575675964e-06,41,151,0,3.682926829268293,True,5.0106352940962555,0.0
flat50-115,flat50-127.cnf,8.1053,150,545,True,7.000024197623134e-06,41,151,0,3.682926829268293,1000,5.707988748326898e-06,41,151,0,3.682926829268293,True,5.0106352940962555,0.0
flat50-115,flat50-128.cnf,15.3636,150,545,True,6.875023245811462e-06,40,151,0,3.775,10,6.249989382922649e-06,40,151,0,3.775,True,5.0106352940962555,0.0
flat50-115,flat50-128.cnf,15.3636,150,545,True,6.875023245811462e-06,40,151,0,3.775,30,5.95799065195024e-06,40,151,0,3.775,True,5.0106352940962555,0.0
flat50-115,flat50-128.cnf,15.3636,150,545,True,6.875023245811462e-06,40,151,0,3.775,100,5.791021976619959e-06,40,151,0,3.775,True,5.0106352940962555,0.0
flat50-115,flat50-128.cnf,15.3636,150,545,True,6.875023245811462e-06,40,151,0,3.775,300,5.62501372769475e-06,40,151,0,3.775,True,5.0106352940962555,0.0
flat50-115,flat50-128.cnf,15.3636,150,545,True,6.875023245811462e-06,40,151,0,3.775,1000,5.54099096916616e-06,40,151,0,3.775,True,5.0106352940962555,0.0
flat50-115,flat50-129.cnf,12.4167,150,545,True,6.999995093792677e-06,44,151,0,3.4318181818181817,10,6.167014362290502e-06,44,151,0,3.4318181818181817,True,5.0106352940962555,0.0
flat50-115,flat50-129.cnf,12.4167,150,545,True,6.999995093792677e-06,44,151,0,3.4318181818181817,30,5.917012458667159e-06,44,151,0,3.4318181818181817,True,5.0106352940962555,0.0
flat50-115,flat50-129.cnf,12.4167,150,545,True,6.999995093792677e-06,44,151,0,3.4318181818181817,100,5.792011506855488e-06,44,151,0,3.4318181818181817,True,5.0106352940962555,0.0
flat50-115,flat50-129.cnf,12.4167,150,545,True,6.999995093792677e-06,44,151,0,3.4318181818181817,300,5.750014679506421e-06,44,151,0,3.4318181818181817,True,5.0106352940962555,0.0
flat50-115,flat50-129.cnf,12.4167,150,545,True,6.999995093792677e-06,44,151,0,3.4318181818181817,1000,5.582987796515226e-06,44,151,0,3.4318181818181817,True,5.0106352940962555,0.0
flat50-115,flat50-13.cnf,7.9,150,545,True,8.040980901569128e-06,39,151,0,3.871794871794872,10,6.084010237827897e-06,39,151,0,3.871794871794872,True,5.0106352940962555,0.0
flat50-115,flat50-13.cnf,7.9,150,545,True,8.040980901569128e-06,39,151,0,3.871794871794872,30,5.542009603232145e-06,39,151,0,3.871794871794872,True,5.0106352940962555,0.0
flat50-115,flat50-13.cnf,7.9,150,545,True,8.040980901569128e-06,39,151,0,3.871794871794872,100,5.499983672052622e-06,39,151,0,3.871794871794872,True,5.0106352940962555,0.0
flat50-115,flat50-13.cnf,7.9,150,545,True,8.040980901569128e-06,39,151,0,3.871794871794872,300,6.999995093792677e-06,39,151,0,3.871794871794872,True,5.0106352940962555,0.0
flat50-115,flat50-13.cnf,7.9,150,545,True,8.040980901569128e-06,39,151,0,3.871794871794872,1000,6.04201341047883e-06,39,151,0,3.871794871794872,True,5.0106352940962555,0.0
flat50-115,flat50-130.cnf,9.3333,150,545,True,7.166992872953415e-06,40,151,0,3.775,10,6.000016583129764e-06,40,151,0,3.775,True,5.0106352940962555,0.0
flat50-115,flat50-130.cnf,9.3333,150,545,True,7.166992872953415e-06,40,151,0,3.775,30,5.582987796515226e-06,40,151,0,3.775,True,5.0106352940962555,0.0
flat50-115,flat50-130.cnf,9.3333,150,545,True,7.166992872953415e-06,40,151,0,3.775,100,5.5000127758830786e-06,40,151,0,3.775,True,5.0106352940962555,0.0
flat50-115,flat50-130.cnf,9.3333,150,545,True,7.166992872953415e-06,40,151,0,3.775,300,5.458015948534012e-06,40,151,0,3.775,True,5.0106352940962555,0.0
flat50-115,flat50-130.cnf,9.3333,150,545,True,7.166992872953415e-06,40,151,0,3.775,1000,5.250010872259736e-06,40,151,0,3.775,True,5.0106352940962555,0.0
flat50-115,flat50-131.cnf,6.5714,150,545,True,6.708985893055797e-06,41,151,0,3.682926829268293,10,5.95799065195024e-06,41,151,0,3.682926829268293,True,5.0106352940962555,0.0
flat50-115,flat50-131.cnf,6.5714,150,545,True,6.708985893055797e-06,41,151,0,3.682926829268293,30,5.499983672052622e-06,41,151,0,3.682926829268293,True,5.0106352940962555,0.0
flat50-115,flat50-131.cnf,6.5714,150,545,True,6.708985893055797e-06,41,151,0,3.682926829268293,100,5.290989065542817e-06,41,151,0,3.682926829268293,True,5.0106352940962555,0.0
flat50-115,flat50-131.cnf,6.5714,150,545,True,6.708985893055797e-06,41,151,0,3.682926829268293,300,5.207984941080213e-06,41,151,0,3.682926829268293,True,5.0106352940962555,0.0
flat50-115,flat50-131.cnf,6.5714,150,545,True,6.708985893055797e-06,41,151,0,3.682926829268293,1000,5.1670067477971315e-06,41,151,0,3.682926829268293,True,5.0106352940962555,0.0
flat50-115,flat50-132.cnf,19.5833,150,545,True,7.6669966802001e-06,41,151,0,3.682926829268293,10,5.916983354836702e-06,41,151,0,3.682926829268293,True,5.0106352940962555,0.0
flat50-115,flat50-132.cnf,19.5833,150,545,True,7.6669966802001e-06,41,151,0,3.682926829268293,30,5.5419804994016886e-06,41,151,0,3.682926829268293,True,5.0106352940962555,0.0
flat50-115,flat50-132.cnf,19.5833,150,545,True,7.6669966802001e-06,41,151,0,3.682926829268293,100,5.459005478769541e-06,41,151,0,3.682926829268293,True,5.0106352940962555,0.0
flat50-115,flat50-132.cnf,19.5833,150,545,True,7.6669966802001e-06,41,151,0,3.682926829268293,300,5.459005478769541e-06,41,151,0,3.682926829268293,True,5.0106352940962555,0.0
flat50-115,flat50-132.cnf,19.5833,150,545,True,7.6669966802001e-06,41,151,0,3.682926829268293,1000,5.374982720240951e-06,41,151,0,3.682926829268293,True,5.0106352940962555,0.0
flat50-115,flat50-133.cnf,24.12,150,545,True,7.124996045604348e-06,40,151,0,3.775,10,6.041984306648374e-06,40,151,0,3.775,True,5.0106352940962555,0.0
flat50-115,flat50-133.cnf,24.12,150,545,True,7.124996045604348e-06,40,151,0,3.775,30,5.459005478769541e-06,40,151,0,3.775,True,5.0106352940962555,0.0
flat50-115,flat50-133.cnf,24.12,150,545,True,7.124996045604348e-06,40,151,0,3.775,100,5.292007699608803e-06,40,151,0,3.775,True,5.0106352940962555,0.0
flat50-115,flat50-133.cnf,24.12,150,545,True,7.124996045604348e-06,40,151,0,3.775,300,5.250010872259736e-06,40,151,0,3.775,True,5.0106352940962555,0.0
flat50-115,flat50-133.cnf,24.12,150,545,True,7.124996045604348e-06,40,151,0,3.775,1000,5.124980816617608e-06,40,151,0,3.775,True,5.0106352940962555,0.0
flat50-115,flat50-134.cnf,5.6429,150,545,True,6.499991286545992e-06,40,151,0,3.775,10,6.041984306648374e-06,40,151,0,3.775,True,5.0106352940962555,0.0
flat50-115,flat50-134.cnf,5.6429,150,545,True,6.499991286545992e-06,40,151,0,3.775,30,5.8340083342045546e-06,40,151,0,3.775,True,5.0106352940962555,0.0
flat50-115,flat50-134.cnf,5.6429,150,545,True,6.499991286545992e-06,40,151,0,3.775,100,6.000016583129764e-06,40,151,0,3.775,True,5.0106352940962555,0.0
flat50-115,flat50-134.cnf,5.6429,150,545,True,6.499991286545992e-06,40,151,0,3.775,300,5.584006430581212e-06,40,151,0,3.775,True,5.0106352940962555,0.0
flat50-115,flat50-134.cnf,5.6429,150,545,True,6.499991286545992e-06,40,151,0,3.775,1000,5.458015948534012e-06,40,151,0,3.775,True,5.0106352940962555,0.0
flat50-115,flat50-135.cnf,16.3636,150,545,True,6.95799826644361e-06,39,151,0,3.871794871794872,10,6.082991603761911e-06,39,151,0,3.871794871794872,True,5.0106352940962555,0.0
flat50-115,flat50-135.cnf,16.3636,150,545,True,6.95799826644361e-06,39,151,0,3.871794871794872,30,5.791982403025031e-06,39,151,0,3.871794871794872,True,5.0106352940962555,0.0
flat50-115,flat50-135.cnf,16.3636,150,545,True,6.95799826644361e-06,39,151,0,3.871794871794872,100,5.624984623864293e-06,39,151,0,3.871794871794872,True,5.0106352940962555,0.0
flat50-115,flat50-135.cnf,16.3636,150,545,True,6.95799826644361e-06,39,151,0,3.871794871794872,300,5.583016900345683e-06,39,151,0,3.871794871794872,True,5.0106352940962555,0.0
flat50-115,flat50-135.cnf,16.3636,150,545,True,6.95799826644361e-06,39,151,0,3.871794871794872,1000,5.5000127758830786e-06,39,151,0,3.871794871794872,True,5.0106352940962555,0.0
flat50-115,flat50-136.cnf,12.5833,150,545,True,7.041991921141744e-06,43,151,0,3.511627906976744,10,6.208982085809112e-06,43,151,0,3.511627906976744,True,5.0106352940962555,0.0
flat50-115,flat50-136.cnf,12.5833,150,545,True,7.041991921141744e-06,43,151,0,3.511627906976744,30,5.8340083342045546e-06,43,151,0,3.511627906976744,True,5.0106352940962555,0.0
flat50-115,flat50-136.cnf,12.5833,150,545,True,7.041991921141744e-06,43,151,0,3.511627906976744,100,5.832989700138569e-06,43,151,0,3.511627906976744,True,5.0106352940962555,0.0
flat50-115,flat50-136.cnf,12.5833,150,545,True,7.041991921141744e-06,43,151,0,3.511627906976744,300,5.54099096916616e-06,43,151,0,3.511627906976744,True,5.0106352940962555,0.0
flat50-115,flat50-136.cnf,12.5833,150,545,True,7.041991921141744e-06,43,151,0,3.511627906976744,1000,5.458976374939084e-06,43,151,0,3.511627906976744,True,5.0106352940962555,0.0
flat50-115,flat50-137.cnf,8.8696,150,545,True,7.374997949227691e-06,40,151,0,3.775,10,6.165995728224516e-06,40,151,0,3.775,True,5.0106352940962555,0.0
flat50-115,flat50-137.cnf,8.8696,150,545,True,7.374997949227691e-06,40,151,0,3.775,30,5.91602292843163e-06,40,151,0,3.775,True,5.0106352940962555,0.0
flat50-115,flat50-137.cnf,8.8696,150,545,True,7.374997949227691e-06,40,151,0,3.775,100,5.833018803969026e-06,40,151,0,3.775,True,5.0106352940962555,0.0
flat50-115,flat50-137.cnf,8.8696,150,545,True,7.374997949227691e-06,40,151,0,3.775,300,5.709007382392883e-06,40,151,0,3.775,True,5.0106352940962555,0.0
flat50-115,flat50-137.cnf,8.8696,150,545,True,7.374997949227691e-06,40,151,0,3.775,1000,5.54099096916616e-06,40,151,0,3.775,True,5.0106352940962555,0.0
flat50-115,flat50-138.cnf,11.75,150,545,True,6.832997314631939e-06,38,151,0,3.973684210526316,10,6.33401214145124e-06,38,151,0,3.973684210526316,True,5.0106352940962555,0.0
flat50-115,flat50-138.cnf,11.75,150,545,True,6.832997314631939e-06,38,151,0,3.973684210526316,30,5.91602292843163e-06,38,151,0,3.973684210526316,True,5.0106352940962555,0.0
flat50-115,flat50-138.cnf,11.75,150,545,True,6.832997314631939e-06,38,151,0,3.973684210526316,100,5.750014679506421e-06,38,151,0,3.973684210526316,True,5.0106352940962555,0.0
flat50-115,flat50-138.cnf,11.75,150,545,True,6.832997314631939e-06,38,151,0,3.973684210526316,300,5.707988748326898e-06,38,151,0,3.973684210526316,True,5.0106352940962555,0.0
flat50-115,flat50-138.cnf,11.75,150,545,True,6.832997314631939e-06,38,151,0,3.973684210526316,1000,5.499983672052622e-06,38,151,0,3.973684210526316,True,5.0106352940962555,0.0
flat50-115,flat50-139.cnf,10.5556,150,545,True,7.041002390906215e-06,44,151,0,3.4318181818181817,10,6.250018486753106e-06,44,151,0,3.4318181818181817,True,5.0106352940962555,0.0
flat50-115,flat50-139.cnf,10.5556,150,545,True,7.041002390906215e-06,44,151,0,3.4318181818181817,30,5.95799065195024e-06,44,151,0,3.4318181818181817,True,5.0106352940962555,0.0
flat50-115,flat50-139.cnf,10.5556,150,545,True,7.041002390906215e-06,44,151,0,3.4318181818181817,100,5.833018803969026e-06,44,151,0,3.4318181818181817,True,5.0106352940962555,0.0
flat50-115,flat50-139.cnf,10.5556,150,545,True,7.041002390906215e-06,44,151,0,3.4318181818181817,300,5.8340083342045546e-06,44,151,0,3.4318181818181817,True,5.0106352940962555,0.0
flat50-115,flat50-139.cnf,10.5556,150,545,True,7.041002390906215e-06,44,151,0,3.4318181818181817,1000,5.6670105550438166e-06,44,151,0,3.4318181818181817,True,5.0106352940962555,0.0
flat50-115,flat50-14.cnf,13.6667,150,545,True,6.917020073160529e-06,43,151,0,3.511627906976744,10,6.250018486753106e-06,43,151,0,3.511627906976744,True,5.0106352940962555,0.0
flat50-115,flat50-14.cnf,13.6667,150,545,True,6.917020073160529e-06,43,151,0,3.511627906976744,30,5.749985575675964e-06,43,151,0,3.511627906976744,True,5.0106352940962555,0.0
flat50-115,flat50-14.cnf,13.6667,150,545,True,6.917020073160529e-06,43,151,0,3.511627906976744,100,5.708017852157354e-06,43,151,0,3.511627906976744,True,5.0106352940962555,0.0
flat50-115,flat50-14.cnf,13.6667,150,545,True,6.917020073160529e-06,43,151,0,3.511627906976744,300,5.583977326750755e-06,43,151,0,3.511627906976744,True,5.0106352940962555,0.0
flat50-115,flat50-14.cnf,13.6667,150,545,True,6.917020073160529e-06,43,151,0,3.511627906976744,1000,5.542009603232145e-06,43,151,0,3.511627906976744,True,5.0106352940962555,0.0
flat50-115,flat50-140.cnf,15.5439,150,545,True,6.958987796679139e-06,41,151,0,3.682926829268293,10,6.374990334734321e-06,41,151,0,3.682926829268293,True,5.0106352940962555,0.0
flat50-115,flat50-140.cnf,15.5439,150,545,True,6.958987796679139e-06,41,151,0,3.682926829268293,30,5.917012458667159e-06,41,151,0,3.682926829268293,True,5.0106352940962555,0.0
flat50-115,flat50-140.cnf,15.5439,150,545,True,6.958987796679139e-06,41,151,0,3.682926829268293,100,5.792011506855488e-06,41,151,0,3.682926829268293,True,5.0106352940962555,0.0
flat50-115,flat50-140.cnf,15.5439,150,545,True,6.958987796679139e-06,41,151,0,3.682926829268293,300,5.750014679506421e-06,41,151,0,3.682926829268293,True,5.0106352940962555,0.0
flat50-115,flat50-140.cnf,15.5439,150,545,True,6.958987796679139e-06,41,151,0,3.682926829268293,1000,5.582987796515226e-06,41,151,0,3.682926829268293,True,5.0106352940962555,0.0
flat50-115,flat50-141.cnf,17.0833,150,545,True,7.124996045604348e-06,44,151,0,3.4318181818181817,10,6.124988431110978e-06,44,151,0,3.4318181818181817,True,5.0106352940962555,0.0
flat50-115,flat50-141.cnf,17.0833,150,545,True,7.124996045604348e-06,44,151,0,3.4318181818181817,30,5.832989700138569e-06,44,151,0,3.4318181818181817,True,5.0106352940962555,0.0
flat50-115,flat50-141.cnf,17.0833,150,545,True,7.124996045604348e-06,44,151,0,3.4318181818181817,100,5.707988748326898e-06,44,151,0,3.4318181818181817,True,5.0106352940962555,0.0
flat50-115,flat50-141.cnf,17.0833,150,545,True,7.124996045604348e-06,44,151,0,3.4318181818181817,300,5.7089782785624266e-06,44,151,0,3.4318181818181817,True,5.0106352940962555,0.0
flat50-115,flat50-141.cnf,17.0833,150,545,True,7.124996045604348e-06,44,151,0,3.4318181818181817,1000,5.542009603232145e-06,44,151,0,3.4318181818181817,True,5.0106352940962555,0.0
flat50-115,flat50-142.cnf,20.1923,150,545,True,6.999995093792677e-06,39,151,0,3.871794871794872,10,6.166985258460045e-06,39,151,0,3.871794871794872,True,5.0106352940962555,0.0
flat50-115,flat50-142.cnf,20.1923,150,545,True,6.999995093792677e-06,39,151,0,3.871794871794872,30,5.917012458667159e-06,39,151,0,3.871794871794872,True,5.0106352940962555,0.0
flat50-115,flat50-142.cnf,20.1923,150,545,True,6.999995093792677e-06,39,151,0,3.871794871794872,100,5.707988748326898e-06,39,151,0,3.871794871794872,True,5.0106352940962555,0.0
flat50-115,flat50-142.cnf,20.1923,150,545,True,6.999995093792677e-06,39,151,0,3.871794871794872,300,5.666021024808288e-06,39,151,0,3.871794871794872,True,5.0106352940962555,0.0
flat50-115,flat50-142.cnf,20.1923,150,545,True,6.999995093792677e-06,39,151,0,3.871794871794872,1000,5.542009603232145e-06,39,151,0,3.871794871794872,True,5.0106352940962555,0.0
flat50-115,flat50-143.cnf,17.4286,150,545,True,6.791000487282872e-06,40,151,0,3.775,10,6.041984306648374e-06,40,151,0,3.775,True,5.0106352940962555,0.0
flat50-115,flat50-143.cnf,17.4286,150,545,True,6.791000487282872e-06,40,151,0,3.775,30,5.6670105550438166e-06,40,151,0,3.775,True,5.0106352940962555,0.0
flat50-115,flat50-143.cnf,17.4286,150,545,True,6.791000487282872e-06,40,151,0,3.775,100,5.62501372769475e-06,40,151,0,3.775,True,5.0106352940962555,0.0
flat50-115,flat50-143.cnf,17.4286,150,545,True,6.791000487282872e-06,40,151,0,3.775,300,5.542009603232145e-06,40,151,0,3.775,True,5.0106352940962555,0.0
flat50-115,flat50-143.cnf,17.4286,150,545,True,6.791000487282872e-06,40,151,0,3.775,1000,5.5000127758830786e-06,40,151,0,3.775,True,5.0106352940962555,0.0
flat50-115,flat50-144.cnf,13.5909,150,545,True,7.166992872953415e-06,40,151,0,3.775,10,7.624999852851033e-06,40,151,0,3.775,True,5.0106352940962555,0.0
flat50-115,flat50-144.cnf,13.5909,150,545,True,7.166992872953415e-06,40,151,0,3.775,30,6.04201341047883e-06,40,151,0,3.775,True,5.0106352940962555,0.0
flat50-115,flat50-144.cnf,13.5909,150,545,True,7.166992872953415e-06,40,151,0,3.775,100,5.875015631318092e-06,40,151,0,3.775,True,5.0106352940962555,0.0
flat50-115,flat50-144.cnf,13.5909,150,545,True,7.166992872953415e-06,40,151,0,3.775,300,5.750014679506421e-06,40,151,0,3.775,True,5.0106352940962555,0.0
flat50-115,flat50-144.cnf,13.5909,150,545,True,7.166992872953415e-06,40,151,0,3.775,1000,5.791982403025031e-06,40,151,0,3.775,True,5.0106352940962555,0.0
flat50-115,flat50-145.cnf,12.7826,150,545,True,7.541995728388429e-06,45,151,0,3.3555555555555556,10,6.499991286545992e-06,45,151,0,3.3555555555555556,True,5.0106352940962555,0.0
flat50-115,flat50-145.cnf,12.7826,150,545,True,7.541995728388429e-06,45,151,0,3.3555555555555556,30,5.91602292843163e-06,45,151,0,3.3555555555555556,True,5.0106352940962555,0.0
flat50-115,flat50-145.cnf,12.7826,150,545,True,7.541995728388429e-06,45,151,0,3.3555555555555556,100,5.8340083342045546e-06,45,151,0,3.3555555555555556,True,5.0106352940962555,0.0
flat50-115,flat50-145.cnf,12.7826,150,545,True,7.541995728388429e-06,45,151,0,3.3555555555555556,300,5.249981768429279e-06,45,151,0,3.3555555555555556,True,5.0106352940962555,0.0
flat50-115,flat50-145.cnf,12.7826,150,545,True,7.541995728388429e-06,45,151,0,3.3555555555555556,1000,5.207984941080213e-06,45,151,0,3.3555555555555556,True,5.0106352940962555,0.0
flat50-115,flat50-146.cnf,6.6316,150,545,True,6.999995093792677e-06,42,151,0,3.5952380952380953,10,6.040994776412845e-06,42,151,0,3.5952380952380953,True,5.0106352940962555,0.0
flat50-115,flat50-146.cnf,6.6316,150,545,True,6.999995093792677e-06,42,151,0,3.5952380952380953,30,5.541020072996616e-06,42,151,0,3.5952380952380953,True,5.0106352940962555,0.0
flat50-115,flat50-146.cnf,6.6316,150,545,True,6.999995093792677e-06,42,151,0,3.5952380952380953,100,5.5000127758830786e-06,42,151,0,3.5952380952380953,True,5.0106352940962555,0.0
flat50-115,flat50-146.cnf,6.6316,150,545,True,6.999995093792677e-06,42,151,0,3.5952380952380953,300,5.66698145121336e-06,42,151,0,3.5952380952380953,True,5.0106352940962555,0.0
flat50-115,flat50-146.cnf,6.6316,150,545,True,6.999995093792677e-06,42,151,0,3.5952380952380953,1000,5.666021024808288e-06,42,151,0,3.5952380952380953,True,5.0106352940962555,0.0
flat50-115,flat50-147.cnf,4.5882,150,545,True,7.584021659567952e-06,43,151,0,3.511627906976744,10,6.583984941244125e-06,43,151,0,3.511627906976744,True,5.0106352940962555,0.0
flat50-115,flat50-147.cnf,4.5882,150,545,True,7.584021659567952e-06,43,151,0,3.511627906976744,30,5.916983354836702e-06,43,151,0,3.511627906976744,True,5.0106352940962555,0.0
flat50-115,flat50-147.cnf,4.5882,150,545,True,7.584021659567952e-06,43,151,0,3.511627906976744,100,5.458976374939084e-06,43,151,0,3.511627906976744,True,5.0106352940962555,0.0
flat50-115,flat50-147.cnf,4.5882,150,545,True,7.584021659567952e-06,43,151,0,3.511627906976744,300,5.292007699608803e-06,43,151,0,3.511627906976744,True,5.0106352940962555,0.0
flat50-115,flat50-147.cnf,4.5882,150,545,True,7.584021659567952e-06,43,151,0,3.511627906976744,1000,5.250010872259736e-06,43,151,0,3.511627906976744,True,5.0106352940962555,0.0
flat50-115,flat50-148.cnf,7.75,150,545,True,6.708025466650724e-06,45,151,0,3.3555555555555556,10,5.917012458667159e-06,45,151,0,3.3555555555555556,True,5.0106352940962555,0.0
flat50-115,flat50-148.cnf,7.75,150,545,True,6.708025466650724e-06,45,151,0,3.3555555555555556,30,5.417008651420474e-06,45,151,0,3.3555555555555556,True,5.0106352940962555,0.0
flat50-115,flat50-148.cnf,7.75,150,545,True,6.708025466650724e-06,45,151,0,3.3555555555555556,100,5.332985892891884e-06,45,151,0,3.3555555555555556,True,5.0106352940962555,0.0
flat50-115,flat50-148.cnf,7.75,150,545,True,6.708025466650724e-06,45,151,0,3.3555555555555556,300,5.375011824071407e-06,45,151,0,3.3555555555555556,True,5.0106352940962555,0.0
flat50-115,flat50-148.cnf,7.75,150,545,True,6.708025466650724e-06,45,151,0,3.3555555555555556,1000,5.1670067477971315e-06,45,151,0,3.3555555555555556,True,5.0106352940962555,0.0
flat50-115,flat50-149.cnf,15.7368,150,545,True,6.95799826644361e-06,47,151,0,3.2127659574468086,10,6.207992555573583e-06,47,151,0,3.2127659574468086,True,5.0106352940962555,0.0
flat50-115,flat50-149.cnf,15.7368,150,545,True,6.95799826644361e-06,47,151,0,3.2127659574468086,30,5.583016900345683e-06,47,151,0,3.2127659574468086,True,5.0106352940962555,0.0
flat50-115,flat50-149.cnf,15.7368,150,545,True,6.95799826644361e-06,47,151,0,3.2127659574468086,100,5.499983672052622e-06,47,151,0,3.2127659574468086,True,5.0106352940962555,0.0
flat50-115,flat50-149.cnf,15.7368,150,545,True,6.95799826644361e-06,47,151,0,3.2127659574468086,300,5.333014996722341e-06,47,151,0,3.2127659574468086,True,5.0106352940962555,0.0
flat50-115,flat50-149.cnf,15.7368,150,545,True,6.95799826644361e-06,47,151,0,3.2127659574468086,1000,5.250010872259736e-06,47,151,0,3.2127659574468086,True,5.0106352940962555,0.0
flat50-115,flat50-15.cnf,8.3,150,545,True,7.791008101776242e-06,39,151,0,3.871794871794872,10,6.708025466650724e-06,39,151,0,3.871794871794872,True,5.0106352940962555,0.0
flat50-115,flat50-15.cnf,8.3,150,545,True,7.791008101776242e-06,39,151,0,3.871794871794872,30,6.249989382922649e-06,39,151,0,3.871794871794872,True,5.0106352940962555,0.0
flat50-115,flat50-15.cnf,8.3,150,545,True,7.791008101776242e-06,39,151,0,3.871794871794872,100,5.958019755780697e-06,39,151,0,3.871794871794872,True,5.0106352940962555,0.0
flat50-115,flat50-15.cnf,8.3,150,545,True,7.791008101776242e-06,39,151,0,3.871794871794872,300,5.916983354836702e-06,39,151,0,3.871794871794872,True,5.0106352940962555,0.0
flat50-115,flat50-15.cnf,8.3,150,545,True,7.791008101776242e-06,39,151,0,3.871794871794872,1000,5.374982720240951e-06,39,151,0,3.871794871794872,True,5.0106352940962555,0.0
flat50-115,flat50-150.cnf,6.35,150,545,True,6.999995093792677e-06,42,151,0,3.5952380952380953,10,6.749993190169334e-06,42,151,0,3.5952380952380953,True,5.0106352940962555,0.0
flat50-115,flat50-150.cnf,6.35,150,545,True,6.999995093792677e-06,42,151,0,3.5952380952380953,30,6.249989382922649e-06,42,151,0,3.5952380952380953,True,5.0106352940962555,0.0
flat50-115,flat50-150.cnf,6.35,150,545,True,6.999995093792677e-06,42,151,0,3.5952380952380953,100,6.124988431110978e-06,42,151,0,3.5952380952380953,True,5.0106352940962555,0.0
flat50-115,flat50-150.cnf,6.35,150,545,True,6.999995093792677e-06,42,151,0,3.5952380952380953,300,5.959009286016226e-06,42,151,0,3.5952380952380953,True,5.0106352940962555,0.0
flat50-115,flat50-150.cnf,6.35,150,545,True,6.999995093792677e-06,42,151,0,3.5952380952380953,1000,5.290989065542817e-06,42,151,0,3.5952380952380953,True,5.0106352940962555,0.0
flat50-115,flat50-151.cnf,5.8571,150,545,True,6.624992238357663e-06,41,151,0,3.682926829268293,10,5.959009286016226e-06,41,151,0,3.682926829268293,True,5.0106352940962555,0.0
flat50-115,flat50-151.cnf,5.8571,150,545,True,6.624992238357663e-06,41,151,0,3.682926829268293,30,5.583016900345683e-06,41,151,0,3.682926829268293,True,5.0106352940962555,0.0
flat50-115,flat50-151.cnf,5.8571,150,545,True,6.624992238357663e-06,41,151,0,3.682926829268293,100,5.499983672052622e-06,41,151,0,3.682926829268293,True,5.0106352940962555,0.0
flat50-115,flat50-151.cnf,5.8571,150,545,True,6.624992238357663e-06,41,151,0,3.682926829268293,300,5.416979547590017e-06,41,151,0,3.682926829268293,True,5.0106352940962555,0.0
flat50-115,flat50-151.cnf,5.8571,150,545,True,6.624992238357663e-06,41,151,0,3.682926829268293,1000,5.1670067477971315e-06,41,151,0,3.682926829268293,True,5.0106352940962555,0.0
uf100-430,uf100-01.cnf,19.1297,100,430,True,0.00023962502018548548,158,2979,128,18.854430379746834,10,2.845900598913431e-05,17,266,11,15.647058823529411,False,4.605170185988092,0.17011235511324363
uf100-430,uf100-01.cnf,19.1297,100,430,True,0.00023962502018548548,158,2979,128,18.854430379746834,30,4.408400855027139e-05,38,636,32,16.736842105263158,False,4.605170185988092,0.11231250331266227
uf100-430,uf100-01.cnf,19.1297,100,430,True,0.00023962502018548548,158,2979,128,18.854430379746834,100,0.00012500002048909664,117,2173,100,18.572649572649574,False,4.605170185988092,0.014945071339834515
uf100-430,uf100-01.cnf,19.1297,100,430,True,0.00023962502018548548,158,2979,128,18.854430379746834,300,0.00014399999054148793,158,2979,128,18.854430379746834,True,4.605170185988092,0.0
uf100-430,uf100-01.cnf,19.1297,100,430,True,0.00023962502018548548,158,2979,128,18.854430379746834,1000,0.00011416699271649122,158,2979,128,18.854430379746834,True,4.605170185988092,0.0
uf100-430,uf100-010.cnf,17.5825,100,430,True,0.00042058300459757447,307,5332,216,17.368078175895764,10,2.95409990940243e-05,20,270,10,13.5,False,4.605170185988092,0.22271192798199543
uf100-430,uf100-010.cnf,17.5825,100,430,True,0.00042058300459757447,307,5332,216,17.368078175895764,30,4.3750012991949916e-05,44,614,31,13.954545454545455,False,4.605170185988092,0.19654061242583365
uf100-430,uf100-010.cnf,17.5825,100,430,True,0.00042058300459757447,307,5332,216,17.368078175895764,100,0.00014154199743643403,131,2271,101,17.33587786259542,False,4.605170185988092,0.001853994032859235
uf100-430,uf100-010.cnf,17.5825,100,430,True,0.00042058300459757447,307,5332,216,17.368078175895764,300,0.00035012501757591963,307,5332,216,17.368078175895764,True,4.605170185988092,0.0
uf100-430,uf100-010.cnf,17.5825,100,430,True,0.00042058300459757447,307,5332,216,17.368078175895764,1000,0.0003343750140629709,307,5332,216,17.368078175895764,True,4.605170185988092,0.0
uf100-430,uf100-0100.cnf,9.8049,100,430,True,5.458301166072488e-05,48,527,21,10.979166666666666,10,3.2333016861230135e-05,28,323,14,11.535714285714286,False,4.605170185988092,0.050691244239631464
uf100-430,uf100-0100.cnf,9.8049,100,430,True,5.458301166072488e-05,48,527,21,10.979166666666666,30,2.8584006940945983e-05,48,527,21,10.979166666666666,True,4.605170185988092,0.0
uf100-430,uf100-0100.cnf,9.8049,100,430,True,5.458301166072488e-05,48,527,21,10.979166666666666,100,2.28749995585531e-05,48,527,21,10.979166666666666,True,4.605170185988092,0.0
uf100-430,uf100-0100.cnf,9.8049,100,430,True,5.458301166072488e-05,48,527,21,10.979166666666666,300,2.0624982425943017e-05,48,527,21,10.979166666666666,True,4.605170185988092,0.0
uf100-430,uf100-0100.cnf,9.8049,100,430,True,5.458301166072488e-05,48,527,21,10.979166666666666,1000,1.9917002646252513e-05,48,527,21,10.979166666666666,True,4.605170185988092,0.0
uf100-430,uf100-01000.cnf,21.1642,100,430,True,0.000411542016081512,239,5073,186,21.225941422594143,10,1.9708997569978237e-05,19,178,10,9.368421052631579,False,4.605170185988092,0.5586334256694367
uf100-430,uf100-01000.cnf,21.1642,100,430,True,0.000411542016081512,239,5073,186,21.225941422594143,30,4.8667017836123705e-05,40,689,31,17.225,False,4.605170185988092,0.1884930021683422
uf100-430,uf100-01000.cnf,21.1642,100,430,True,0.000411542016081512,239,5073,186,21.225941422594143,100,0.0001437090104445815,114,2303,100,20.20175438596491,False,4.605170185988092,0.04825166602688479
uf100-430,uf100-01000.cnf,21.1642,100,430,True,0.000411542016081512,239,5073,186,21.225941422594143,300,0.00029662498855032027,239,5073,186,21.225941422594143,True,4.605170185988092,0.0
uf100-430,uf100-01000.cnf,21.1642,100,430,True,0.000411542016081512,239,5073,186,21.225941422594143,1000,0.00027049999334849417,239,5073,186,21.225941422594143,True,4.605170185988092,0.0
uf100-430,uf100-0101.cnf,18.4717,100,430,True,0.0007184169953688979,416,8452,333,20.317307692307693,10,2.8790993383154273e-05,22,300,11,13.636363636363637,False,4.605170185988092,0.3288301854321731
uf100-430,uf100-0101.cnf,18.4717,100,430,True,0.0007184169953688979,416,8452,333,20.317307692307693,30,5.0583999836817384e-05,41,756,30,18.4390243902439,False,4.605170185988092,0.09244745074048007
uf100-430,uf100-0101.cnf,18.4717,100,430,True,0.0007184169953688979,416,8452,333,20.317307692307693,100,0.00016583301476202905,119,2633,101,22.126050420168067,False,4.605170185988092,0.08902472489232316
uf100-430,uf100-0101.cnf,18.4717,100,430,True,0.0007184169953688979,416,8452,333,20.317307692307693,300,0.0005706670053768903,375,7771,305,20.722666666666665,False,4.605170185988092,0.019951411894620477
uf100-430,uf100-0101.cnf,18.4717,100,430,True,0.0007184169953688979,416,8452,333,20.317307692307693,1000,0.00063704201602377,416,8452,333,20.317307692307693,True,4.605170185988092,0.0
uf100-430,uf100-0102.cnf,18.7266,100,430,True,0.0004102500097360462,246,4711,193,19.150406504065042,10,3.399999695830047e-05,20,351,11,17.55,False,4.605170185988092,0.08357036722564216
uf100-430,uf100-0102.cnf,18.7266,100,430,True,0.0004102500097360462,246,4711,193,19.150406504065042,30,5.27920201420784e-05,41,839,30,20.463414634146343,False,4.605170185988092,0.06856293780513688
uf100-430,uf100-0102.cnf,18.7266,100,430,True,0.0004102500097360462,246,4711,193,19.150406504065042,100,0.00013795800623483956,115,2307,101,20.06086956521739,False,4.605170185988092,0.04754275377700654
uf100-430,uf100-0102.cnf,18.7266,100,430,True,0.0004102500097360462,246,4711,193,19.150406504065042,300,0.00028108301921747625,246,4711,193,19.150406504065042,True,4.605170185988092,0.0
uf100-430,uf100-0102.cnf,18.7266,100,430,True,0.0004102500097360462,246,4711,193,19.150406504065042,1000,0.00026441601221449673,246,4711,193,19.150406504065042,True,4.605170185988092,0.0
uf100-430,uf100-0103.cnf,14.8438,100,430,True,0.0001518749922979623,111,1701,71,15.324324324324325,10,2.4749984731897712e-05,26,233,10,8.961538461538462,False,4.605170185988092,0.4152082485415819
uf100-430,uf100-0103.cnf,14.8438,100,430,True,0.0001518749922979623,111,1701,71,15.324324324324325,30,4.512499435804784e-05,47,716,31,15.23404255319149,False,4.605170185988092,0.0058914030545236225
uf100-430,uf100-0103.cnf,14.8438,100,430,True,0.0001518749922979623,111,1701,71,15.324324324324325,100,9.549999958835542e-05,111,1701,71,15.324324324324325,True,4.605170185988092,0.0
uf100-430,uf100-0103.cnf,14.8438,100,430,True,0.0001518749922979623,111,1701,71,15.324324324324325,300,7.30419997125864e-05,111,1701,71,15.324324324324325,True,4.605170185988092,0.0
uf100-430,uf100-0103.cnf,14.8438,100,430,True,0.0001518749922979623,111,1701,71,15.324324324324325,1000,6.037499406374991e-05,111,1701,71,15.324324324324325,True,4.605170185988092,0.0
uf100-430,uf100-0104.cnf,18.0636,100,430,True,0.0006199170020408928,371,7176,294,19.342318059299192,10,2.870798925869167e-05,21,235,10,11.19047619047619,False,4.605170185988092,0.4214511334076552
uf100-430,uf100-0104.cnf,18.0636,100,430,True,0.0006199170020408928,371,7176,294,19.342318059299192,30,5.0875009037554264e-05,41,685,30,16.70731707317073,False,4.605170185988092,0.136229844739919
uf100-430,uf100-0104.cnf,18.0636,100,430,True,0.0006199170020408928,371,7176,294,19.342318059299192,100,0.000162499985890463,129,2387,100,18.503875968992247,False,4.605170185988092,0.04334754954067398
uf100-430,uf100-0104.cnf,18.0636,100,430,True,0.0006199170020408928,371,7176,294,19.342318059299192,300,0.0004844579962082207,371,7176,294,19.342318059299192,True,4.605170185988092,0.0
uf100-430,uf100-0104.cnf,18.0636,100,430,True,0.0006199170020408928,371,7176,294,19.342318059299192,1000,0.00043787501635961235,371,7176,294,19.342318059299192,True,4.605170185988092,0.0
uf100-430,uf100-0105.cnf,18.5957,100,430,True,0.00019904199871234596,155,2373,96,15.30967741935484,10,2.4542008759453893e-05,26,265,10,10.192307692307692,False,4.605170185988092,0.3342571882394892
uf100-430,uf100-0105.cnf,18.5957,100,430,True,0.00019904199871234596,155,2373,96,15.30967741935484,30,4.0749990148469806e-05,52,731,30,14.057692307692308,False,4.605170185988092,0.08177736717559726
uf100-430,uf100-0105.cnf,18.5957,100,430,True,0.00019904199871234596,155,2373,96,15.30967741935484,100,0.00012387498281896114,155,2373,96,15.30967741935484,True,4.605170185988092,0.0
uf100-430,uf100-0105.cnf,18.5957,100,430,True,0.00019904199871234596,155,2373,96,15.30967741935484,300,0.00010262502473779023,155,2373,96,15.30967741935484,True,4.605170185988092,0.0
uf100-430,uf100-0105.cnf,18.5957,100,430,True,0.00019904199871234596,155,2373,96,15.30967741935484,1000,9.208300616592169e-05,155,2373,96,15.30967741935484,True,4.605170185988092,0.0
uf100-430,uf100-0106.cnf,18.1053,100,430,True,0.0007436669839080423,419,8745,333,20.87112171837709,10,2.841599052771926e-05,19,225,10,11.842105263157896,False,4.605170185988092,0.4326081068881466
uf100-430,uf100-0106.cnf,18.1053,100,430,True,0.0007436669839080423,419,8745,333,20.87112171837709,30,5.3916999604552984e-05,42,708,31,16.857142857142858,False,4.605170185988092,0.19232214326553954
uf100-430,uf100-0106.cnf,18.1053,100,430,True,0.0007436669839080423,419,8745,333,20.87112171837709,100,0.00015983398770913482,134,2606,101,19.44776119402985,False,4.605170185988092,0.06819760545471616
uf100-430,uf100-0106.cnf,18.1053,100,430,True,0.0007436669839080423,419,8745,333,20.87112171837709,300,0.0005411250167526305,371,7843,302,21.140161725067387,False,4.605170185988092,0.0128905389140348
uf100-430,uf100-0106.cnf,18.1053,100,430,True,0.0007436669839080423,419,8745,333,20.87112171837709,1000,0.0005589579814113677,419,8745,333,20.87112171837709,True,4.605170185988092,0.0
uf100-430,uf100-0107.cnf,16.7705,100,430,True,0.000593625009059906,364,6411,279,17.61263736263736,10,2.4374981876462698e-05,22,174,10,7.909090909090909,False,4.605170185988092,0.5509422725145701
uf100-430,uf100-0107.cnf,16.7705,100,430,True,0.000593625009059906,364,6411,279,17.61263736263736,30,5.645799683406949e-05,43,668,30,15.534883720930232,False,4.605170185988092,0.11796947833121124
uf100-430,uf100-0107.cnf,16.7705,100,430,True,0.000593625009059906,364,6411,279,17.61263736263736,100,0.00016379100270569324,121,2376,100,19.636363636363637,False,4.605170185988092,0.11490194410175703
uf100-430,uf100-0107.cnf,16.7705,100,430,True,0.000593625009059906,364,6411,279,17.61263736263736,300,0.0004889169940724969,364,6411,279,17.61263736263736,True,4.605170185988092,0.0
uf100-430,uf100-0107.cnf,16.7705,100,430,True,0.000593625009059906,364,6411,279,17.61263736263736,1000,0.0004738749994430691,364,6411,279,17.61263736263736,True,4.605170185988092,0.0
uf100-430,uf100-0108.cnf,18.3163,100,430,True,0.0006866250187158585,402,7275,315,18.097014925373134,10,2.995799877680838e-05,22,267,10,12.136363636363637,False,4.605170185988092,0.3293720712277413
uf100-430,uf100-0108.cnf,18.3163,100,430,True,0.0006866250187158585,402,7275,315,18.097014925373134,30,5.133301601745188e-05,46,748,30,16.26086956521739,False,4.605170185988092,0.10146122814881223
uf100-430,uf100-0108.cnf,18.3163,100,430,True,0.0006866250187158585,402,7275,315,18.097014925373134,100,0.00015666699619032443,136,2421,100,17.801470588235293,False,4.605170185988092,0.016331109763493057
uf100-430,uf100-0108.cnf,18.3163,100,430,True,0.0006866250187158585,402,7275,315,18.097014925373134,300,0.0004914159944746643,370,6896,303,18.63783783783784,False,4.605170185988092,0.029884647534132155
uf100-430,uf100-0108.cnf,18.3163,100,430,True,0.0006866250187158585,402,7275,315,18.097014925373134,1000,0.00047462497605010867,402,7275,315,18.097014925373134,True,4.605170185988092,0.0
uf100-430,uf100-0109.cnf,17.7046,100,430,True,0.00021491601364687085,155,2395,114,15.451612903225806,10,2.2624997654929757e-05,34,169,10,4.970588235294118,False,4.605170185988092,0.6783126611813828
uf100-430,uf100-0109.cnf,17.7046,100,430,True,0.00021491601364687085,155,2395,114,15.451612903225806,30,4.2917003156617284e-05,50,552,30,11.04,False,4.605170185988092,0.2855114822546973
uf100-430,uf100-0109.cnf,17.7046,100,430,True,0.00021491601364687085,155,2395,114,15.451612903225806,100,0.0001252919901162386,128,2032,101,15.875,False,4.605170185988092,0.02740083507306892
uf100-430,uf100-0109.cnf,17.7046,100,430,True,0.00021491601364687085,155,2395,114,15.451612903225806,300,0.00012670899741351604,155,2395,114,15.451612903225806,True,4.605170185988092,0.0
uf100-430,uf100-0109.cnf,17.7046,100,430,True,0.00021491601364687085,155,2395,114,15.451612903225806,1000,0.00011337501928210258,155,2395,114,15.451612903225806,True,4.605170185988092,0.0
uf100-430,uf100-011.cnf,19.2845,100,430,True,0.0010614999919198453,563,11822,478,20.99822380106572,10,2.6124995201826096e-05,25,191,11,7.64,False,4.605170185988092,0.6361597022500423
uf100-430,uf100-011.cnf,19.2845,100,430,True,0.0010614999919198453,563,11822,478,20.99822380106572,30,5.629099905490875e-05,43,638,30,14.837209302325581,False,4.605170185988092,0.2934064593800286
uf100-430,uf100-011.cnf,19.2845,100,430,True,0.0010614999919198453,563,11822,478,20.99822380106572,100,0.00018137498409487307,119,2588,101,21.747899159663866,False,4.605170185988092,0.03570184629426125
uf100-430,uf100-011.cnf,19.2845,100,430,True,0.0010614999919198453,563,11822,478,20.99822380106572,300,0.000546958006452769,348,7344,300,21.103448275862068,False,4.605170185988092,0.005011113120482473
uf100-430,uf100-011.cnf,19.2845,100,430,True,0.0010614999919198453,563,11822,478,20.99822380106572,1000,0.0008608749776612967,563,11822,478,20.99822380106572,True,4.605170185988092,0.0
uf100-430,uf100-0110.cnf,18.047,100,430,True,0.00018470801296643913,130,2090,92,16.076923076923077,10,2.2082997020334005e-05,21,204,11,9.714285714285714,False,4.605170185988092,0.3957621326042379
uf100-430,uf100-0110.cnf,18.047,100,430,True,0.00018470801296643913,130,2090,92,16.076923076923077,30,4.562499816529453e-05,46,680,31,14.782608695652174,False,4.605170185988092,0.08050759309340544
uf100-430,uf100-0110.cnf,18.047,100,430,True,0.00018470801296643913,130,2090,92,16.076923076923077,100,0.00011624998296611011,130,2090,92,16.076923076923077,True,4.605170185988092,0.0
uf100-430,uf100-0110.cnf,18.047,100,430,True,0.00018470801296643913,130,2090,92,16.076923076923077,300,9.654098539613187e-05,130,2090,92,16.076923076923077,True,4.605170185988092,0.0
uf100-430,uf100-0110.cnf,18.047,100,430,True,0.00018470801296643913,130,2090,92,16.076923076923077,1000,8.841700037010014e-05,130,2090,92,16.076923076923077,True,4.605170185988092,0.0
uf100-430,uf100-0111.cnf,16.1007,100,430,True,0.0006670420116279274,412,7890,318,19.150485436893202,10,2.4958018912002444e-05,27,214,10,7.925925925925926,False,4.605170185988092,0.586124020091067
uf100-430,uf100-0111.cnf,16.1007,100,430,True,0.0006670420116279274,412,7890,318,19.150485436893202,30,4.562499816529453e-05,53,598,30,11.283018867924529,False,4.605170185988092,0.41082334935552517
uf100-430,uf100-0111.cnf,16.1007,100,430,True,0.0006670420116279274,412,7890,318,19.150485436893202,100,0.00015095798880793154,130,2250,100,17.307692307692307,False,4.605170185988092,0.09622696694940039
uf100-430,uf100-0111.cnf,16.1007,100,430,True,0.0006670420116279274,412,7890,318,19.150485436893202,300,0.0005338750197552145,380,7355,301,19.355263157894736,False,4.605170185988092,0.01069308251617643
uf100-430,uf100-0111.cnf,16.1007,100,430,True,0.0006670420116279274,412,7890,318,19.150485436893202,1000,0.0005535410018637776,412,7890,318,19.150485436893202,True,4.605170185988092,0.0
uf100-430,uf100-0112.cnf,8.0938,100,430,True,6.600000779144466e-05,55,752,27,13.672727272727272,10,2.00409849639982e-05,29,272,10,9.379310344827585,False,4.605170185988092,0.31401320616287604
uf100-430,uf100-0112.cnf,8.0938,100,430,True,6.600000779144466e-05,55,752,27,13.672727272727272,30,3.329099854454398e-05,55,752,27,13.672727272727272,True,4.605170185988092,0.0
uf100-430,uf100-0112.cnf,8.0938,100,430,True,6.600000779144466e-05,55,752,27,13.672727272727272,100,2.5500019546598196e-05,55,752,27,13.672727272727272,True,4.605170185988092,0.0
uf100-430,uf100-0112.cnf,8.0938,100,430,True,6.600000779144466e-05,55,752,27,13.672727272727272,300,2.416601637378335e-05,55,752,27,13.672727272727272,True,4.605170185988092,0.0
uf100-430,uf100-0112.cnf,8.0938,100,430,True,6.600000779144466e-05,55,752,27,13.672727272727272,1000,2.3667002096772194e-05,55,752,27,13.672727272727272,True,4.605170185988092,0.0
uf100-430,uf100-0113.cnf,18.967,100,430,True,0.0009739170200191438,536,10813,440,20.17350746268657,10,2.4708017008379102e-05,29,219,10,7.551724137931035,False,4.605170185988092,0.6256613208239125
uf100-430,uf100-0113.cnf,18.967,100,430,True,0.0009739170200191438,536,10813,440,20.17350746268657,30,4.4832995627075434e-05,53,606,30,11.433962264150944,False,4.605170185988092,0.4332189241112637
uf100-430,uf100-0113.cnf,18.967,100,430,True,0.0009739170200191438,536,10813,440,20.17350746268657,100,0.0001571669999975711,129,2171,100,16.829457364341085,False,4.605170185988092,0.16576443657756212
uf100-430,uf100-0113.cnf,18.967,100,430,True,0.0009739170200191438,536,10813,440,20.17350746268657,300,0.0004915000172331929,370,7091,300,19.164864864864864,False,4.605170185988092,0.04999837532899601
uf100-430,uf100-0113.cnf,18.967,100,430,True,0.0009739170200191438,536,10813,440,20.17350746268657,1000,0.0007361249881796539,536,10813,440,20.17350746268657,True,4.605170185988092,0.0
uf100-430,uf100-0114.cnf,19.2626,100,430,True,0.000742000003810972,439,8235,350,18.75854214123007,10,2.4374981876462698e-05,19,185,10,9.736842105263158,False,4.605170185988092,0.4809382289969003
uf100-430,uf100-0114.cnf,19.2626,100,430,True,0.000742000003810972,439,8235,350,18.75854214123007,30,5.1000009989365935e-05,42,637,31,15.166666666666666,False,4.605170185988092,0.19147945759967627
uf100-430,uf100-0114.cnf,19.2626,100,430,True,0.000742000003810972,439,8235,350,18.75854214123007,100,0.00016420899191871285,122,2306,100,18.901639344262296,False,4.605170185988092,0.00762837548647814
uf100-430,uf100-0114.cnf,19.2626,100,430,True,0.000742000003810972,439,8235,350,18.75854214123007,300,0.000545499991858378,370,6902,300,18.654054054054054,False,4.605170185988092,0.005570160324258757
uf100-430,uf100-0114.cnf,19.2626,100,430,True,0.000742000003810972,439,8235,350,18.75854214123007,1000,0.0006555419822689146,439,8235,350,18.75854214123007,True,4.605170185988092,0.0
uf100-430,uf100-0115.cnf,17.3442,100,430,True,0.0006466250051744282,415,7446,315,17.942168674698795,10,2.7125002816319466e-05,20,208,11,10.4,False,4.605170185988092,0.42035992479183454
uf100-430,uf100-0115.cnf,17.3442,100,430,True,0.0006466250051744282,415,7446,315,17.942168674698795,30,5.4791016736999154e-05,48,762,31,15.875,False,4.605170185988092,0.11521286596830513
uf100-430,uf100-0115.cnf,17.3442,100,430,True,0.0006466250051744282,415,7446,315,17.942168674698795,100,0.00016554200556129217,137,2552,102,18.62773722627737,False,4.605170185988092,0.038209904499746074
uf100-430,uf100-0115.cnf,17.3442,100,430,True,0.0006466250051744282,415,7446,315,17.942168674698795,300,0.0004993329930584878,374,7092,302,18.962566844919785,False,4.605170185988092,0.056871506935496995
uf100-430,uf100-0115.cnf,17.3442,100,430,True,0.0006466250051744282,415,7446,315,17.942168674698795,1000,0.0004902090004179627,415,7446,315,17.942168674698795,True,4.605170185988092,0.0
uf100-430,uf100-0116.cnf,12.75,100,430,True,0.00010091598960570991,73,1124,45,15.397260273972602,10,2.070798655040562e-05,22,260,10,11.818181818181818,False,4.605170185988092,0.23244904561630536
uf100-430,uf100-0116.cnf,12.75,100,430,True,0.00010091598960570991,73,1124,45,15.397260273972602,30,3.737499355338514e-05,46,724,30,15.73913043478261,False,4.605170185988092,0.022203311155810077
uf100-430,uf100-0116.cnf,12.75,100,430,True,0.00010091598960570991,73,1124,45,15.397260273972602,100,4.483401426114142e-05,73,1124,45,15.397260273972602,True,4.605170185988092,0.0
uf100-430,uf100-0116.cnf,12.75,100,430,True,0.00010091598960570991,73,1124,45,15.397260273972602,300,3.633400774560869e-05,73,1124,45,15.397260273972602,True,4.605170185988092,0.0
uf100-430,uf100-0116.cnf,12.75,100,430,True,0.00010091598960570991,73,1124,45,15.397260273972602,1000,3.358299727551639e-05,73,1124,45,15.397260273972602,True,4.605170185988092,0.0
uf100-430,uf100-0117.cnf,17.3574,100,430,True,0.000973624992184341,602,11424,483,18.976744186046513,10,2.5209010345861316e-05,25,220,10,8.8,False,4.605170185988092,0.5362745098039216
uf100-430,uf100-0117.cnf,17.3574,100,430,True,0.000973624992184341,602,11424,483,18.976744186046513,30,5.7792000006884336e-05,50,748,30,14.96,False,4.605170185988092,0.2116666666666667
uf100-430,uf100-0117.cnf,17.3574,100,430,True,0.000973624992184341,602,11424,483,18.976744186046513,100,0.0001644579751882702,125,2396,100,19.168,False,4.605170185988092,0.010078431372548888
uf100-430,uf100-0117.cnf,17.3574,100,430,True,0.000973624992184341,602,11424,483,18.976744186046513,300,0.0005803340172860771,375,7075,300,18.866666666666667,False,4.605170185988092,0.005800653594771308
uf100-430,uf100-0117.cnf,17.3574,100,430,True,0.000973624992184341,602,11424,483,18.976744186046513,1000,0.0009133749990724027,602,11424,483,18.976744186046513,True,4.605170185988092,0.0
uf100-430,uf100-0118.cnf,16.6667,100,430,True,0.0004927910049445927,336,5755,245,17.12797619047619,10,3.220900543965399e-05,27,317,10,11.74074074074074,False,4.605170185988092,0.31452842938507575
uf100-430,uf100-0118.cnf,16.6667,100,430,True,0.0004927910049445927,336,5755,245,17.12797619047619,30,5.3625000873580575e-05,60,851,34,14.183333333333334,False,4.605170185988092,0.1719200695047784
uf100-430,uf100-0118.cnf,16.6667,100,430,True,0.0004927910049445927,336,5755,245,17.12797619047619,100,0.00014766599633730948,132,2438,101,18.46969696969697,False,4.605170185988092,0.07833504462522707
uf100-430,uf100-0118.cnf,16.6667,100,430,True,0.0004927910049445927,336,5755,245,17.12797619047619,300,0.0003768339811358601,336,5755,245,17.12797619047619,True,4.605170185988092,0.0
uf100-430,uf100-0118.cnf,16.6667,100,430,True,0.0004927910049445927,336,5755,245,17.12797619047619,1000,0.0003512499970383942,336,5755,245,17.12797619047619,True,4.605170185988092,0.0
uf100-430,uf100-0119.cnf,17.9917,100,430,True,0.0009572500130161643,528,11034,421,20.897727272727273,10,3.3334014005959034e-05,33,351,13,10.636363636363637,False,4.605170185988092,0.4910277324632953
uf100-430,uf100-0119.cnf,17.9917,100,430,True,0.0009572500130161643,528,11034,421,20.897727272727273,30,4.025001544505358e-05,48,622,30,12.958333333333334,False,4.605170185988092,0.3799166213521841
uf100-430,uf100-0119.cnf,17.9917,100,430,True,0.0009572500130161643,528,11034,421,20.897727272727273,100,0.00015262499800883234,141,2397,101,17.0,False,4.605170185988092,0.18651441000543775
uf100-430,uf100-0119.cnf,17.9917,100,430,True,0.0009572500130161643,528,11034,421,20.897727272727273,300,0.0005272080015856773,375,7657,300,20.418666666666667,False,4.605170185988092,0.022924052927315596
uf100-430,uf100-0119.cnf,17.9917,100,430,True,0.0009572500130161643,528,11034,421,20.897727272727273,1000,0.0008033329795580357,528,11034,421,20.897727272727273,True,4.605170185988092,0.0
uf100-430,uf100-012.cnf,17.3404,100,430,True,0.0005025409918744117,302,6024,239,19.94701986754967,10,3.47500026691705e-05,24,343,12,14.291666666666666,False,4.605170185988092,0.2835187029659142
uf100-430,uf100-012.cnf,17.3404,100,430,True,0.0005025409918744117,302,6024,239,19.94701986754967,30,5.458400119096041e-05,46,827,32,17.97826086956522,False,4.605170185988092,0.09869940527744096
uf100-430,uf100-012.cnf,17.3404,100,430,True,0.0005025409918744117,302,6024,239,19.94701986754967,100,0.0001535420014988631,119,2271,100,19.084033613445378,False,4.605170185988092,0.0432639191134622
uf100-430,uf100-012.cnf,17.3404,100,430,True,0.0005025409918744117,302,6024,239,19.94701986754967,300,0.0004309579962864518,302,6024,239,19.94701986754967,True,4.605170185988092,0.0
uf100-430,uf100-012.cnf,17.3404,100,430,True,0.0005025409918744117,302,6024,239,19.94701986754967,1000,0.00038233399391174316,302,6024,239,19.94701986754967,True,4.605170185988092,0.0
uf100-430,uf100-0120.cnf,17.3736,100,430,True,0.0005187919887248427,278,5756,226,20.705035971223023,10,3.241599188186228e-05,25,245,11,9.8,False,4.605170185988092,0.5266851980542043
uf100-430,uf100-0120.cnf,17.3736,100,430,True,0.0005187919887248427,278,5756,226,20.705035971223023,30,5.1292008720338345e-05,41,690,30,16.829268292682926,False,4.605170185988092,0.18718961338327778
uf100-430,uf100-0120.cnf,17.3736,100,430,True,0.0005187919887248427,278,5756,226,20.705035971223023,100,0.00015883299056440592,116,2349,100,20.25,False,4.605170185988092,0.021977067407922213
uf100-430,uf100-0120.cnf,17.3736,100,430,True,0.0005187919887248427,278,5756,226,20.705035971223023,300,0.0003949590027332306,278,5756,226,20.705035971223023,True,4.605170185988092,0.0
uf100-430,uf100-0120.cnf,17.3736,100,430,True,0.0005187919887248427,278,5756,226,20.705035971223023,1000,0.0003688749857246876,278,5756,226,20.705035971223023,True,4.605170185988092,0.0
uf100-430,uf100-0121.cnf,18.713,100,430,True,5.8416015235707164e-05,53,583,25,11.0,10,1.7834012396633625e-05,23,218,10,9.478260869565217,False,4.605170185988092,0.13833992094861666
uf100-430,uf100-0121.cnf,18.713,100,430,True,5.8416015235707164e-05,53,583,25,11.0,30,3.125000512227416e-05,53,583,25,11.0,True,4.605170185988092,0.0
uf100-430,uf100-0121.cnf,18.713,100,430,True,5.8416015235707164e-05,53,583,25,11.0,100,2.604199107736349e-05,53,583,25,11.0,True,4.605170185988092,0.0
uf100-430,uf100-0121.cnf,18.713,100,430,True,5.8416015235707164e-05,53,583,25,11.0,300,2.3208995116874576e-05,53,583,25,11.0,True,4.605170185988092,0.0
uf100-430,uf100-0121.cnf,18.713,100,430,True,5.8416015235707164e-05,53,583,25,11.0,1000,2.170799416489899e-05,53,583,25,11.0,True,4.605170185988092,0.0
uf100-430,uf100-0122.cnf,19.2383,100,430,True,0.0002715839946176857,175,3202,136,18.297142857142855,10,3.108300734311342e-05,26,330,12,12.692307692307692,False,4.605170185988092,0.3063229712199106
uf100-430,uf100-0122.cnf,19.2383,100,430,True,0.0002715839946176857,175,3202,136,18.297142857142855,30,4.75000124424696e-05,43,769,32,17.88372093023256,False,4.605170185988092,0.02259488982176819
uf100-430,uf100-0122.cnf,19.2383,100,430,True,0.0002715839946176857,175,3202,136,18.297142857142855,100,0.00013637501979246736,119,2381,100,20.008403361344538,False,4.605170185988092,0.09352610500789958
uf100-430,uf100-0122.cnf,19.2383,100,430,True,0.0002715839946176857,175,3202,136,18.297142857142855,300,0.0001533330068923533,175,3202,136,18.297142857142855,True,4.605170185988092,0.0
uf100-430,uf100-0122.cnf,19.2383,100,430,True,0.0002715839946176857,175,3202,136,18.297142857142855,1000,0.000125208985991776,175,3202,136,18.297142857142855,True,4.605170185988092,0.0
uf100-430,uf100-0123.cnf,17.4462,100,430,True,0.0004531670128926635,282,5199,229,18.43617021276596,10,2.2999971406534314e-05,21,196,11,9.333333333333334,False,4.605170185988092,0.49374879784573955
uf100-430,uf100-0123.cnf,17.4462,100,430,True,0.0004531670128926635,282,5199,229,18.43617021276596,30,4.591699689626694e-05,40,628,30,15.7,False,4.605170185988092,0.1484131563762263
uf100-430,uf100-0123.cnf,17.4462,100,430,True,0.0004531670128926635,282,5199,229,18.43617021276596,100,0.00015583299682475626,115,2341,100,20.356521739130436,False,4.605170185988092,0.10416217165508418
uf100-430,uf100-0123.cnf,17.4462,100,430,True,0.0004531670128926635,282,5199,229,18.43617021276596,300,0.00038391599082387984,282,5199,229,18.43617021276596,True,4.605170185988092,0.0
uf100-430,uf100-0123.cnf,17.4462,100,430,True,0.0004531670128926635,282,5199,229,18.43617021276596,1000,0.0003381249844096601,282,5199,229,18.43617021276596,True,4.605170185988092,0.0
uf100-430,uf100-0124.cnf,18.8234,100,430,True,0.0010773749963846058,680,13049,540,19.189705882352943,10,2.8167007258161902e-05,21,305,10,14.523809523809524,False,4.605170185988092,0.24314579843739173
uf100-430,uf100-0124.cnf,18.8234,100,430,True,0.0010773749963846058,680,13049,540,19.189705882352943,30,5.8375007938593626e-05,43,890,30,20.697674418604652,False,4.605170185988092,0.07858215990889436
uf100-430,uf100-0124.cnf,18.8234,100,430,True,0.0010773749963846058,680,13049,540,19.189705882352943,100,0.00016183301340788603,125,2672,100,21.376,False,4.605170185988092,0.11393056939229057
uf100-430,uf100-0124.cnf,18.8234,100,430,True,0.0010773749963846058,680,13049,540,19.189705882352943,300,0.0005366670084185898,377,7358,301,19.517241379310345,False,4.605170185988092,0.01706829166457458
uf100-430,uf100-0124.cnf,18.8234,100,430,True,0.0010773749963846058,680,13049,540,19.189705882352943,1000,0.001026416983222589,680,13049,540,19.189705882352943,True,4.605170185988092,0.0
uf100-430,uf100-0125.cnf,20.2382,100,430,True,0.0009562500054016709,538,11542,449,21.45353159851301,10,2.8082984499633312e-05,26,269,11,10.346153846153847,False,4.605170185988092,0.5177412260240193
uf100-430,uf100-0125.cnf,20.2382,100,430,True,0.0009562500054016709,538,11542,449,21.45353159851301,30,5.066700396127999e-05,49,707,31,14.428571428571429,False,4.605170185988092,0.3274500581726365
uf100-430,uf100-0125.cnf,20.2382,100,430,True,0.0009562500054016709,538,11542,449,21.45353159851301,100,0.0001832919951993972,127,2528,104,19.905511811023622,False,4.605170185988092,0.0721568745164868
uf100-430,uf100-0125.cnf,20.2382,100,430,True,0.0009562500054016709,538,11542,449,21.45353159851301,300,0.0005679580208379775,355,7471,300,21.04507042253521,False,4.605170185988092,0.01903934436631915
uf100-430,uf100-0125.cnf,20.2382,100,430,True,0.0009562500054016709,538,11542,449,21.45353159851301,1000,0.0008610410150140524,538,11542,449,21.45353159851301,True,4.605170185988092,0.0
uf100-430,uf100-0126.cnf,18.9283,100,430,True,0.0007118339999578893,446,8008,341,17.955156950672645,10,3.762499545700848e-05,28,375,13,13.392857142857142,False,4.605170185988092,0.2540941201655487
uf100-430,uf100-0126.cnf,18.9283,100,430,True,0.0007118339999578893,446,8008,341,17.955156950672645,30,4.7874986194074154e-05,52,684,31,13.153846153846153,False,4.605170185988092,0.2674056712518251
uf100-430,uf100-0126.cnf,18.9283,100,430,True,0.0007118339999578893,446,8008,341,17.955156950672645,100,0.000155624991748482,144,2157,100,14.979166666666666,False,4.605170185988092,0.16574571262071264
uf100-430,uf100-0126.cnf,18.9283,100,430,True,0.0007118339999578893,446,8008,341,17.955156950672645,300,0.0005616249982267618,395,6865,301,17.379746835443036,False,4.605170185988092,0.032047066857193496
uf100-430,uf100-0126.cnf,18.9283,100,430,True,0.0007118339999578893,446,8008,341,17.955156950672645,1000,0.000587041984545067,446,8008,341,17.955156950672645,True,4.605170185988092,0.0
uf100-430,uf100-0127.cnf,18.2098,100,430,True,0.0001674999948590994,119,2111,77,17.73949579831933,10,2.8874987037852407e-05,26,360,12,13.846153846153847,False,4.605170185988092,0.2194730896767846
uf100-430,uf100-0127.cnf,18.2098,100,430,True,0.0001674999948590994,119,2111,77,17.73949579831933,30,4.029198316857219e-05,46,791,30,17.195652173913043,False,4.605170185988092,0.030657219945214583
uf100-430,uf100-0127.cnf,18.2098,100,430,True,0.0001674999948590994,119,2111,77,17.73949579831933,100,9.870799840427935e-05,119,2111,77,17.73949579831933,True,4.605170185988092,0.0
uf100-430,uf100-0127.cnf,18.2098,100,430,True,0.0001674999948590994,119,2111,77,17.73949579831933,300,8.254198473878205e-05,119,2111,77,17.73949579831933,True,4.605170185988092,0.0
uf100-430,uf100-0127.cnf,18.2098,100,430,True,0.0001674999948590994,119,2111,77,17.73949579831933,1000,7.191699114628136e-05,119,2111,77,17.73949579831933,True,4.605170185988092,0.0
uf100-430,uf100-0128.cnf,20.8583,100,430,True,0.00020466599380597472,134,2287,99,17.067164179104477,10,2.3792003048583865e-05,25,186,10,7.44,False,4.605170185988092,0.5640752076956711
uf100-430,uf100-0128.cnf,20.8583,100,430,True,0.00020466599380597472,134,2287,99,17.067164179104477,30,4.349998198449612e-05,46,607,30,13.195652173913043,False,4.605170185988092,0.22683979392026768
uf100-430,uf100-0128.cnf,20.8583,100,430,True,0.00020466599380597472,134,2287,99,17.067164179104477,100,0.00013220799155533314,134,2287,99,17.067164179104477,True,4.605170185988092,0.0
uf100-430,uf100-0128.cnf,20.8583,100,430,True,0.00020466599380597472,134,2287,99,17.067164179104477,300,9.654200403019786e-05,134,2287,99,17.067164179104477,True,4.605170185988092,0.0
uf100-430,uf100-0128.cnf,20.8583,100,430,True,0.00020466599380597472,134,2287,99,17.067164179104477,1000,7.729200297035277e-05,134,2287,99,17.067164179104477,True,4.605170185988092,0.0
uf100-430,uf100-0129.cnf,18.0878,100,430,True,0.00023949999012984335,158,2773,112,17.550632911392405,10,3.3249991247430444e-05,15,348,10,23.2,False,4.605170185988092,0.3218896501983411
uf100-430,uf100-0129.cnf,18.0878,100,430,True,0.00023949999012984335,158,2773,112,17.550632911392405,30,5.4374977480620146e-05,50,817,33,16.34,False,4.605170185988092,0.06897944464478906
uf100-430,uf100-0129.cnf,18.0878,100,430,True,0.00023949999012984335,158,2773,112,17.550632911392405,100,0.00014279200695455074,126,2469,101,19.595238095238095,False,4.605170185988092,0.1164975185891161
uf100-430,uf100-0129.cnf,18.0878,100,430,True,0.00023949999012984335,158,2773,112,17.550632911392405,300,0.00013466700329445302,158,2773,112,17.550632911392405,True,4.605170185988092,0.0
uf100-430,uf100-0129.cnf,18.0878,100,430,True,0.00023949999012984335,158,2773,112,17.550632911392405,1000,0.00011737499153241515,158,2773,112,17.550632911392405,True,4.605170185988092,0.0
uf100-430,uf100-013.cnf,17.3467,100,430,True,0.000426417012931779,251,4892,197,19.49003984063745,10,2.2499996703118086e-05,19,146,10,7.684210526315789,False,4.605170185988092,0.605736540861557
uf100-430,uf100-013.cnf,17.3467,100,430,True,0.000426417012931779,251,4892,197,19.49003984063745,30,4.179199459031224e-05,37,493,30,13.324324324324325,False,4.605170185988092,0.3163521248149212
uf100-430,uf100-013.cnf,17.3467,100,430,True,0.000426417012931779,251,4892,197,19.49003984063745,100,0.00016316701658070087,120,2576,102,21.466666666666665,False,4.605170185988092,0.10141727991278267
uf100-430,uf100-013.cnf,17.3467,100,430,True,0.000426417012931779,251,4892,197,19.49003984063745,300,0.0002991250075865537,251,4892,197,19.49003984063745,True,4.605170185988092,0.0
uf100-430,uf100-013.cnf,17.3467,100,430,True,0.000426417012931779,251,4892,197,19.49003984063745,1000,0.0002520830021239817,251,4892,197,19.49003984063745,True,4.605170185988092,0.0
uf100-430,uf100-0130.cnf,17.1714,100,430,True,0.0002786249970085919,197,3177,138,16.126903553299492,10,2.912498894147575e-05,30,278,12,9.266666666666667,False,4.605170185988092,0.42539082992340777
uf100-430,uf100-0130.cnf,17.1714,100,430,True,0.0002786249970085919,197,3177,138,16.126903553299492,30,4.85840137116611e-05,52,675,32,12.98076923076923,False,4.605170185988092,0.19508607539769016
uf100-430,uf100-0130.cnf,17.1714,100,430,True,0.0002786249970085919,197,3177,138,16.126903553299492,100,0.00015116602298803627,132,2244,100,17.0,False,4.605170185988092,0.05413912496065473
uf100-430,uf100-0130.cnf,17.1714,100,430,True,0.0002786249970085919,197,3177,138,16.126903553299492,300,0.00018658299813978374,197,3177,138,16.126903553299492,True,4.605170185988092,0.0
uf100-430,uf100-0130.cnf,17.1714,100,430,True,0.0002786249970085919,197,3177,138,16.126903553299492,1000,0.0001755419943947345,197,3177,138,16.126903553299492,True,4.605170185988092,0.0
uf100-430,uf100-0131.cnf,17.1533,100,430,True,0.0010014160070568323,594,11073,476,18.641414141414142,10,2.9791990527883172e-05,24,264,12,11.0,False,4.605170185988092,0.40991601192088867
uf100-430,uf100-0131.cnf,17.1533,100,430,True,0.0010014160070568323,594,11073,476,18.641414141414142,30,4.879100015386939e-05,41,682,30,16.634146341463413,False,4.605170185988092,0.10767787168524634
uf100-430,uf100-0131.cnf,17.1533,100,430,True,0.0010014160070568323,594,11073,476,18.641414141414142,100,0.00016866601072251797,125,2478,104,19.824,False,4.605170185988092,0.06343863451639128
uf100-430,uf100-0131.cnf,17.1533,100,430,True,0.0010014160070568323,594,11073,476,18.641414141414142,300,0.0004906249814666808,377,6547,300,17.36604774535809,False,4.605170185988092,0.06841575356789432
uf100-430,uf100-0131.cnf,17.1533,100,430,True,0.0010014160070568323,594,11073,476,18.641414141414142,1000,0.0008115830132737756,594,11073,476,18.641414141414142,True,4.605170185988092,0.0
uf100-430,uf100-0132.cnf,15.6087,100,430,True,9.183399379253387e-05,62,948,38,15.290322580645162,10,2.5042012566700578e-05,29,284,12,9.793103448275861,False,4.605170185988092,0.3595227702604395
uf100-430,uf100-0132.cnf,15.6087,100,430,True,9.183399379253387e-05,62,948,38,15.290322580645162,30,4.0457991417497396e-05,54,738,34,13.666666666666666,False,4.605170185988092,0.10618846694796069
uf100-430,uf100-0132.cnf,15.6087,100,430,True,9.183399379253387e-05,62,948,38,15.290322580645162,100,4.1834020521491766e-05,62,948,38,15.290322580645162,True,4.605170185988092,0.0
uf100-430,uf100-0132.cnf,15.6087,100,430,True,9.183399379253387e-05,62,948,38,15.290322580645162,300,3.6707991966977715e-05,62,948,38,15.290322580645162,True,4.605170185988092,0.0
uf100-430,uf100-0132.cnf,15.6087,100,430,True,9.183399379253387e-05,62,948,38,15.290322580645162,1000,3.500000457279384e-05,62,948,38,15.290322580645162,True,4.605170185988092,0.0
uf100-430,uf100-0133.cnf,18.9831,100,430,True,0.0004790840030182153,288,5384,222,18.694444444444443,10,2.7417001547291875e-05,24,238,10,9.916666666666666,False,4.605170185988092,0.46953937592867756
uf100-430,uf100-0133.cnf,18.9831,100,430,True,0.0004790840030182153,288,5384,222,18.694444444444443,30,4.791701212525368e-05,48,669,30,13.9375,False,4.605170185988092,0.2544576523031203
uf100-430,uf100-0133.cnf,18.9831,100,430,True,0.0004790840030182153,288,5384,222,18.694444444444443,100,0.00015300000086426735,126,2368,100,18.793650793650794,False,4.605170185988092,0.005306728932286263
uf100-430,uf100-0133.cnf,18.9831,100,430,True,0.0004790840030182153,288,5384,222,18.694444444444443,300,0.00034670799504965544,288,5384,222,18.694444444444443,True,4.605170185988092,0.0
uf100-430,uf100-0133.cnf,18.9831,100,430,True,0.0004790840030182153,288,5384,222,18.694444444444443,1000,0.0002970420173369348,288,5384,222,18.694444444444443,True,4.605170185988092,0.0
uf100-430,uf100-0134.cnf,18.9653,100,430,True,0.0017914579948410392,1013,20475,810,20.21224086870681,10,2.791700535453856e-05,30,234,10,7.8,False,4.605170185988092,0.614095238095238
uf100-430,uf100-0134.cnf,18.9653,100,430,True,0.0017914579948410392,1013,20475,810,20.21224086870681,30,5.787500413134694e-05,55,728,30,13.236363636363636,False,4.605170185988092,0.3451313131313131
uf100-430,uf100-0134.cnf,18.9653,100,430,True,0.0017914579948410392,1013,20475,810,20.21224086870681,100,0.0001809170062188059,143,2610,100,18.251748251748253,False,4.605170185988092,0.09699531237992766
uf100-430,uf100-0134.cnf,18.9653,100,430,True,0.0017914579948410392,1013,20475,810,20.21224086870681,300,0.0005763749941252172,380,7573,300,19.928947368421053,False,4.605170185988092,0.014015937279095142
uf100-430,uf100-0134.cnf,18.9653,100,430,True,0.0017914579948410392,1013,20475,810,20.21224086870681,1000,0.0017082080012187362,1013,20475,810,20.21224086870681,True,4.605170185988092,0.0
uf100-430,uf100-0135.cnf,19.0242,100,430,True,0.0007172919868025929,470,8342,367,17.748936170212765,10,2.7499976567924023e-05,22,262,10,11.909090909090908,False,4.605170185988092,0.3290250866371701
uf100-430,uf100-0135.cnf,19.0242,100,430,True,0.0007172919868025929,470,8342,367,17.748936170212765,30,4.708298365585506e-05,49,688,31,14.040816326530612,False,4.605170185988092,0.20892068167473174
uf100-430,uf100-0135.cnf,19.0242,100,430,True,0.0007172919868025929,470,8342,367,17.748936170212765,100,0.0001301249722018838,138,2050,100,14.855072463768115,False,4.605170185988092,0.1630443469226787
uf100-430,uf100-0135.cnf,19.0242,100,430,True,0.0007172919868025929,470,8342,367,17.748936170212765,300,0.00048304200754500926,377,6803,301,18.045092838196286,False,4.605170185988092,0.016685882756204123
uf100-430,uf100-0135.cnf,19.0242,100,430,True,0.0007172919868025929,470,8342,367,17.748936170212765,1000,0.0005929580074734986,470,8342,367,17.748936170212765,True,4.605170185988092,0.0
uf100-430,uf100-0136.cnf,12.2281,100,430,True,6.049999501556158e-05,66,658,23,9.969696969696969,10,2.066700835712254e-05,22,298,10,13.545454545454545,False,4.605170185988092,0.35866261398176297
uf100-430,uf100-0136.cnf,12.2281,100,430,True,6.049999501556158e-05,66,658,23,9.969696969696969,30,3.454199759289622e-05,66,658,23,9.969696969696969,True,4.605170185988092,0.0
uf100-430,uf100-0136.cnf,12.2281,100,430,True,6.049999501556158e-05,66,658,23,9.969696969696969,100,2.90420139208436e-05,66,658,23,9.969696969696969,True,4.605170185988092,0.0
uf100-430,uf100-0136.cnf,12.2281,100,430,True,6.049999501556158e-05,66,658,23,9.969696969696969,300,2.5582994567230344e-05,66,658,23,9.969696969696969,True,4.605170185988092,0.0
uf100-430,uf100-0136.cnf,12.2281,100,430,True,6.049999501556158e-05,66,658,23,9.969696969696969,1000,2.329199924133718e-05,66,658,23,9.969696969696969,True,4.605170185988092,0.0
uf100-430,uf100-0137.cnf,14.3562,100,430,True,0.00015487498603761196,101,1934,72,19.14851485148515,10,2.5625020498409867e-05,20,262,10,13.1,False,4.605170185988092,0.3158738366080662
uf100-430,uf100-0137.cnf,14.3562,100,430,True,0.00015487498603761196,101,1934,72,19.14851485148515,30,4.716700641438365e-05,42,773,30,18.404761904761905,False,4.605170185988092,0.03884128625597088
uf100-430,uf100-0137.cnf,14.3562,100,430,True,0.00015487498603761196,101,1934,72,19.14851485148515,100,9.524999768473208e-05,101,1934,72,19.14851485148515,True,4.605170185988092,0.0
uf100-430,uf100-0137.cnf,14.3562,100,430,True,0.00015487498603761196,101,1934,72,19.14851485148515,300,7.070798892527819e-05,101,1934,72,19.14851485148515,True,4.605170185988092,0.0
uf100-430,uf100-0137.cnf,14.3562,100,430,True,0.00015487498603761196,101,1934,72,19.14851485148515,1000,6.066699279472232e-05,101,1934,72,19.14851485148515,True,4.605170185988092,0.0
uf100-430,uf100-0138.cnf,16.4595,100,430,True,0.0008739999902900308,458,9919,386,21.657205240174672,10,3.0291994335129857e-05,23,230,11,10.0,False,4.605170185988092,0.5382599052323823
uf100-430,uf100-0138.cnf,16.4595,100,430,True,0.0008739999902900308,458,9919,386,21.657205240174672,30,4.795799031853676e-05,47,604,31,12.851063829787234,False,4.605170185988092,0.40661485693693383
uf100-430,uf100-0138.cnf,16.4595,100,430,True,0.0008739999902900308,458,9919,386,21.657205240174672,100,0.00015533299301750958,118,2205,101,18.6864406779661,False,4.605170185988092,0.13717211104864663
uf100-430,uf100-0138.cnf,16.4595,100,430,True,0.0008739999902900308,458,9919,386,21.657205240174672,300,0.0005844580009579659,351,7800,302,22.22222222222222,False,4.605170185988092,0.026089099483594863
uf100-430,uf100-0138.cnf,16.4595,100,430,True,0.0008739999902900308,458,9919,386,21.657205240174672,1000,0.0007662500138394535,458,9919,386,21.657205240174672,True,4.605170185988092,0.0
uf100-430,uf100-0139.cnf,17.1258,100,430,True,0.00017275000573135912,117,2010,80,17.17948717948718,10,2.712497371248901e-05,25,327,11,13.08,False,4.605170185988092,0.23862686567164176
uf100-430,uf100-0139.cnf,17.1258,100,430,True,0.00017275000573135912,117,2010,80,17.17948717948718,30,3.749999450519681e-05,44,793,31,18.022727272727273,False,4.605170185988092,0.049084124830393566
uf100-430,uf100-0139.cnf,17.1258,100,430,True,0.00017275000573135912,117,2010,80,17.17948717948718,100,8.445899584330618e-05,117,2010,80,17.17948717948718,True,4.605170185988092,0.0
uf100-430,uf100-0139.cnf,17.1258,100,430,True,0.00017275000573135912,117,2010,80,17.17948717948718,300,6.612500874325633e-05,117,2010,80,17.17948717948718,True,4.605170185988092,0.0
uf100-430,uf100-0139.cnf,17.1258,100,430,True,0.00017275000573135912,117,2010,80,17.17948717948718,1000,5.945900920778513e-05,117,2010,80,17.17948717948718,True,4.605170185988092,0.0
uf100-430,uf100-014.cnf,18.6732,100,430,True,6.929200026206672e-05,60,799,29,13.316666666666666,10,2.216699067503214e-05,30,254,11,8.466666666666667,False,4.605170185988092,0.3642052565707134
uf100-430,uf100-014.cnf,18.6732,100,430,True,6.929200026206672e-05,60,799,29,13.316666666666666,30,4.054201417602599e-05,60,799,29,13.316666666666666,True,4.605170185988092,0.0
uf100-430,uf100-014.cnf,18.6732,100,430,True,6.929200026206672e-05,60,799,29,13.316666666666666,100,3.362499410286546e-05,60,799,29,13.316666666666666,True,4.605170185988092,0.0
uf100-430,uf100-014.cnf,18.6732,100,430,True,6.929200026206672e-05,60,799,29,13.316666666666666,300,2.862501423805952e-05,60,799,29,13.316666666666666,True,4.605170185988092,0.0
uf100-430,uf100-014.cnf,18.6732,100,430,True,6.929200026206672e-05,60,799,29,13.316666666666666,1000,2.6249996153637767e-05,60,799,29,13.316666666666666,True,4.605170185988092,0.0
uf100-430,uf100-0140.cnf,19.8729,100,430,True,0.0007968329882714897,502,9480,404,18.884462151394423,10,2.3916014470160007e-05,18,199,10,11.055555555555555,False,4.605170185988092,0.41456868260665736
uf100-430,uf100-0140.cnf,19.8729,100,430,True,0.0007968329882714897,502,9480,404,18.884462151394423,30,4.770801751874387e-05,48,657,30,13.6875,False,4.605170185988092,0.27519778481012663
uf100-430,uf100-0140.cnf,19.8729,100,430,True,0.0007968329882714897,502,9480,404,18.884462151394423,100,0.0001442909997422248,121,2352,102,19.43801652892562,False,4.605170185988092,0.02931268961188399
uf100-430,uf100-0140.cnf,19.8729,100,430,True,0.0007968329882714897,502,9480,404,18.884462151394423,300,0.0004561669775284827,362,6808,300,18.806629834254142,False,4.605170185988092,0.004121500338019102
uf100-430,uf100-0140.cnf,19.8729,100,430,True,0.0007968329882714897,502,9480,404,18.884462151394423,1000,0.0006065000197850168,502,9480,404,18.884462151394423,True,4.605170185988092,0.0
uf100-430,uf100-0141.cnf,19.5694,100,430,True,0.0008347090042661875,515,9888,420,19.2,10,3.4374999813735485e-05,20,293,12,14.65,False,4.605170185988092,0.23697916666666663
uf100-430,uf100-0141.cnf,19.5694,100,430,True,0.0008347090042661875,515,9888,420,19.2,30,4.749998333863914e-05,37,671,30,18.135135135135137,False,4.605170185988092,0.05546171171171159
uf100-430,uf100-0141.cnf,19.5694,100,430,True,0.0008347090042661875,515,9888,420,19.2,100,0.00014954200014472008,119,2247,102,18.88235294117647,False,4.605170185988092,0.016544117647058765
uf100-430,uf100-0141.cnf,19.5694,100,430,True,0.0008347090042661875,515,9888,420,19.2,300,0.0004774999979417771,364,6827,303,18.755494505494507,False,4.605170185988092,0.02315132783882771
uf100-430,uf100-0141.cnf,19.5694,100,430,True,0.0008347090042661875,515,9888,420,19.2,1000,0.0006812920037191361,515,9888,420,19.2,True,4.605170185988092,0.0
uf100-430,uf100-0142.cnf,18.8581,100,430,True,0.000640709011349827,358,6893,273,19.25418994413408,10,3.204098902642727e-05,23,241,10,10.478260869565217,False,4.605170185988092,0.4557932117649286
uf100-430,uf100-0142.cnf,18.8581,100,430,True,0.000640709011349827,358,6893,273,19.25418994413408,30,6.304099224507809e-05,49,846,31,17.26530612244898,False,4.605170185988092,0.10329615670437628
uf100-430,uf100-0142.cnf,18.8581,100,430,True,0.000640709011349827,358,6893,273,19.25418994413408,100,0.00018066601478494704,124,2623,100,21.153225806451612,False,4.605170185988092,0.09862974593205812
uf100-430,uf100-0142.cnf,18.8581,100,430,True,0.000640709011349827,358,6893,273,19.25418994413408,300,0.0005474589997902513,358,6893,273,19.25418994413408,True,4.605170185988092,0.0
uf100-430,uf100-0142.cnf,18.8581,100,430,True,0.000640709011349827,358,6893,273,19.25418994413408,1000,0.000502042006701231,358,6893,273,19.25418994413408,True,4.605170185988092,0.0
uf100-430,uf100-0143.cnf,17.5878,100,430,True,0.0007382909825537354,436,8777,360,20.130733944954127,10,2.9416987672448158e-05,23,250,12,10.869565217391305,False,4.605170185988092,0.4600512208291433
uf100-430,uf100-0143.cnf,17.5878,100,430,True,0.0007382909825537354,436,8777,360,20.130733944954127,30,5.5791984777897596e-05,43,712,33,16.558139534883722,False,4.605170185988092,0.17746965509749307
uf100-430,uf100-0143.cnf,17.5878,100,430,True,0.0007382909825537354,436,8777,360,20.130733944954127,100,0.0001662920112721622,113,2335,101,20.663716814159294,False,4.605170185988092,0.02647607735826055
uf100-430,uf100-0143.cnf,17.5878,100,430,True,0.0007382909825537354,436,8777,360,20.130733944954127,300,0.0005378750211093575,360,7149,300,19.858333333333334,False,4.605170185988092,0.013531578747483822
uf100-430,uf100-0143.cnf,17.5878,100,430,True,0.0007382909825537354,436,8777,360,20.130733944954127,1000,0.0006525409989990294,436,8777,360,20.130733944954127,True,4.605170185988092,0.0
uf100-430,uf100-0144.cnf,19.1326,100,430,True,0.0007453750004060566,469,8189,358,17.460554371002132,10,3.6375015042722225e-05,23,341,13,14.826086956521738,False,4.605170185988092,0.1508810865052271
uf100-430,uf100-0144.cnf,19.1326,100,430,True,0.0007453750004060566,469,8189,358,17.460554371002132,30,5.800000508315861e-05,56,809,33,14.446428571428571,False,4.605170185988092,0.1726248626205886
uf100-430,uf100-0144.cnf,19.1326,100,430,True,0.0007453750004060566,469,8189,358,17.460554371002132,100,0.00016420800238847733,140,2316,102,16.542857142857144,False,4.605170185988092,0.05255830992795204
uf100-430,uf100-0144.cnf,19.1326,100,430,True,0.0007453750004060566,469,8189,358,17.460554371002132,300,0.0005282499769236892,388,6761,300,17.425257731958762,False,4.605170185988092,0.0020215073527097968
uf100-430,uf100-0144.cnf,19.1326,100,430,True,0.0007453750004060566,469,8189,358,17.460554371002132,1000,0.0006130000110715628,469,8189,358,17.460554371002132,True,4.605170185988092,0.0
uf100-430,uf100-0145.cnf,11.7742,100,430,True,0.00038504201802425086,237,4523,180,19.08438818565401,10,2.591699012555182e-05,23,263,10,11.434782608695652,False,4.605170185988092,0.40083053763854315
uf100-430,uf100-0145.cnf,11.7742,100,430,True,0.00038504201802425086,237,4523,180,19.08438818565401,30,4.7084002289921045e-05,42,701,31,16.69047619047619,False,4.605170185988092,0.12543823631597245
uf100-430,uf100-0145.cnf,11.7742,100,430,True,0.00038504201802425086,237,4523,180,19.08438818565401,100,0.0001507079869043082,123,2511,102,20.414634146341463,False,4.605170185988092,0.06970335898362288
uf100-430,uf100-0145.cnf,11.7742,100,430,True,0.00038504201802425086,237,4523,180,19.08438818565401,300,0.00027333301841281354,237,4523,180,19.08438818565401,True,4.605170185988092,0.0
uf100-430,uf100-0145.cnf,11.7742,100,430,True,0.00038504201802425086,237,4523,180,19.08438818565401,1000,0.00026699999580159783,237,4523,180,19.08438818565401,True,4.605170185988092,0.0
uf100-430,uf100-0146.cnf,11.3208,100,430,True,7.974999607540667e-05,60,820,33,13.666666666666666,10,2.0708015654236078e-05,21,279,10,13.285714285714286,False,4.605170185988092,0.027874564459930216
uf100-430,uf100-0146.cnf,11.3208,100,430,True,7.974999607540667e-05,60,820,33,13.666666666666666,30,3.3249991247430444e-05,47,738,32,15.702127659574469,False,4.605170185988092,0.14893617021276606
uf100-430,uf100-0146.cnf,11.3208,100,430,True,7.974999607540667e-05,60,820,33,13.666666666666666,100,3.1333009246736765e-05,60,820,33,13.666666666666666,True,4.605170185988092,0.0
uf100-430,uf100-0146.cnf,11.3208,100,430,True,7.974999607540667e-05,60,820,33,13.666666666666666,300,2.833301550708711e-05,60,820,33,13.666666666666666,True,4.605170185988092,0.0
uf100-430,uf100-0146.cnf,11.3208,100,430,True,7.974999607540667e-05,60,820,33,13.666666666666666,1000,2.7375004719942808e-05,60,820,33,13.666666666666666,True,4.605170185988092,0.0
uf100-430,uf100-0147.cnf,15.814,100,430,True,0.0006376249948516488,382,7733,313,20.2434554973822,10,2.400000812485814e-05,25,222,12,8.88,False,4.605170185988092,0.5613397129186602
uf100-430,uf100-0147.cnf,15.814,100,430,True,0.0006376249948516488,382,7733,313,20.2434554973822,30,4.5541994040831923e-05,43,579,31,13.465116279069768,False,4.605170185988092,0.3348410166035625
uf100-430,uf100-0147.cnf,15.814,100,430,True,0.0006376249948516488,382,7733,313,20.2434554973822,100,0.00017429102445021272,116,2362,100,20.362068965517242,False,4.605170185988092,0.00585934887205301
uf100-430,uf100-0147.cnf,15.814,100,430,True,0.0006376249948516488,382,7733,313,20.2434554973822,300,0.0004942500090692192,355,7270,300,20.47887323943662,False,4.605170185988092,0.011629325936219877
uf100-430,uf100-0147.cnf,15.814,100,430,True,0.0006376249948516488,382,7733,313,20.2434554973822,1000,0.0004961660015396774,382,7733,313,20.2434554973822,True,4.605170185988092,0.0
uf100-430,uf100-0148.cnf,21.0511,100,430,True,0.0004144169797655195,287,5166,208,18.0,10,2.2374995751306415e-05,27,206,10,7.62962962962963,False,4.605170185988092,0.5761316872427984
uf100-430,uf100-0148.cnf,21.0511,100,430,True,0.0004144169797655195,287,5166,208,18.0,30,4.612500197254121e-05,47,655,33,13.936170212765957,False,4.605170185988092,0.2257683215130024
uf100-430,uf100-0148.cnf,21.0511,100,430,True,0.0004144169797655195,287,5166,208,18.0,100,0.00014654098777100444,130,2374,101,18.26153846153846,False,4.605170185988092,0.014529914529914478
uf100-430,uf100-0148.cnf,21.0511,100,430,True,0.0004144169797655195,287,5166,208,18.0,300,0.0003583329962566495,287,5166,208,18.0,True,4.605170185988092,0.0
uf100-430,uf100-0148.cnf,21.0511,100,430,True,0.0004144169797655195,287,5166,208,18.0,1000,0.00031145798857323825,287,5166,208,18.0,True,4.605170185988092,0.0
uf100-430,uf100-0149.cnf,15.9891,100,430,True,4.016599268652499e-05,43,371,16,8.627906976744185,10,1.9041006453335285e-05,30,229,12,7.633333333333334,False,4.605170185988092,0.11527403414195855
uf100-430,uf100-0149.cnf,15.9891,100,430,True,4.016599268652499e-05,43,371,16,8.627906976744185,30,2.037500962615013e-05,43,371,16,8.627906976744185,True,4.605170185988092,0.0
uf100-430,uf100-0149.cnf,15.9891,100,430,True,4.016599268652499e-05,43,371,16,8.627906976744185,100,1.8082995666190982e-05,43,371,16,8.627906976744185,True,4.605170185988092,0.0
uf100-430,uf100-0149.cnf,15.9891,100,430,True,4.016599268652499e-05,43,371,16,8.627906976744185,300,1.7499987734481692e-05,43,371,16,8.627906976744185,True,4.605170185988092,0.0
uf100-430,uf100-0149.cnf,15.9891,100,430,True,4.016599268652499e-05,43,371,16,8.627906976744185,1000,1.7292011762037873e-05,43,371,16,8.627906976744185,True,4.605170185988092,0.0
uf100-430,uf100-015.cnf,19.3244,100,430,True,0.0004393330018501729,286,4775,211,16.695804195804197,10,2.4208013201132417e-05,21,178,10,8.476190476190476,False,4.605170185988092,0.492316130640738
uf100-430,uf100-015.cnf,19.3244,100,430,True,0.0004393330018501729,286,4775,211,16.695804195804197,30,5.083298310637474e-05,44,649,30,14.75,False,4.605170185988092,0.1165445026178011
uf100-430,uf100-015.cnf,19.3244,100,430,True,0.0004393330018501729,286,4775,211,16.695804195804197,100,0.00015479201101697981,126,2227,100,17.674603174603174,False,4.605170185988092,0.05862544668827382
uf100-430,uf100-015.cnf,19.3244,100,430,True,0.0004393330018501729,286,4775,211,16.695804195804197,300,0.0003410420031286776,286,4775,211,16.695804195804197,True,4.605170185988092,0.0
uf100-430,uf100-015.cnf,19.3244,100,430,True,0.0004393330018501729,286,4775,211,16.695804195804197,1000,0.0003147500101476908,286,4775,211,16.695804195804197,True,4.605170185988092,0.0
uf100-430,uf100-0150.cnf,18.4444,100,430,True,0.0002954999799840152,199,3371,149,16.939698492462313,10,3.254201146773994e-05,28,214,13,7.642857142857143,False,4.605170185988092,0.548819765224393
uf100-430,uf100-0150.cnf,18.4444,100,430,True,0.0002954999799840152,199,3371,149,16.939698492462313,30,4.9291003961116076e-05,50,664,32,13.28,False,4.605170185988092,0.21604271729457142
uf100-430,uf100-0150.cnf,18.4444,100,430,True,0.0002954999799840152,199,3371,149,16.939698492462313,100,0.0001518330245744437,125,2141,101,17.128,False,4.605170185988092,0.0111159893206763
uf100-430,uf100-0150.cnf,18.4444,100,430,True,0.0002954999799840152,199,3371,149,16.939698492462313,300,0.00021954200929030776,199,3371,149,16.939698492462313,True,4.605170185988092,0.0
uf100-430,uf100-0150.cnf,18.4444,100,430,True,0.0002954999799840152,199,3371,149,16.939698492462313,1000,0.00017470898455940187,199,3371,149,16.939698492462313,True,4.605170185988092,0.0
uf100-430,uf100-0151.cnf,17.2524,100,430,True,0.00020466599380597472,158,2572,102,16.27848101265823,10,2.845900598913431e-05,23,287,11,12.478260869565217,False,4.605170185988092,0.23345053756170137
uf100-430,uf100-0151.cnf,17.2524,100,430,True,0.00020466599380597472,158,2572,102,16.27848101265823,30,4.824998904950917e-05,50,738,32,14.76,False,4.605170185988092,0.0932814930015553
uf100-430,uf100-0151.cnf,17.2524,100,430,True,0.00020466599380597472,158,2572,102,16.27848101265823,100,0.00014104199362918735,132,2462,100,18.651515151515152,False,4.605170185988092,0.14577736933880006
uf100-430,uf100-0151.cnf,17.2524,100,430,True,0.00020466599380597472,158,2572,102,16.27848101265823,300,0.00012983402120880783,158,2572,102,16.27848101265823,True,4.605170185988092,0.0
uf100-430,uf100-0151.cnf,17.2524,100,430,True,0.00020466599380597472,158,2572,102,16.27848101265823,1000,9.845799650065601e-05,158,2572,102,16.27848101265823,True,4.605170185988092,0.0
uf150-645,uf150-01.cnf,23.3591,150,645,True,0.001048916979925707,579,13405,414,23.151986183074268,10,3.199998172931373e-05,26,276,11,10.615384615384615,False,5.0106352940962555,0.5414914067655583
uf150-645,uf150-01.cnf,23.3591,150,645,True,0.001048916979925707,579,13405,414,23.151986183074268,30,6.27499830443412e-05,50,897,34,17.94,False,5.0106352940962555,0.22512047743379338
uf150-645,uf150-01.cnf,23.3591,150,645,True,0.001048916979925707,579,13405,414,23.151986183074268,100,0.0001971669844351709,130,3040,100,23.384615384615383,False,5.0106352940962555,0.010047915530944118
uf150-645,uf150-01.cnf,23.3591,150,645,True,0.001048916979925707,579,13405,414,23.151986183074268,300,0.0006742500117979944,405,9524,301,23.516049382716048,False,5.0106352940962555,0.015724922983408485
uf150-645,uf150-01.cnf,23.3591,150,645,True,0.001048916979925707,579,13405,414,23.151986183074268,1000,0.0009726660209707916,579,13405,414,23.151986183074268,True,5.0106352940962555,0.0
uf150-645,uf150-010.cnf,24.7182,150,645,True,0.0016409580130130053,844,20131,679,23.851895734597157,10,2.995799877680838e-05,30,246,10,8.2,False,5.0106352940962555,0.6562118126272913
uf150-645,uf150-010.cnf,24.7182,150,645,True,0.0016409580130130053,844,20131,679,23.851895734597157,30,6.083300104364753e-05,52,860,33,16.53846153846154,False,5.0106352940962555,0.30661857143403015
uf150-645,uf150-010.cnf,24.7182,150,645,True,0.0016409580130130053,844,20131,679,23.851895734597157,100,0.00017491600010544062,122,2607,100,21.368852459016395,False,5.0106352940962555,0.10410255449754921
uf150-645,uf150-010.cnf,24.7182,150,645,True,0.0016409580130130053,844,20131,679,23.851895734597157,300,0.0006389589980244637,375,8336,303,22.229333333333333,False,5.0106352940962555,0.06802655936946339
uf150-645,uf150-010.cnf,24.7182,150,645,True,0.0016409580130130053,844,20131,679,23.851895734597157,1000,0.0015295000048354268,844,20131,679,23.851895734597157,True,5.0106352940962555,0.0
uf150-645,uf150-0100.cnf,25.898,150,645,True,0.00130766598158516,624,14582,487,23.368589743589745,10,3.62499849870801e-05,27,319,10,11.814814814814815,False,5.0106352940962555,0.4944147274417471
uf150-645,uf150-0100.cnf,25.898,150,645,True,0.00130766598158516,624,14582,487,23.368589743589745,30,6.545797805301845e-05,49,878,31,17.918367346938776,False,5.0106352940962555,0.23322855407421506
uf150-645,uf150-0100.cnf,25.898,150,645,True,0.00130766598158516,624,14582,487,23.368589743589745,100,0.00017504199058748782,127,2531,100,19.929133858267715,False,5.0106352940962555,0.14718286054320026
uf150-645,uf150-0100.cnf,25.898,150,645,True,0.00130766598158516,624,14582,487,23.368589743589745,300,0.0006273750041145831,390,8606,301,22.066666666666666,False,5.0106352940962555,0.05571252228775207
uf150-645,uf150-0100.cnf,25.898,150,645,True,0.00130766598158516,624,14582,487,23.368589743589745,1000,0.0010944170062430203,624,14582,487,23.368589743589745,True,5.0106352940962555,0.0
uf150-645,uf150-011.cnf,24.9064,150,645,True,0.0031321669812314212,1476,36814,1174,24.941734417344172,10,4.3832988012582064e-05,27,455,11,16.85185185185185,False,5.0106352940962555,0.3243512431864689
uf150-645,uf150-011.cnf,24.9064,150,645,True,0.0031321669812314212,1476,36814,1174,24.941734417344172,30,7.81250128056854e-05,51,1220,32,23.92156862745098,False,5.0106352940962555,0.04090195865383687
uf150-645,uf150-011.cnf,24.9064,150,645,True,0.0031321669812314212,1476,36814,1174,24.941734417344172,100,0.00020291600958444178,124,3298,102,26.596774193548388,False,5.0106352940962555,0.06635624245334446
uf150-645,uf150-011.cnf,24.9064,150,645,True,0.0031321669812314212,1476,36814,1174,24.941734417344172,300,0.0007096670160535723,398,9536,301,23.959798994974875,False,5.0106352940962555,0.03936917160365845
uf150-645,uf150-011.cnf,24.9064,150,645,True,0.0031321669812314212,1476,36814,1174,24.941734417344172,1000,0.0025570830039214343,1244,31570,1002,25.377813504823152,False,5.0106352940962555,0.017483911911744837
uf150-645,uf150-012.cnf,24.3324,150,645,True,0.009122749994276091,4018,104107,3291,25.91015430562469,10,4.345897468738258e-05,31,397,11,12.806451612903226,False,5.0106352940962555,0.5057361889148169
uf150-645,uf150-012.cnf,24.3324,150,645,True,0.009122749994276091,4018,104107,3291,25.91015430562469,30,7.945901597850025e-05,49,1169,31,23.857142857142858,False,5.0106352940962555,0.07923578625836883
uf150-645,uf150-012.cnf,24.3324,150,645,True,0.009122749994276091,4018,104107,3291,25.91015430562469,100,0.00021100000594742596,134,3205,101,23.917910447761194,False,5.0106352940962555,0.07689046673994569
uf150-645,uf150-012.cnf,24.3324,150,645,True,0.009122749994276091,4018,104107,3291,25.91015430562469,300,0.0007147910073399544,390,9845,301,25.243589743589745,False,5.0106352940962555,0.025725997389766418
uf150-645,uf150-012.cnf,24.3324,150,645,True,0.009122749994276091,4018,104107,3291,25.91015430562469,1000,0.002746167010627687,1238,31585,1003,25.51292407108239,False,5.0106352940962555,0.015331064024426378
uf150-645,uf150-013.cnf,18.2207,150,645,True,0.0025821249873843044,568,15190,462,26.742957746478872,10,7.829198148101568e-05,29,285,10,9.827586206896552,False,5.0106352940962555,0.6325168554629861
uf150-645,uf150-013.cnf,18.2207,150,645,True,0.0025821249873843044,568,15190,462,26.742957746478872,30,9.00000159163028e-05,53,887,30,16.735849056603772,False,5.0106352940962555,0.37419603264312423
uf150-645,uf150-013.cnf,18.2207,150,645,True,0.0025821249873843044,568,15190,462,26.742957746478872,100,0.00024666698300279677,125,3056,101,24.448,False,5.0106352940962555,0.08581540487162602
uf150-645,uf150-013.cnf,18.2207,150,645,True,0.0025821249873843044,568,15190,462,26.742957746478872,300,0.0008744999940972775,364,9879,300,27.14010989010989,False,5.0106352940962555,0.01485071873485309
uf150-645,uf150-013.cnf,18.2207,150,645,True,0.0025821249873843044,568,15190,462,26.742957746478872,1000,0.0012417499965522438,568,15190,462,26.742957746478872,True,5.0106352940962555,0.0
uf150-645,uf150-014.cnf,24.7842,150,645,True,0.005138583015650511,2271,55649,1835,24.504183179216206,10,4.6208995627239347e-05,29,348,11,12.0,False,5.0106352940962555,0.510287696095168
uf150-645,uf150-014.cnf,24.7842,150,645,True,0.005138583015650511,2271,55649,1835,24.504183179216206,30,0.00011383398668840528,55,871,31,15.836363636363636,False,5.0106352940962555,0.35372815651347167
uf150-645,uf150-014.cnf,24.7842,150,645,True,0.005138583015650511,2271,55649,1835,24.504183179216206,100,0.0002310419804416597,135,2821,100,20.896296296296295,False,5.0106352940962555,0.14723554980522768
uf150-645,uf150-014.cnf,24.7842,150,645,True,0.005138583015650511,2271,55649,1835,24.504183179216206,300,0.0008020840177778155,391,9139,301,23.373401534526856,False,5.0106352940962555,0.046146473702843055
uf150-645,uf150-014.cnf,24.7842,150,645,True,0.005138583015650511,2271,55649,1835,24.504183179216206,1000,0.003604542027460411,1249,30417,1001,24.35308246597278,False,5.0106352940962555,0.006166323200341816
uf150-645,uf150-015.cnf,26.0333,150,645,True,0.010519208008190617,3130,88364,2600,28.231309904153356,10,4.954100586473942e-05,26,382,10,14.692307692307692,False,5.0106352940962555,0.4795739998537518
uf150-645,uf150-015.cnf,26.0333,150,645,True,0.010519208008190617,3130,88364,2600,28.231309904153356,30,8.029199671000242e-05,50,1002,32,20.04,False,5.0106352940962555,0.2901498347743426
uf150-645,uf150-015.cnf,26.0333,150,645,True,0.010519208008190617,3130,88364,2600,28.231309904153356,100,0.0005685409996658564,129,3408,100,26.41860465116279,False,5.0106352940962555,0.06420903809085676
uf150-645,uf150-015.cnf,26.0333,150,645,True,0.010519208008190617,3130,88364,2600,28.231309904153356,300,0.0010976250050589442,392,10409,302,26.553571428571427,False,5.0106352940962555,0.05942829012461452
uf150-645,uf150-015.cnf,26.0333,150,645,True,0.010519208008190617,3130,88364,2600,28.231309904153356,1000,0.0036185829958412796,1218,33433,1000,27.449096880131364,False,5.0106352940962555,0.02770728764189981
uf150-645,uf150-016.cnf,19.1847,150,645,True,0.005285833001835272,2147,55400,1732,25.803446669771773,10,4.341700696386397e-05,27,280,11,10.37037037037037,False,5.0106352940962555,0.5981013504479208
uf150-645,uf150-016.cnf,19.1847,150,645,True,0.005285833001835272,2147,55400,1732,25.803446669771773,30,7.154099876061082e-05,50,768,31,15.36,False,5.0106352940962555,0.4047306859205776
uf150-645,uf150-016.cnf,19.1847,150,645,True,0.005285833001835272,2147,55400,1732,25.803446669771773,100,0.0001965839765034616,132,2694,102,20.40909090909091,False,5.0106352940962555,0.20905562848703635
uf150-645,uf150-016.cnf,19.1847,150,645,True,0.005285833001835272,2147,55400,1732,25.803446669771773,300,0.0007527919951826334,378,9336,301,24.6984126984127,False,5.0106352940962555,0.04282505300555833
uf150-645,uf150-016.cnf,19.1847,150,645,True,0.005285833001835272,2147,55400,1732,25.803446669771773,1000,0.0027126249915454537,1230,31814,1000,25.865040650406502,False,5.0106352940962555,0.0023870447007719063
uf150-645,uf150-017.cnf,19.0357,150,645,True,0.0041745000053197145,1758,46294,1411,26.333333333333332,10,3.833300434052944e-05,30,303,12,10.1,False,5.0106352940962555,0.6164556962025317
uf150-645,uf150-017.cnf,19.0357,150,645,True,0.0041745000053197145,1758,46294,1411,26.333333333333332,30,7.05410202499479e-05,51,920,30,18.03921568627451,False,5.0106352940962555,0.3149664929262844
uf150-645,uf150-017.cnf,19.0357,150,645,True,0.0041745000053197145,1758,46294,1411,26.333333333333332,100,0.0002280409971717745,134,3341,102,24.932835820895523,False,5.0106352940962555,0.05318344983941048
uf150-645,uf150-017.cnf,19.0357,150,645,True,0.0041745000053197145,1758,46294,1411,26.333333333333332,300,0.0006491249951068312,392,9093,301,23.196428571428573,False,5.0106352940962555,0.11912296564195289
uf150-645,uf150-017.cnf,19.0357,150,645,True,0.0041745000053197145,1758,46294,1411,26.333333333333332,1000,0.0024390420003328472,1230,31475,1000,25.589430894308943,False,5.0106352940962555,0.028249459709786914
uf150-645,uf150-018.cnf,26.6673,150,645,True,0.006317416002275422,2799,72411,2255,25.870310825294748,10,3.512500552460551e-05,24,277,10,11.541666666666666,False,5.0106352940962555,0.5538643990553922
uf150-645,uf150-018.cnf,26.6673,150,645,True,0.006317416002275422,2799,72411,2255,25.870310825294748,30,5.8999983593821526e-05,45,840,31,18.666666666666668,False,5.0106352940962555,0.27845216886937063
uf150-645,uf150-018.cnf,26.6673,150,645,True,0.006317416002275422,2799,72411,2255,25.870310825294748,100,0.0001975000195670873,120,3251,100,27.091666666666665,False,5.0106352940962555,0.04721071384181955
uf150-645,uf150-018.cnf,26.6673,150,645,True,0.006317416002275422,2799,72411,2255,25.870310825294748,300,0.0006906669877935201,373,9283,300,24.88739946380697,False,5.0106352940962555,0.037993797914740654
uf150-645,uf150-018.cnf,26.6673,150,645,True,0.006317416002275422,2799,72411,2255,25.870310825294748,1000,0.0028820830048061907,1235,32015,1001,25.923076923076923,False,5.0106352940962555,0.0020396391113547494
uf150-645,uf150-019.cnf,22.312,150,645,True,0.0012635829916689545,666,15209,487,22.836336336336338,10,3.587501123547554e-05,38,307,11,8.078947368421053,False,5.0106352940962555,0.6462240155586547
uf150-645,uf150-019.cnf,22.312,150,645,True,0.0012635829916689545,666,15209,487,22.836336336336338,30,5.8375007938593626e-05,56,873,31,15.589285714285714,False,5.0106352940962555,0.31734734132985176
uf150-645,uf150-019.cnf,22.312,150,645,True,0.0012635829916689545,666,15209,487,22.836336336336338,100,0.00019508402328938246,163,2952,102,18.11042944785276,False,5.0106352940962555,0.20694680700440943
uf150-645,uf150-019.cnf,22.312,150,645,True,0.0012635829916689545,666,15209,487,22.836336336336338,300,0.0006372089846991003,418,8753,300,20.940191387559807,False,5.0106352940962555,0.08303192424782493
uf150-645,uf150-019.cnf,22.312,150,645,True,0.0012635829916689545,666,15209,487,22.836336336336338,1000,0.0011088750034105033,666,15209,487,22.836336336336338,True,5.0106352940962555,0.0
uf150-645,uf150-02.cnf,24.886,150,645,True,0.0018418339896015823,677,17588,511,25.979320531757754,10,3.833300434052944e-05,26,289,11,11.115384615384615,False,5.0106352940962555,0.5721449064921887
uf150-645,uf150-02.cnf,24.886,150,645,True,0.0018418339896015823,677,17588,511,25.979320531757754,30,6.79589866194874e-05,53,1016,31,19.169811320754718,False,5.0106352940962555,0.26211267545195904
uf150-645,uf150-02.cnf,24.886,150,645,True,0.0018418339896015823,677,17588,511,25.979320531757754,100,0.00018175001605413854,133,3007,100,22.60902255639098,False,5.0106352940962555,0.12973002782142976
uf150-645,uf150-02.cnf,24.886,150,645,True,0.0018418339896015823,677,17588,511,25.979320531757754,300,0.0007468750118277967,401,9693,301,24.17206982543641,False,5.0106352940962555,0.0695649720365903
uf150-645,uf150-02.cnf,24.886,150,645,True,0.0018418339896015823,677,17588,511,25.979320531757754,1000,0.0014631249941885471,677,17588,511,25.979320531757754,True,5.0106352940962555,0.0
uf150-645,uf150-020.cnf,23.8826,150,645,True,0.0030182499904185534,1366,35947,1115,26.315519765739385,10,3.504101186990738e-05,32,295,12,9.21875,False,5.0106352940962555,0.6496839096447548
uf150-645,uf150-020.cnf,23.8826,150,645,True,0.0030182499904185534,1366,35947,1115,26.315519765739385,30,0.00015416700625792146,54,762,33,14.11111111111111,False,5.0106352940962555,0.4637722820324985
uf150-645,uf150-020.cnf,23.8826,150,645,True,0.0030182499904185534,1366,35947,1115,26.315519765739385,100,0.0002500000118743628,126,2694,102,21.38095238095238,False,5.0106352940962555,0.18751548244969118
uf150-645,uf150-020.cnf,23.8826,150,645,True,0.0030182499904185534,1366,35947,1115,26.315519765739385,300,0.0007105839904397726,366,9053,300,24.73497267759563,False,5.0106352940962555,0.06006140491290988
uf150-645,uf150-020.cnf,23.8826,150,645,True,0.0030182499904185534,1366,35947,1115,26.315519765739385,1000,0.002566000010119751,1222,31906,1002,26.109656301145662,False,5.0106352940962555,0.007822891830612428
uf150-645,uf150-021.cnf,22.549,150,645,True,0.0013343750033527613,641,15085,490,23.533541341653667,10,2.8874987037852407e-05,24,220,10,9.166666666666666,False,5.0106352940962555,0.6104850292785328
uf150-645,uf150-021.cnf,22.549,150,645,True,0.0013343750033527613,641,15085,490,23.533541341653667,30,5.987501936033368e-05,45,772,31,17.155555555555555,False,5.0106352940962555,0.27101683055279346
uf150-645,uf150-021.cnf,22.549,150,645,True,0.0013343750033527613,641,15085,490,23.533541341653667,100,0.00020362500799819827,123,2832,101,23.024390243902438,False,5.0106352940962555,0.021635124538186112
uf150-645,uf150-021.cnf,22.549,150,645,True,0.0013343750033527613,641,15085,490,23.533541341653667,300,0.000651500013191253,381,9034,300,23.711286089238847,False,5.0106352940962555,0.007552826198349383
uf150-645,uf150-021.cnf,22.549,150,645,True,0.0013343750033527613,641,15085,490,23.533541341653667,1000,0.0011170840007252991,641,15085,490,23.533541341653667,True,5.0106352940962555,0.0
uf150-645,uf150-022.cnf,27.6651,150,645,True,0.002187375008361414,1061,25901,838,24.411875589066916,10,3.875000402331352e-05,32,362,12,11.3125,False,5.0106352940962555,0.5365984904057758
uf150-645,uf150-022.cnf,27.6651,150,645,True,0.002187375008361414,1061,25901,838,24.411875589066916,30,6.220900104381144e-05,54,1028,30,19.037037037037038,False,5.0106352940962555,0.22017310928935954
uf150-645,uf150-022.cnf,27.6651,150,645,True,0.002187375008361414,1061,25901,838,24.411875589066916,100,0.0001812080154195428,131,3189,100,24.34351145038168,False,5.0106352940962555,0.002800445972936795
uf150-645,uf150-022.cnf,27.6651,150,645,True,0.002187375008361414,1061,25901,838,24.411875589066916,300,0.0008012079924810678,383,9183,300,23.97650130548303,False,5.0106352940962555,0.0178345281990079
uf150-645,uf150-022.cnf,27.6651,150,645,True,0.002187375008361414,1061,25901,838,24.411875589066916,1000,0.0020362919894978404,1061,25901,838,24.411875589066916,True,5.0106352940962555,0.0
uf150-645,uf150-023.cnf,24.1668,150,645,True,0.006283000024268404,2754,70992,2265,25.77777777777778,10,4.0624989196658134e-05,25,284,10,11.36,False,5.0106352940962555,0.5593103448275862
uf150-645,uf150-023.cnf,24.1668,150,645,True,0.006283000024268404,2754,70992,2265,25.77777777777778,30,6.662501255050302e-05,54,774,30,14.333333333333334,False,5.0106352940962555,0.4439655172413793
uf150-645,uf150-023.cnf,24.1668,150,645,True,0.006283000024268404,2754,70992,2265,25.77777777777778,100,0.0002055829972960055,132,2984,101,22.606060606060606,False,5.0106352940962555,0.12304075235109722
uf150-645,uf150-023.cnf,24.1668,150,645,True,0.006283000024268404,2754,70992,2265,25.77777777777778,300,0.0006054590048734099,392,8507,301,21.7015306122449,False,5.0106352940962555,0.1581302779732583
uf150-645,uf150-023.cnf,24.1668,150,645,True,0.006283000024268404,2754,70992,2265,25.77777777777778,1000,0.002449124993290752,1205,30362,1001,25.19668049792531,False,5.0106352940962555,0.0225425668908285
uf150-645,uf150-024.cnf,20.6133,150,645,True,0.0006921669992152601,357,8730,280,24.45378151260504,10,4.199999966658652e-05,31,380,10,12.258064516129032,False,5.0106352940962555,0.4987251967631083
uf150-645,uf150-024.cnf,20.6133,150,645,True,0.0006921669992152601,357,8730,280,24.45378151260504,30,6.53750030323863e-05,50,979,30,19.58,False,5.0106352940962555,0.19930584192439865
uf150-645,uf150-024.cnf,20.6133,150,645,True,0.0006921669992152601,357,8730,280,24.45378151260504,100,0.0001863329962361604,134,3023,101,22.559701492537314,False,5.0106352940962555,0.07745550597527814
uf150-645,uf150-024.cnf,20.6133,150,645,True,0.0006921669992152601,357,8730,280,24.45378151260504,300,0.000514708983246237,357,8730,280,24.45378151260504,True,5.0106352940962555,0.0
uf150-645,uf150-024.cnf,20.6133,150,645,True,0.0006921669992152601,357,8730,280,24.45378151260504,1000,0.0005194999976083636,357,8730,280,24.45378151260504,True,5.0106352940962555,0.0
uf150-645,uf150-025.cnf,24.6749,150,645,True,0.0033638750028330833,1574,39082,1263,24.829733163913595,10,3.8875004975125194e-05,40,328,11,8.2,False,5.0106352940962555,0.6697507804104191
uf150-645,uf150-025.cnf,24.6749,150,645,True,0.0033638750028330833,1574,39082,1263,24.829733163913595,30,6.225000834092498e-05,54,903,31,16.72222222222222,False,5.0106352940962555,0.3265242879643371
uf150-645,uf150-025.cnf,24.6749,150,645,True,0.0033638750028330833,1574,39082,1263,24.829733163913595,100,0.00019220900139771402,124,3036,100,24.483870967741936,False,5.0106352940962555,0.013929356142832788
uf150-645,uf150-025.cnf,24.6749,150,645,True,0.0033638750028330833,1574,39082,1263,24.829733163913595,300,0.0006639579951297492,383,9104,300,23.77023498694517,False,5.0106352940962555,0.0426705422073666
uf150-645,uf150-025.cnf,24.6749,150,645,True,0.0033638750028330833,1574,39082,1263,24.829733163913595,1000,0.0023734589922241867,1240,30835,1002,24.866935483870968,False,5.0106352940962555,0.0014982972113224873
uf150-645,uf150-026.cnf,24.1832,150,645,True,0.0004881249915342778,258,6133,196,23.771317829457363,10,3.674998879432678e-05,28,325,10,11.607142857142858,False,5.0106352940962555,0.5117164752742773
uf150-645,uf150-026.cnf,24.1832,150,645,True,0.0004881249915342778,258,6133,196,23.771317829457363,30,6.0999998822808266e-05,52,817,30,15.711538461538462,False,5.0106352940962555,0.3390547981286608
uf150-645,uf150-026.cnf,24.1832,150,645,True,0.0004881249915342778,258,6133,196,23.771317829457363,100,0.00016349999350495636,133,2791,100,20.984962406015036,False,5.0106352940962555,0.11721501699789995
uf150-645,uf150-026.cnf,24.1832,150,645,True,0.0004881249915342778,258,6133,196,23.771317829457363,300,0.00032862499938346446,258,6133,196,23.771317829457363,True,5.0106352940962555,0.0
uf150-645,uf150-026.cnf,24.1832,150,645,True,0.0004881249915342778,258,6133,196,23.771317829457363,1000,0.0003059169976040721,258,6133,196,23.771317829457363,True,5.0106352940962555,0.0
uf150-645,uf150-027.cnf,25.0954,150,645,True,0.0018294999899808317,831,21281,674,25.60890493381468,10,3.820800338871777e-05,29,317,11,10.931034482758621,False,5.0106352940962555,0.5731549431336679
uf150-645,uf150-027.cnf,25.0954,150,645,True,0.0018294999899808317,831,21281,674,25.60890493381468,30,6.637498154304922e-05,54,804,32,14.88888888888889,False,5.0106352940962555,0.41860501542847295
uf150-645,uf150-027.cnf,25.0954,150,645,True,0.0018294999899808317,831,21281,674,25.60890493381468,100,0.00018745800480246544,129,2645,101,20.503875968992247,False,5.0106352940962555,0.19934585168777044
uf150-645,uf150-027.cnf,25.0954,150,645,True,0.0018294999899808317,831,21281,674,25.60890493381468,300,0.0006947499932721257,380,8977,300,23.623684210526317,False,5.0106352940962555,0.07752071900064052
uf150-645,uf150-027.cnf,25.0954,150,645,True,0.0018294999899808317,831,21281,674,25.60890493381468,1000,0.0017350830021314323,831,21281,674,25.60890493381468,True,5.0106352940962555,0.0
uf150-645,uf150-028.cnf,24.7624,150,645,True,0.011560708982869983,4083,107318,3375,26.284104824883663,10,4.924999666400254e-05,34,392,12,11.529411764705882,False,5.0106352940962555,0.5613542161119839
uf150-645,uf150-028.cnf,24.7624,150,645,True,0.011560708982869983,4083,107318,3375,26.284104824883663,30,6.812499486841261e-05,51,923,31,18.098039215686274,False,5.0106352940962555,0.31144547869279093
uf150-645,uf150-028.cnf,24.7624,150,645,True,0.011560708982869983,4083,107318,3375,26.284104824883663,100,0.00019687501480802894,130,2989,101,22.99230769230769,False,5.0106352940962555,0.12523908097716782
uf150-645,uf150-028.cnf,24.7624,150,645,True,0.011560708982869983,4083,107318,3375,26.284104824883663,300,0.0008558749977964908,376,9317,302,24.779255319148938,False,5.0106352940962555,0.05725321504234969
uf150-645,uf150-028.cnf,24.7624,150,645,True,0.011560708982869983,4083,107318,3375,26.284104824883663,1000,0.002601832995424047,1228,31717,1003,25.828175895765472,False,5.0106352940962555,0.01734618440140118
uf150-645,uf150-029.cnf,25.0141,150,645,True,0.006275917025050148,2513,65951,2047,26.24393155590927,10,4.75830165669322e-05,27,440,11,16.296296296296298,False,5.0106352940962555,0.37904516091351764
uf150-645,uf150-029.cnf,25.0141,150,645,True,0.006275917025050148,2513,65951,2047,26.24393155590927,30,6.370802293531597e-05,48,974,30,20.291666666666668,False,5.0106352940962555,0.2268053807624852
uf150-645,uf150-029.cnf,25.0141,150,645,True,0.006275917025050148,2513,65951,2047,26.24393155590927,100,0.00020170898642390966,132,3252,102,24.636363636363637,False,5.0106352940962555,0.06125484347194399
uf150-645,uf150-029.cnf,25.0141,150,645,True,0.006275917025050148,2513,65951,2047,26.24393155590927,300,0.0006932500109542161,376,9942,300,26.44148936170213,False,5.0106352940962555,0.00752775190607348
uf150-645,uf150-029.cnf,25.0141,150,645,True,0.006275917025050148,2513,65951,2047,26.24393155590927,1000,0.0026492910110391676,1248,32556,1000,26.08653846153846,False,5.0106352940962555,0.005997313856557855
uf150-645,uf150-03.cnf,26.8825,150,645,True,0.01609491600538604,6616,181280,5522,27.40024183796856,10,4.654098302125931e-05,22,346,10,15.727272727272727,False,5.0106352940962555,0.42601701035063794
uf150-645,uf150-03.cnf,26.8825,150,645,True,0.01609491600538604,6616,181280,5522,27.40024183796856,30,0.00010483301593922079,53,1067,32,20.132075471698112,False,5.0106352940962555,0.2652592049825976
uf150-645,uf150-03.cnf,26.8825,150,645,True,0.01609491600538604,6616,181280,5522,27.40024183796856,100,0.00027975000557489693,141,3188,101,22.609929078014183,False,5.0106352940962555,0.17482738978297754
uf150-645,uf150-03.cnf,26.8825,150,645,True,0.01609491600538604,6616,181280,5522,27.40024183796856,300,0.001029082981403917,388,9804,301,25.2680412371134,False,5.0106352940962555,0.07781685334983308
uf150-645,uf150-03.cnf,26.8825,150,645,True,0.01609491600538604,6616,181280,5522,27.40024183796856,1000,0.0027807910228148103,1243,31995,1001,25.74014481094127,False,5.0106352940962555,0.060586947985506165
uf150-645,uf150-030.cnf,19.314,150,645,True,0.0034020839957520366,1046,26030,854,24.88527724665392,10,4.383400664664805e-05,30,388,11,12.933333333333334,False,5.0106352940962555,0.4802817262133436
uf150-645,uf150-030.cnf,19.314,150,645,True,0.0034020839957520366,1046,26030,854,24.88527724665392,30,5.6832999689504504e-05,50,838,30,16.76,False,5.0106352940962555,0.326509412216673
uf150-645,uf150-030.cnf,19.314,150,645,True,0.0034020839957520366,1046,26030,854,24.88527724665392,100,0.00019333302043378353,127,3148,100,24.787401574803148,False,5.0106352940962555,0.003933075403607685
uf150-645,uf150-030.cnf,19.314,150,645,True,0.0034020839957520366,1046,26030,854,24.88527724665392,300,0.000713084009476006,369,8898,301,24.11382113821138,False,5.0106352940962555,0.031000502859427424
uf150-645,uf150-030.cnf,19.314,150,645,True,0.0034020839957520366,1046,26030,854,24.88527724665392,1000,0.002444541023578495,1046,26030,854,24.88527724665392,True,5.0106352940962555,0.0
uf150-645,uf150-031.cnf,24.969,150,645,True,0.001918041001772508,787,17771,572,22.58068614993647,10,3.9083999581635e-05,31,311,10,10.03225806451613,False,5.0106352940962555,0.5557150921853472
uf150-645,uf150-031.cnf,24.969,150,645,True,0.001918041001772508,787,17771,572,22.58068614993647,30,0.0001281249860767275,58,1031,33,17.775862068965516,False,5.0106352940962555,0.21278468019380672
uf150-645,uf150-031.cnf,24.969,150,645,True,0.001918041001772508,787,17771,572,22.58068614993647,100,0.0003283749974798411,136,3338,100,24.544117647058822,False,5.0106352940962555,0.08695180846521257
uf150-645,uf150-031.cnf,24.969,150,645,True,0.001918041001772508,787,17771,572,22.58068614993647,300,0.0012601250200532377,420,9389,300,22.354761904761904,False,5.0106352940962555,0.01000519841046548
uf150-645,uf150-031.cnf,24.969,150,645,True,0.001918041001772508,787,17771,572,22.58068614993647,1000,0.002515750005841255,787,17771,572,22.58068614993647,True,5.0106352940962555,0.0
uf150-645,uf150-032.cnf,19.9087,150,645,True,0.0034366670006420463,1186,29135,968,24.56576728499157,10,4.6375003876164556e-05,26,316,12,12.153846153846153,False,5.0106352940962555,0.5052527359374794
uf150-645,uf150-032.cnf,19.9087,150,645,True,0.0034366670006420463,1186,29135,968,24.56576728499157,30,6.945797940716147e-05,46,931,30,20.23913043478261,False,5.0106352940962555,0.17612463718372495
uf150-645,uf150-032.cnf,19.9087,150,645,True,0.0034366670006420463,1186,29135,968,24.56576728499157,100,0.00019762502051889896,130,3013,101,23.176923076923078,False,5.0106352940962555,0.05653575530356034
uf150-645,uf150-032.cnf,19.9087,150,645,True,0.0034366670006420463,1186,29135,968,24.56576728499157,300,0.0010261249844916165,372,9089,300,24.432795698924732,False,5.0106352940962555,0.005412881451013179
uf150-645,uf150-032.cnf,19.9087,150,645,True,0.0034366670006420463,1186,29135,968,24.56576728499157,1000,0.0027245420205872506,1186,29135,968,24.56576728499157,True,5.0106352940962555,0.0
uf150-645,uf150-033.cnf,22.1331,150,645,True,0.0031075829756446183,1462,36058,1153,24.663474692202463,10,6.629200652241707e-05,23,316,10,13.73913043478261,False,5.0106352940962555,0.4429361391188592
uf150-645,uf150-033.cnf,22.1331,150,645,True,0.0031075829756446183,1462,36058,1153,24.663474692202463,30,0.00014537500101141632,44,1014,30,23.045454545454547,False,5.0106352940962555,0.06560390078610721
uf150-645,uf150-033.cnf,22.1331,150,645,True,0.0031075829756446183,1462,36058,1153,24.663474692202463,100,0.0005879999953322113,144,2976,101,20.666666666666668,False,5.0106352940962555,0.16205372825263
uf150-645,uf150-033.cnf,22.1331,150,645,True,0.0031075829756446183,1462,36058,1153,24.663474692202463,300,0.0008102919964585453,403,9348,300,23.196029776674937,False,5.0106352940962555,0.05949870948198023
uf150-645,uf150-033.cnf,22.1331,150,645,True,0.0031075829756446183,1462,36058,1153,24.663474692202463,1000,0.0026963749842252582,1276,31118,1001,24.387147335423197,False,5.0106352940962555,0.011203910244918928
uf150-645,uf150-034.cnf,23.9824,150,645,True,0.0026415419997647405,1189,31446,991,26.44743481917578,10,3.2625015592202544e-05,27,254,10,9.407407407407407,False,5.0106352940962555,0.6442979263687779
uf150-645,uf150-034.cnf,23.9824,150,645,True,0.0026415419997647405,1189,31446,991,26.44743481917578,30,5.658299778588116e-05,48,724,31,15.083333333333334,False,5.0106352940962555,0.4296863406050584
uf150-645,uf150-034.cnf,23.9824,150,645,True,0.0026415419997647405,1189,31446,991,26.44743481917578,100,0.0001972499885596335,126,2871,103,22.785714285714285,False,5.0106352940962555,0.13845276710187995
uf150-645,uf150-034.cnf,23.9824,150,645,True,0.0026415419997647405,1189,31446,991,26.44743481917578,300,0.0006917499995324761,376,9045,301,24.055851063829788,False,5.0106352940962555,0.09042781546480898
uf150-645,uf150-034.cnf,23.9824,150,645,True,0.0026415419997647405,1189,31446,991,26.44743481917578,1000,0.002582582994364202,1189,31446,991,26.44743481917578,True,5.0106352940962555,0.0
uf150-645,uf150-035.cnf,24.4369,150,645,True,0.002043624990619719,952,23461,757,24.64390756302521,10,4.0207989513874054e-05,29,318,11,10.96551724137931,False,5.0106352940962555,0.5550414554455009
uf150-645,uf150-035.cnf,24.4369,150,645,True,0.002043624990619719,952,23461,757,24.64390756302521,30,6.570800906047225e-05,57,849,31,14.894736842105264,False,5.0106352940962555,0.39560165919252327
uf150-645,uf150-035.cnf,24.4369,150,645,True,0.002043624990619719,952,23461,757,24.64390756302521,100,0.0002168749924749136,147,3141,101,21.367346938775512,False,5.0106352940962555,0.13295621304657568
uf150-645,uf150-035.cnf,24.4369,150,645,True,0.002043624990619719,952,23461,757,24.64390756302521,300,0.0008203340112231672,386,9276,300,24.031088082901555,False,5.0106352940962555,0.02486697690114314
uf150-645,uf150-035.cnf,24.4369,150,645,True,0.002043624990619719,952,23461,757,24.64390756302521,1000,0.0019878750026691705,952,23461,757,24.64390756302521,True,5.0106352940962555,0.0
uf150-645,uf150-036.cnf,21.7253,150,645,True,0.00534704199526459,2492,61072,1954,24.507223113964688,10,4.691700451076031e-05,34,418,13,12.294117647058824,False,5.0106352940962555,0.4983471774877098
uf150-645,uf150-036.cnf,21.7253,150,645,True,0.00534704199526459,2492,61072,1954,24.507223113964688,30,7.166599971242249e-05,57,1094,32,19.19298245614035,False,5.0106352940962555,0.21684385183550975
uf150-645,uf150-036.cnf,21.7253,150,645,True,0.00534704199526459,2492,61072,1954,24.507223113964688,100,0.00020974999642930925,137,3203,100,23.37956204379562,False,5.0106352940962555,0.046013416735350386
uf150-645,uf150-036.cnf,21.7253,150,645,True,0.00534704199526459,2492,61072,1954,24.507223113964688,300,0.0008365410030819476,413,9625,300,23.305084745762713,False,5.0106352940962555,0.04905241049186734
uf150-645,uf150-036.cnf,21.7253,150,645,True,0.00534704199526459,2492,61072,1954,24.507223113964688,1000,0.0026986250013578683,1270,31236,1000,24.595275590551182,False,5.0106352940962555,0.003592919368180888
uf150-645,uf150-037.cnf,25.3729,150,645,True,0.0014508329913951457,751,18182,571,24.210386151797604,10,3.53749783243984e-05,25,320,11,12.8,False,5.0106352940962555,0.4713012869871301
uf150-645,uf150-037.cnf,25.3729,150,645,True,0.0014508329913951457,751,18182,571,24.210386151797604,30,6.404201849363744e-05,43,1002,30,23.302325581395348,False,5.0106352940962555,0.03750706678979728
uf150-645,uf150-037.cnf,25.3729,150,645,True,0.0014508329913951457,751,18182,571,24.210386151797604,100,0.000180957984412089,119,2907,100,24.428571428571427,False,5.0106352940962555,0.009012052736615412
uf150-645,uf150-037.cnf,25.3729,150,645,True,0.0014508329913951457,751,18182,571,24.210386151797604,300,0.00065441700280644,382,9085,301,23.782722513089006,False,5.0106352940962555,0.017664469952159114
uf150-645,uf150-037.cnf,25.3729,150,645,True,0.0014508329913951457,751,18182,571,24.210386151797604,1000,0.001655291998758912,751,18182,571,24.210386151797604,True,5.0106352940962555,0.0
uf150-645,uf150-038.cnf,24.7309,150,645,True,0.004098709003301337,1793,44738,1432,24.951477969882877,10,3.1208008294925094e-05,28,257,12,9.178571428571429,False,5.0106352940962555,0.6321431764623234
uf150-645,uf150-038.cnf,24.7309,150,645,True,0.004098709003301337,1793,44738,1432,24.951477969882877,30,5.608299397863448e-05,44,777,30,17.65909090909091,False,5.0106352940962555,0.29226272967052613
uf150-645,uf150-038.cnf,24.7309,150,645,True,0.004098709003301337,1793,44738,1432,24.951477969882877,100,0.0003907499776687473,140,2864,101,20.457142857142856,False,5.0106352940962555,0.18012300185843932
uf150-645,uf150-038.cnf,24.7309,150,645,True,0.004098709003301337,1793,44738,1432,24.951477969882877,300,0.0008230000094044954,400,8861,301,22.1525,False,5.0106352940962555,0.11217684071706376
uf150-645,uf150-038.cnf,24.7309,150,645,True,0.004098709003301337,1793,44738,1432,24.951477969882877,1000,0.002746999991359189,1242,30527,1000,24.57890499194847,False,5.0106352940962555,0.014931900161750458
uf150-645,uf150-039.cnf,22.7428,150,645,True,0.00346550001995638,1471,36768,1174,24.99524133242692,10,5.2749994210898876e-05,34,420,12,12.352941176470589,False,5.0106352940962555,0.5057882813699892
uf150-645,uf150-039.cnf,22.7428,150,645,True,0.00346550001995638,1471,36768,1174,24.99524133242692,30,7.562499376945198e-05,54,972,31,18.0,False,5.0106352940962555,0.2798629242819844
uf150-645,uf150-039.cnf,22.7428,150,645,True,0.00346550001995638,1471,36768,1174,24.99524133242692,100,0.00045545899774879217,139,3159,101,22.72661870503597,False,5.0106352940962555,0.09076218137761335
uf150-645,uf150-039.cnf,22.7428,150,645,True,0.00346550001995638,1471,36768,1174,24.99524133242692,300,0.0007717499975115061,388,9595,300,24.72938144329897,False,5.0106352940962555,0.010636420172628863
uf150-645,uf150-039.cnf,22.7428,150,645,True,0.00346550001995638,1471,36768,1174,24.99524133242692,1000,0.0025649580056779087,1218,30682,1000,25.19047619047619,False,5.0106352940962555,0.0078108810974345496
uf150-645,uf150-04.cnf,25.4294,150,645,True,0.0035210000060033053,1599,40875,1291,25.56285178236398,10,4.470799467526376e-05,28,456,13,16.285714285714285,False,5.0106352940962555,0.3629148099606816
uf150-645,uf150-04.cnf,25.4294,150,645,True,0.0035210000060033053,1599,40875,1291,25.56285178236398,30,5.658302688971162e-05,46,871,30,18.934782608695652,False,5.0106352940962555,0.2592852014359793
uf150-645,uf150-04.cnf,25.4294,150,645,True,0.0035210000060033053,1599,40875,1291,25.56285178236398,100,0.0001919170026667416,129,3002,104,23.271317829457363,False,5.0106352940962555,0.08964312637792483
uf150-645,uf150-04.cnf,25.4294,150,645,True,0.0035210000060033053,1599,40875,1291,25.56285178236398,300,0.0006618750048801303,380,9180,300,24.157894736842106,False,5.0106352940962555,0.054960888459681306
uf150-645,uf150-04.cnf,25.4294,150,645,True,0.0035210000060033053,1599,40875,1291,25.56285178236398,1000,0.0025284169823862612,1219,31538,1002,25.87202625102543,False,5.0106352940962555,0.012094678296994833
uf150-645,uf150-040.cnf,24.9302,150,645,True,0.002601417014375329,1161,31506,960,27.136950904392766,10,4.204202559776604e-05,29,322,11,11.10344827586207,False,5.0106352940962555,0.5908365565836393
uf150-645,uf150-040.cnf,24.9302,150,645,True,0.002601417014375329,1161,31506,960,27.136950904392766,30,7.966699195094407e-05,51,753,30,14.764705882352942,False,5.0106352940962555,0.4559187605722159
uf150-645,uf150-040.cnf,24.9302,150,645,True,0.002601417014375329,1161,31506,960,27.136950904392766,100,0.0002189170045312494,135,2865,102,21.22222222222222,False,5.0106352940962555,0.21795848409826704
uf150-645,uf150-040.cnf,24.9302,150,645,True,0.002601417014375329,1161,31506,960,27.136950904392766,300,0.0006814169755671173,367,9476,300,25.82016348773842,False,5.0106352940962555,0.0485237793034881
uf150-645,uf150-040.cnf,24.9302,150,645,True,0.002601417014375329,1161,31506,960,27.136950904392766,1000,0.002441874996293336,1161,31506,960,27.136950904392766,True,5.0106352940962555,0.0
uf150-645,uf150-041.cnf,23.5701,150,645,True,0.006996291020186618,3097,79646,2462,25.717145624798192,10,4.441698547452688e-05,36,395,11,10.972222222222221,False,5.0106352940962555,0.57334992062097
uf150-645,uf150-041.cnf,23.5701,150,645,True,0.006996291020186618,3097,79646,2462,25.717145624798192,30,7.041700882837176e-05,55,1068,30,19.418181818181818,False,5.0106352940962555,0.24493246251024423
uf150-645,uf150-041.cnf,23.5701,150,645,True,0.006996291020186618,3097,79646,2462,25.717145624798192,100,0.00020108302123844624,134,3183,101,23.753731343283583,False,5.0106352940962555,0.07634650867401684
uf150-645,uf150-041.cnf,23.5701,150,645,True,0.006996291020186618,3097,79646,2462,25.717145624798192,300,0.0007415410073008388,393,9966,302,25.358778625954198,False,5.0106352940962555,0.013934944572481362
uf150-645,uf150-041.cnf,23.5701,150,645,True,0.006996291020186618,3097,79646,2462,25.717145624798192,1000,0.002741834003245458,1285,32155,1001,25.023346303501945,False,5.0106352940962555,0.02697808424848048
uf150-645,uf150-042.cnf,24.5838,150,645,True,0.009043124999152496,4056,107203,3350,26.430719921104536,10,4.66250057797879e-05,33,453,12,13.727272727272727,False,5.0106352940962555,0.480631902261894
uf150-645,uf150-042.cnf,24.5838,150,645,True,0.009043124999152496,4056,107203,3350,26.430719921104536,30,6.299998494796455e-05,51,1035,31,20.294117647058822,False,5.0106352940962555,0.232176887060338
uf150-645,uf150-042.cnf,24.5838,150,645,True,0.009043124999152496,4056,107203,3350,26.430719921104536,100,0.00022074999287724495,124,3423,102,27.60483870967742,False,5.0106352940962555,0.04442250502739303
uf150-645,uf150-042.cnf,24.5838,150,645,True,0.009043124999152496,4056,107203,3350,26.430719921104536,300,0.0007082090014591813,387,9871,301,25.506459948320412,False,5.0106352940962555,0.03496915617671529
uf150-645,uf150-042.cnf,24.5838,150,645,True,0.009043124999152496,4056,107203,3350,26.430719921104536,1000,0.0027330410084687173,1229,32277,1001,26.262815296989423,False,5.0106352940962555,0.006352631506682649
uf150-645,uf150-043.cnf,25.2226,150,645,True,0.009219083993230015,4046,109286,3379,27.010874938210577,10,4.449998959898949e-05,23,346,10,15.043478260869565,False,5.0106352940962555,0.4430584608872293
uf150-645,uf150-043.cnf,25.2226,150,645,True,0.009219083993230015,4046,109286,3379,27.010874938210577,30,6.762502016499639e-05,43,985,31,22.906976744186046,False,5.0106352940962555,0.15193503370077827
uf150-645,uf150-043.cnf,25.2226,150,645,True,0.009219083993230015,4046,109286,3379,27.010874938210577,100,0.00020979199325665832,128,3001,100,23.4453125,False,5.0106352940962555,0.13200469982431415
uf150-645,uf150-043.cnf,25.2226,150,645,True,0.009219083993230015,4046,109286,3379,27.010874938210577,300,0.0006873750244267285,390,9305,300,23.858974358974358,False,5.0106352940962555,0.11669005859478565
uf150-645,uf150-043.cnf,25.2226,150,645,True,0.009219083993230015,4046,109286,3379,27.010874938210577,1000,0.0025429170054849237,1221,31819,1000,26.05978705978706,False,5.0106352940962555,0.03521129473218486
uf150-645,uf150-044.cnf,24.5244,150,645,True,0.00493733401526697,2164,55728,1764,25.752310536044362,10,3.949998063035309e-05,26,316,11,12.153846153846153,False,5.0106352940962555,0.5280483226219661
uf150-645,uf150-044.cnf,24.5244,150,645,True,0.00493733401526697,2164,55728,1764,25.752310536044362,30,5.679097375832498e-05,51,781,31,15.313725490196079,False,5.0106352940962555,0.4053455720502384
uf150-645,uf150-044.cnf,24.5244,150,645,True,0.00493733401526697,2164,55728,1764,25.752310536044362,100,0.00019012499251402915,126,2883,100,22.88095238095238,False,5.0106352940962555,0.1114990498065434
uf150-645,uf150-044.cnf,24.5244,150,645,True,0.00493733401526697,2164,55728,1764,25.752310536044362,300,0.0006507090001832694,382,9308,302,24.36649214659686,False,5.0106352940962555,0.053813361232493515
uf150-645,uf150-044.cnf,24.5244,150,645,True,0.00493733401526697,2164,55728,1764,25.752310536044362,1000,0.002548166987253353,1222,31441,1000,25.7291325695581,False,5.0106352940962555,0.0009000344436597629
uf150-645,uf150-045.cnf,26.6604,150,645,True,0.0002930409973487258,196,4028,128,20.551020408163264,10,3.0499999411404133e-05,34,326,10,9.588235294117647,False,5.0106352940962555,0.5334423739704421
uf150-645,uf150-045.cnf,26.6604,150,645,True,0.0002930409973487258,196,4028,128,20.551020408163264,30,5.408399738371372e-05,58,997,30,17.189655172413794,False,5.0106352940962555,0.1635619628120398
uf150-645,uf150-045.cnf,26.6604,150,645,True,0.0002930409973487258,196,4028,128,20.551020408163264,100,0.0001521660014986992,128,3072,100,24.0,False,5.0106352940962555,0.1678252234359484
uf150-645,uf150-045.cnf,26.6604,150,645,True,0.0002930409973487258,196,4028,128,20.551020408163264,300,0.00018716699560172856,196,4028,128,20.551020408163264,True,5.0106352940962555,0.0
uf150-645,uf150-045.cnf,26.6604,150,645,True,0.0002930409973487258,196,4028,128,20.551020408163264,1000,0.00016762499581091106,196,4028,128,20.551020408163264,True,5.0106352940962555,0.0
uf150-645,uf150-046.cnf,23.5319,150,645,True,0.01014808300533332,4624,117484,3811,25.407439446366784,10,4.012498538941145e-05,28,349,10,12.464285714285714,False,5.0106352940962555,0.5094237756387496
uf150-645,uf150-046.cnf,23.5319,150,645,True,0.01014808300533332,4624,117484,3811,25.407439446366784,30,7.287500193342566e-05,48,1026,30,21.375,False,5.0106352940962555,0.15871097340914514
uf150-645,uf150-046.cnf,23.5319,150,645,True,0.01014808300533332,4624,117484,3811,25.407439446366784,100,0.00021675002062693238,134,3213,100,23.97761194029851,False,5.0106352940962555,0.05627593874961444
uf150-645,uf150-046.cnf,23.5319,150,645,True,0.01014808300533332,4624,117484,3811,25.407439446366784,300,0.0006929590017534792,379,8876,302,23.41952506596306,False,5.0106352940962555,0.07824142942857591
uf150-645,uf150-046.cnf,23.5319,150,645,True,0.01014808300533332,4624,117484,3811,25.407439446366784,1000,0.002625624998472631,1237,30543,1001,24.6911883589329,False,5.0106352940962555,0.02819060491891892
uf150-645,uf150-047.cnf,16.3441,150,645,True,0.00019208301091566682,121,2198,72,18.165289256198346,10,3.516700235195458e-05,28,293,12,10.464285714285714,False,5.0106352940962555,0.4239405953464188
uf150-645,uf150-047.cnf,16.3441,150,645,True,0.00019208301091566682,121,2198,72,18.165289256198346,30,4.804099444299936e-05,50,798,30,15.96,False,5.0106352940962555,0.1214012738853502
uf150-645,uf150-047.cnf,16.3441,150,645,True,0.00019208301091566682,121,2198,72,18.165289256198346,100,0.00010987499263137579,121,2198,72,18.165289256198346,True,5.0106352940962555,0.0
uf150-645,uf150-047.cnf,16.3441,150,645,True,0.00019208301091566682,121,2198,72,18.165289256198346,300,7.966699195094407e-05,121,2198,72,18.165289256198346,True,5.0106352940962555,0.0
uf150-645,uf150-047.cnf,16.3441,150,645,True,0.00019208301091566682,121,2198,72,18.165289256198346,1000,6.474999827332795e-05,121,2198,72,18.165289256198346,True,5.0106352940962555,0.0
uf150-645,uf150-048.cnf,22.875,150,645,True,0.0005739170010201633,309,7718,201,24.977346278317153,10,3.575001028366387e-05,33,421,11,12.757575757575758,False,5.0106352940962555,0.48923413979127894
uf150-645,uf150-048.cnf,22.875,150,645,True,0.0005739170010201633,309,7718,201,24.977346278317153,30,6.437499541789293e-05,50,1149,30,22.98,False,5.0106352940962555,0.07996631251619593
uf150-645,uf150-048.cnf,22.875,150,645,True,0.0005739170010201633,309,7718,201,24.977346278317153,100,0.00020387498079799116,122,3758,100,30.80327868852459,False,5.0106352940962555,0.23324865441229561
uf150-645,uf150-048.cnf,22.875,150,645,True,0.0005739170010201633,309,7718,201,24.977346278317153,300,0.00044791700202040374,309,7718,201,24.977346278317153,True,5.0106352940962555,0.0
uf150-645,uf150-048.cnf,22.875,150,645,True,0.0005739170010201633,309,7718,201,24.977346278317153,1000,0.0005612079985439777,309,7718,201,24.977346278317153,True,5.0106352940962555,0.0
uf150-645,uf150-049.cnf,26.1726,150,645,True,0.00592220900580287,2615,64481,2076,24.658126195028682,10,5.716600571759045e-05,29,458,12,15.793103448275861,False,5.0106352940962555,0.35951729164806107
uf150-645,uf150-049.cnf,26.1726,150,645,True,0.00592220900580287,2615,64481,2076,24.658126195028682,30,7.016601739451289e-05,49,952,31,19.428571428571427,False,5.0106352940962555,0.21208240744228102
uf150-645,uf150-049.cnf,26.1726,150,645,True,0.00592220900580287,2615,64481,2076,24.658126195028682,100,0.0002020419924519956,129,3042,101,23.58139534883721,False,5.0106352940962555,0.04366636936137317
uf150-645,uf150-049.cnf,26.1726,150,645,True,0.00592220900580287,2615,64481,2076,24.658126195028682,300,0.0007207910239230841,396,9287,302,23.4520202020202,False,5.0106352940962555,0.048913124357829116
uf150-645,uf150-049.cnf,26.1726,150,645,True,0.00592220900580287,2615,64481,2076,24.658126195028682,1000,0.002604083012556657,1260,30941,1001,24.556349206349207,False,5.0106352940962555,0.004127523230049593
uf150-645,uf150-05.cnf,26.0094,150,645,True,0.0008127909968607128,428,9959,317,23.268691588785046,10,4.2041996493935585e-05,27,401,12,14.851851851851851,False,5.0106352940962555,0.36172380835499623
uf150-645,uf150-05.cnf,26.0094,150,645,True,0.0008127909968607128,428,9959,317,23.268691588785046,30,6.491699605248868e-05,47,948,32,20.170212765957448,False,5.0106352940962555,0.13316085311479184
uf150-645,uf150-05.cnf,26.0094,150,645,True,0.0008127909968607128,428,9959,317,23.268691588785046,100,0.00018508400535210967,125,2869,101,22.952,False,5.0106352940962555,0.013610201827492617
uf150-645,uf150-05.cnf,26.0094,150,645,True,0.0008127909968607128,428,9959,317,23.268691588785046,300,0.0007003750069998205,396,9369,301,23.65909090909091,False,5.0106352940962555,0.016777880217984716
uf150-645,uf150-05.cnf,26.0094,150,645,True,0.0008127909968607128,428,9959,317,23.268691588785046,1000,0.000792290986282751,428,9959,317,23.268691588785046,True,5.0106352940962555,0.0
uf150-645,uf150-050.cnf,22.148,150,645,True,0.009006292006233707,4008,109934,3312,27.42864271457086,10,3.754100180231035e-05,27,280,11,10.37037037037037,False,5.0106352940962555,0.6219145628791416
uf150-645,uf150-050.cnf,22.148,150,645,True,0.009006292006233707,4008,109934,3312,27.42864271457086,30,6.645798566751182e-05,49,880,30,17.959183673469386,False,5.0106352940962555,0.3452397969393882
uf150-645,uf150-050.cnf,22.148,150,645,True,0.009006292006233707,4008,109934,3312,27.42864271457086,100,0.00021170801483094692,135,3133,102,23.20740740740741,False,5.0106352940962555,0.1538988039288219
uf150-645,uf150-050.cnf,22.148,150,645,True,0.009006292006233707,4008,109934,3312,27.42864271457086,300,0.0006832499930169433,383,9296,301,24.27154046997389,False,5.0106352940962555,0.11510238685342712
uf150-645,uf150-050.cnf,22.148,150,645,True,0.009006292006233707,4008,109934,3312,27.42864271457086,1000,0.0026469580188859254,1232,32783,1002,26.60957792207792,False,5.0106352940962555,0.029861659616785483
uf150-645,uf150-051.cnf,25.2462,150,645,True,0.004662374994950369,1996,53481,1623,26.794088176352705,10,4.604100831784308e-05,23,301,10,13.08695652173913,False,5.0106352940962555,0.511572984473153
uf150-645,uf150-051.cnf,25.2462,150,645,True,0.004662374994950369,1996,53481,1623,26.794088176352705,30,9.087499347515404e-05,49,1182,32,24.122448979591837,False,5.0106352940962555,0.09971002480758948
uf150-645,uf150-051.cnf,25.2462,150,645,True,0.004662374994950369,1996,53481,1623,26.794088176352705,100,0.0002369590220041573,123,3744,102,30.4390243902439,False,5.0106352940962555,0.13603509064764732
uf150-645,uf150-051.cnf,25.2462,150,645,True,0.004662374994950369,1996,53481,1623,26.794088176352705,300,0.0007334589899983257,378,9888,301,26.158730158730158,False,5.0106352940962555,0.023712619494298984
uf150-645,uf150-051.cnf,25.2462,150,645,True,0.004662374994950369,1996,53481,1623,26.794088176352705,1000,0.0024950829974841326,1227,33307,1002,27.145069274653626,False,5.0106352940962555,0.013099199196137636
uf150-645,uf150-052.cnf,26.2714,150,645,True,0.002580458007287234,1263,31418,1011,24.8756927949327,10,3.6416982766240835e-05,30,304,10,10.133333333333333,False,5.0106352940962555,0.5926411611178306
uf150-645,uf150-052.cnf,26.2714,150,645,True,0.002580458007287234,1263,31418,1011,24.8756927949327,30,6.600000779144466e-05,55,918,31,16.69090909090909,False,5.0106352940962555,0.3290273670565223
uf150-645,uf150-052.cnf,26.2714,150,645,True,0.002580458007287234,1263,31418,1011,24.8756927949327,100,0.00020375000895000994,139,2994,101,21.53956834532374,False,5.0106352940962555,0.13411182060780813
uf150-645,uf150-052.cnf,26.2714,150,645,True,0.002580458007287234,1263,31418,1011,24.8756927949327,300,0.0006352909840643406,400,9284,302,23.21,False,5.0106352940962555,0.06696065949455723
uf150-645,uf150-052.cnf,26.2714,150,645,True,0.002580458007287234,1263,31418,1011,24.8756927949327,1000,0.0024407080200035125,1225,30927,1000,25.246530612244896,False,5.0106352940962555,0.01490763776387116
uf150-645,uf150-053.cnf,25.3756,150,645,True,0.0033356249914504588,1558,38007,1204,24.394736842105264,10,4.533299943432212e-05,30,348,11,11.6,False,5.0106352940962555,0.5244875943905071
uf150-645,uf150-053.cnf,25.3756,150,645,True,0.0033356249914504588,1558,38007,1204,24.394736842105264,30,6.770799518562853e-05,53,937,30,17.67924528301887,False,5.0106352940962555,0.27528444363029453
uf150-645,uf150-053.cnf,25.3756,150,645,True,0.0033356249914504588,1558,38007,1204,24.394736842105264,100,0.000206666998565197,132,3164,103,23.96969696969697,False,5.0106352940962555,0.01742342519041554
uf150-645,uf150-053.cnf,25.3756,150,645,True,0.0033356249914504588,1558,38007,1204,24.394736842105264,300,0.0006184999947436154,403,9039,300,22.429280397022332,False,5.0106352940962555,0.08056887261397132
uf150-645,uf150-053.cnf,25.3756,150,645,True,0.0033356249914504588,1558,38007,1204,24.394736842105264,1000,0.002417665993561968,1276,31375,1001,24.588557993730408,False,5.0106352940962555,0.007945203626489192
uf150-645,uf150-054.cnf,24.0611,150,645,True,0.0007464580121450126,406,9175,301,22.598522167487683,10,3.56250093318522e-05,26,303,10,11.653846153846153,False,5.0106352940962555,0.48430936910500944
uf150-645,uf150-054.cnf,24.0611,150,645,True,0.0007464580121450126,406,9175,301,22.598522167487683,30,6.058401777409017e-05,46,793,30,17.23913043478261,False,5.0106352940962555,0.23715673498400655
uf150-645,uf150-054.cnf,24.0611,150,645,True,0.0007464580121450126,406,9175,301,22.598522167487683,100,0.0001958330103661865,136,3010,101,22.13235294117647,False,5.0106352940962555,0.02062830581824002
uf150-645,uf150-054.cnf,24.0611,150,645,True,0.0007464580121450126,406,9175,301,22.598522167487683,300,0.0006657920021098107,382,9031,301,23.641361256544503,False,5.0106352940962555,0.046146340071615125
uf150-645,uf150-054.cnf,24.0611,150,645,True,0.0007464580121450126,406,9175,301,22.598522167487683,1000,0.0006488749932032079,406,9175,301,22.598522167487683,True,5.0106352940962555,0.0
uf150-645,uf150-055.cnf,22.6989,150,645,True,0.0061989169917069376,2840,72343,2302,25.472887323943663,10,3.933301195502281e-05,25,335,11,13.4,False,5.0106352940962555,0.47395048587976724
uf150-645,uf150-055.cnf,22.6989,150,645,True,0.0061989169917069376,2840,72343,2302,25.472887323943663,30,6.937500438652933e-05,44,952,30,21.636363636363637,False,5.0106352940962555,0.1506120464001669
uf150-645,uf150-055.cnf,22.6989,150,645,True,0.0061989169917069376,2840,72343,2302,25.472887323943663,100,0.00023095798678696156,130,3107,101,23.9,False,5.0106352940962555,0.06174750839749536
uf150-645,uf150-055.cnf,22.6989,150,645,True,0.0061989169917069376,2840,72343,2302,25.472887323943663,300,0.0007304160099010915,376,8887,302,23.63563829787234,False,5.0106352940962555,0.07212566846885747
uf150-645,uf150-055.cnf,22.6989,150,645,True,0.0061989169917069376,2840,72343,2302,25.472887323943663,1000,0.0025766660110093653,1252,31265,1001,24.972044728434504,False,5.0106352940962555,0.01966179134464995
uf150-645,uf150-056.cnf,24.2286,150,645,True,0.001989707991015166,917,23335,733,25.44711014176663,10,3.745799767784774e-05,33,313,11,9.484848484848484,False,5.0106352940962555,0.6272720779684567
uf150-645,uf150-056.cnf,24.2286,150,645,True,0.001989707991015166,917,23335,733,25.44711014176663,30,7.062498480081558e-05,58,998,30,17.20689655172414,False,5.0106352940962555,0.32381726428407814
uf150-645,uf150-056.cnf,24.2286,150,645,True,0.001989707991015166,917,23335,733,25.44711014176663,100,0.00021129200467839837,133,3095,100,23.270676691729324,False,5.0106352940962555,0.0855277254632187
uf150-645,uf150-056.cnf,24.2286,150,645,True,0.001989707991015166,917,23335,733,25.44711014176663,300,0.0006995420262683183,387,9924,301,25.643410852713178,False,5.0106352940962555,0.007714066935418261
uf150-645,uf150-056.cnf,24.2286,150,645,True,0.001989707991015166,917,23335,733,25.44711014176663,1000,0.001923458999954164,917,23335,733,25.44711014176663,True,5.0106352940962555,0.0
uf150-645,uf150-057.cnf,25.1303,150,645,True,0.0018594169814605266,888,23298,693,26.236486486486488,10,3.6124984035268426e-05,29,289,10,9.96551724137931,False,5.0106352940962555,0.6201657090589395
uf150-645,uf150-057.cnf,25.1303,150,645,True,0.0018594169814605266,888,23298,693,26.236486486486488,30,6.61670055706054e-05,52,847,31,16.28846153846154,False,5.0106352940962555,0.3791675746349967
uf150-645,uf150-057.cnf,25.1303,150,645,True,0.0018594169814605266,888,23298,693,26.236486486486488,100,0.00017820799257606268,133,2670,101,20.075187969924812,False,5.0106352940962555,0.23483702818725932
uf150-645,uf150-057.cnf,25.1303,150,645,True,0.0018594169814605266,888,23298,693,26.236486486486488,300,0.0006892920064274222,373,9611,300,25.766756032171582,False,5.0106352940962555,0.01790371033700903
uf150-645,uf150-057.cnf,25.1303,150,645,True,0.0018594169814605266,888,23298,693,26.236486486486488,1000,0.001744209002936259,888,23298,693,26.236486486486488,True,5.0106352940962555,0.0
uf150-645,uf150-058.cnf,24.8329,150,645,True,0.0010956249898299575,526,13430,401,25.53231939163498,10,5.0916976761072874e-05,32,475,15,14.84375,False,5.0106352940962555,0.41862900223380495
uf150-645,uf150-058.cnf,24.8329,150,645,True,0.0010956249898299575,526,13430,401,25.53231939163498,30,5.8666017139330506e-05,46,858,30,18.652173913043477,False,5.0106352940962555,0.2694680954385057
uf150-645,uf150-058.cnf,24.8329,150,645,True,0.0010956249898299575,526,13430,401,25.53231939163498,100,0.00019629098824225366,128,3052,100,23.84375,False,5.0106352940962555,0.06613458674609086
uf150-645,uf150-058.cnf,24.8329,150,645,True,0.0010956249898299575,526,13430,401,25.53231939163498,300,0.0006404579908121377,379,9360,301,24.696569920844325,False,5.0106352940962555,0.03273300235561319
uf150-645,uf150-058.cnf,24.8329,150,645,True,0.0010956249898299575,526,13430,401,25.53231939163498,1000,0.0009257500059902668,526,13430,401,25.53231939163498,True,5.0106352940962555,0.0
uf150-645,uf150-059.cnf,25.6704,150,645,True,0.0074465840007178485,3209,84123,2643,26.214708631972577,10,4.06669860240072e-05,31,342,10,11.03225806451613,False,5.0106352940962555,0.5791577080105054
uf150-645,uf150-059.cnf,25.6704,150,645,True,0.0074465840007178485,3209,84123,2643,26.214708631972577,30,7.391697727143764e-05,50,1011,30,20.22,False,5.0106352940962555,0.22867729396241224
uf150-645,uf150-059.cnf,25.6704,150,645,True,0.0074465840007178485,3209,84123,2643,26.214708631972577,100,0.00022545797401107848,124,3514,101,28.338709677419356,False,5.0106352940962555,0.08102325588529549
uf150-645,uf150-059.cnf,25.6704,150,645,True,0.0074465840007178485,3209,84123,2643,26.214708631972577,300,0.0006810830091126263,378,9168,303,24.253968253968253,False,5.0106352940962555,0.07479542899107113
uf150-645,uf150-059.cnf,25.6704,150,645,True,0.0074465840007178485,3209,84123,2643,26.214708631972577,1000,0.002453624998452142,1224,30402,1000,24.83823529411765,False,5.0106352940962555,0.052507672588667384
uf150-645,uf150-06.cnf,22.2584,150,645,True,0.000995083013549447,506,12285,367,24.278656126482215,10,3.7707999581471086e-05,27,343,11,12.703703703703704,False,5.0106352940962555,0.4767542471246175
uf150-645,uf150-06.cnf,22.2584,150,645,True,0.000995083013549447,506,12285,367,24.278656126482215,30,6.36249897070229e-05,47,970,30,20.638297872340427,False,5.0106352940962555,0.14994068185557546
uf150-645,uf150-06.cnf,22.2584,150,645,True,0.000995083013549447,506,12285,367,24.278656126482215,100,0.0001989169977605343,137,3396,101,24.78832116788321,False,5.0106352940962555,0.020992308583549384
uf150-645,uf150-06.cnf,22.2584,150,645,True,0.000995083013549447,506,12285,367,24.278656126482215,300,0.0006717089854646474,402,10048,302,24.99502487562189,False,5.0106352940962555,0.02950611209317671
uf150-645,uf150-06.cnf,22.2584,150,645,True,0.000995083013549447,506,12285,367,24.278656126482215,1000,0.0011462499969638884,506,12285,367,24.278656126482215,True,5.0106352940962555,0.0
uf150-645,uf150-060.cnf,21.5075,150,645,True,0.0010470000270288438,475,12257,378,25.80421052631579,10,4.054201417602599e-05,30,372,13,12.4,False,5.0106352940962555,0.5194582687443909
uf150-645,uf150-060.cnf,21.5075,150,645,True,0.0010470000270288438,475,12257,378,25.80421052631579,30,6.0999998822808266e-05,47,1019,30,21.680851063829788,False,5.0106352940962555,0.15979405602356614
uf150-645,uf150-060.cnf,21.5075,150,645,True,0.0010470000270288438,475,12257,378,25.80421052631579,100,0.00018400000408291817,123,3213,100,26.121951219512194,False,5.0106352940962555,0.012313521193464365
uf150-645,uf150-060.cnf,21.5075,150,645,True,0.0010470000270288438,475,12257,378,25.80421052631579,300,0.0006687919958494604,370,9644,301,26.064864864864866,False,5.0106352940962555,0.010101232831101556
uf150-645,uf150-060.cnf,21.5075,150,645,True,0.0010470000270288438,475,12257,378,25.80421052631579,1000,0.0008380830113310367,475,12257,378,25.80421052631579,True,5.0106352940962555,0.0
uf150-645,uf150-061.cnf,25.2553,150,645,True,0.0011927499726880342,606,15496,477,25.57095709570957,10,3.933400148525834e-05,24,332,10,13.833333333333334,False,5.0106352940962555,0.45902168301497154
uf150-645,uf150-061.cnf,25.2553,150,645,True,0.0011927499726880342,606,15496,477,25.57095709570957,30,6.370898336172104e-05,44,888,31,20.181818181818183,False,5.0106352940962555,0.21075233491340864
uf150-645,uf150-061.cnf,25.2553,150,645,True,0.0011927499726880342,606,15496,477,25.57095709570957,100,0.00020549999317154288,129,3144,100,24.372093023255815,False,5.0106352940962555,0.046883816979025286
uf150-645,uf150-061.cnf,25.2553,150,645,True,0.0011927499726880342,606,15496,477,25.57095709570957,300,0.0006299999949987978,361,9330,300,25.844875346260388,False,5.0106352940962555,0.010712084398154067
uf150-645,uf150-061.cnf,25.2553,150,645,True,0.0011927499726880342,606,15496,477,25.57095709570957,1000,0.0011460410023573786,606,15496,477,25.57095709570957,True,5.0106352940962555,0.0
uf150-645,uf150-062.cnf,25.3111,150,645,True,0.008584583003539592,3447,86753,2827,25.167682042355672,10,4.24169993493706e-05,24,280,10,11.666666666666666,False,5.0106352940962555,0.5364425437737024
uf150-645,uf150-062.cnf,25.3111,150,645,True,0.008584583003539592,3447,86753,2827,25.167682042355672,30,0.00016304198652505875,48,971,32,20.229166666666668,False,5.0106352940962555,0.19622448215047314
uf150-645,uf150-062.cnf,25.3111,150,645,True,0.008584583003539592,3447,86753,2827,25.167682042355672,100,0.00024229197879321873,127,2794,101,22.0,False,5.0106352940962555,0.1258630825446959
uf150-645,uf150-062.cnf,25.3111,150,645,True,0.008584583003539592,3447,86753,2827,25.167682042355672,300,0.0008771250140853226,386,8946,300,23.17616580310881,False,5.0106352940962555,0.0791299030198833
uf150-645,uf150-062.cnf,25.3111,150,645,True,0.008584583003539592,3447,86753,2827,25.167682042355672,1000,0.0025581250083632767,1280,30050,1000,23.4765625,False,5.0106352940962555,0.06719409199105508
uf20-91,uf20-01.cnf,5.8,20,91,True,1.09999964479357e-05,12,63,7,5.25,10,6.832997314631939e-06,12,63,7,5.25,True,2.995732273553991,0.0
uf20-91,uf20-01.cnf,5.8,20,91,True,1.09999964479357e-05,12,63,7,5.25,30,4.875008016824722e-06,12,63,7,5.25,True,2.995732273553991,0.0
uf20-91,uf20-01.cnf,5.8,20,91,True,1.09999964479357e-05,12,63,7,5.25,100,4.3330073822289705e-06,12,63,7,5.25,True,2.995732273553991,0.0
uf20-91,uf20-01.cnf,5.8,20,91,True,1.09999964479357e-05,12,63,7,5.25,300,4.1669991333037615e-06,12,63,7,5.25,True,2.995732273553991,0.0
uf20-91,uf20-01.cnf,5.8,20,91,True,1.09999964479357e-05,12,63,7,5.25,1000,4.208006430417299e-06,12,63,7,5.25,True,2.995732273553991,0.0
uf20-91,uf20-010.cnf,3.6429,20,91,True,9.042007150128484e-06,15,62,7,4.133333333333334,10,5.0000089686363935e-06,15,62,7,4.133333333333334,True,2.995732273553991,0.0
uf20-91,uf20-010.cnf,3.6429,20,91,True,9.042007150128484e-06,15,62,7,4.133333333333334,30,3.958994057029486e-06,15,62,7,4.133333333333334,True,2.995732273553991,0.0
uf20-91,uf20-010.cnf,3.6429,20,91,True,9.042007150128484e-06,15,62,7,4.133333333333334,100,4.04199818149209e-06,15,62,7,4.133333333333334,True,2.995732273553991,0.0
uf20-91,uf20-010.cnf,3.6429,20,91,True,9.042007150128484e-06,15,62,7,4.133333333333334,300,3.958004526793957e-06,15,62,7,4.133333333333334,True,2.995732273553991,0.0
uf20-91,uf20-010.cnf,3.6429,20,91,True,9.042007150128484e-06,15,62,7,4.133333333333334,1000,3.958004526793957e-06,15,62,7,4.133333333333334,True,2.995732273553991,0.0
uf20-91,uf20-0100.cnf,4.4444,20,91,True,8.292001439258456e-06,11,53,5,4.818181818181818,10,4.665984306484461e-06,11,53,5,4.818181818181818,True,2.995732273553991,0.0
uf20-91,uf20-0100.cnf,4.4444,20,91,True,8.292001439258456e-06,11,53,5,4.818181818181818,30,4.083995008841157e-06,11,53,5,4.818181818181818,True,2.995732273553991,0.0
uf20-91,uf20-0100.cnf,4.4444,20,91,True,8.292001439258456e-06,11,53,5,4.818181818181818,100,4.1669991333037615e-06,11,53,5,4.818181818181818,True,2.995732273553991,0.0
uf20-91,uf20-0100.cnf,4.4444,20,91,True,8.292001439258456e-06,11,53,5,4.818181818181818,300,4.125002305954695e-06,11,53,5,4.818181818181818,True,2.995732273553991,0.0
uf20-91,uf20-0100.cnf,4.4444,20,91,True,8.292001439258456e-06,11,53,5,4.818181818181818,1000,4.083995008841157e-06,11,53,5,4.818181818181818,True,2.995732273553991,0.0
uf20-91,uf20-01000.cnf,4.0,20,91,True,1.2834003427997231e-05,10,56,7,5.6,10,6.62502134218812e-06,10,56,7,5.6,True,2.995732273553991,0.0
uf20-91,uf20-01000.cnf,4.0,20,91,True,1.2834003427997231e-05,10,56,7,5.6,30,5.0000089686363935e-06,10,56,7,5.6,True,2.995732273553991,0.0
uf20-91,uf20-01000.cnf,4.0,20,91,True,1.2834003427997231e-05,10,56,7,5.6,100,4.708999767899513e-06,10,56,7,5.6,True,2.995732273553991,0.0
uf20-91,uf20-01000.cnf,4.0,20,91,True,1.2834003427997231e-05,10,56,7,5.6,300,4.750007065013051e-06,10,56,7,5.6,True,2.995732273553991,0.0
uf20-91,uf20-01000.cnf,4.0,20,91,True,1.2834003427997231e-05,10,56,7,5.6,1000,4.749977961182594e-06,10,56,7,5.6,True,2.995732273553991,0.0
uf20-91,uf20-0101.cnf,6.5385,20,91,True,1.0207993909716606e-05,10,41,4,4.1,10,6.000016583129764e-06,10,41,4,4.1,True,2.995732273553991,0.0
uf20-91,uf20-0101.cnf,6.5385,20,91,True,1.0207993909716606e-05,10,41,4,4.1,30,4.750007065013051e-06,10,41,4,4.1,True,2.995732273553991,0.0
uf20-91,uf20-0101.cnf,6.5385,20,91,True,1.0207993909716606e-05,10,41,4,4.1,100,4.583009285852313e-06,10,41,4,4.1,True,2.995732273553991,0.0
uf20-91,uf20-0101.cnf,6.5385,20,91,True,1.0207993909716606e-05,10,41,4,4.1,300,4.582980182021856e-06,10,41,4,4.1,True,2.995732273553991,0.0
uf20-91,uf20-0101.cnf,6.5385,20,91,True,1.0207993909716606e-05,10,41,4,4.1,1000,4.458008334040642e-06,10,41,4,4.1,True,2.995732273553991,0.0
uf20-91,uf20-0102.cnf,5.6875,20,91,True,1.4167017070576549e-05,19,91,10,4.7894736842105265,10,7.4160052463412285e-06,16,88,10,5.5,False,2.995732273553991,0.1483516483516483
uf20-91,uf20-0102.cnf,5.6875,20,91,True,1.4167017070576549e-05,19,91,10,4.7894736842105265,30,6.791000487282872e-06,19,91,10,4.7894736842105265,True,2.995732273553991,0.0
uf20-91,uf20-0102.cnf,5.6875,20,91,True,1.4167017070576549e-05,19,91,10,4.7894736842105265,100,6.333022611215711e-06,19,91,10,4.7894736842105265,True,2.995732273553991,0.0
uf20-91,uf20-0102.cnf,5.6875,20,91,True,1.4167017070576549e-05,19,91,10,4.7894736842105265,300,6.041984306648374e-06,19,91,10,4.7894736842105265,True,2.995732273553991,0.0
uf20-91,uf20-0102.cnf,5.6875,20,91,True,1.4167017070576549e-05,19,91,10,4.7894736842105265,1000,6.916990969330072e-06,19,91,10,4.7894736842105265,True,2.995732273553991,0.0
uf20-91,uf20-0103.cnf,3.75,20,91,True,1.087499549612403e-05,10,47,3,4.7,10,9.584007784724236e-06,10,47,3,4.7,True,2.995732273553991,0.0
uf20-91,uf20-0103.cnf,3.75,20,91,True,1.087499549612403e-05,10,47,3,4.7,30,5.417008651420474e-06,10,47,3,4.7,True,2.995732273553991,0.0
uf20-91,uf20-0103.cnf,3.75,20,91,True,1.087499549612403e-05,10,47,3,4.7,100,4.250003257766366e-06,10,47,3,4.7,True,2.995732273553991,0.0
uf20-91,uf20-0103.cnf,3.75,20,91,True,1.087499549612403e-05,10,47,3,4.7,300,4.0000013541430235e-06,10,47,3,4.7,True,2.995732273553991,0.0
uf20-91,uf20-0103.cnf,3.75,20,91,True,1.087499549612403e-05,10,47,3,4.7,1000,3.916997229680419e-06,10,47,3,4.7,True,2.995732273553991,0.0
uf20-91,uf20-0104.cnf,4.3529,20,91,True,4.95798303745687e-06,7,21,0,3.0,10,2.9999937396496534e-06,7,21,0,3.0,True,2.995732273553991,0.0
uf20-91,uf20-0104.cnf,4.3529,20,91,True,4.95798303745687e-06,7,21,0,3.0,30,2.6669877115637064e-06,7,21,0,3.0,True,2.995732273553991,0.0
uf20-91,uf20-0104.cnf,4.3529,20,91,True,4.95798303745687e-06,7,21,0,3.0,100,2.500019036233425e-06,7,21,0,3.0,True,2.995732273553991,0.0
uf20-91,uf20-0104.cnf,4.3529,20,91,True,4.95798303745687e-06,7,21,0,3.0,300,5.5000127758830786e-06,7,21,0,3.0,True,2.995732273553991,0.0
uf20-91,uf20-0104.cnf,4.3529,20,91,True,4.95798303745687e-06,7,21,0,3.0,1000,3.334018401801586e-06,7,21,0,3.0,True,2.995732273553991,0.0
uf20-91,uf20-0105.cnf,7.0,20,91,True,1.4457997167482972e-05,18,98,10,5.444444444444445,10,8.166010957211256e-06,15,88,10,5.866666666666666,False,2.995732273553991,0.07755102040816315
uf20-91,uf20-0105.cnf,7.0,20,91,True,1.4457997167482972e-05,18,98,10,5.444444444444445,30,6.290996680036187e-06,18,98,10,5.444444444444445,True,2.995732273553991,0.0
uf20-91,uf20-0105.cnf,7.0,20,91,True,1.4457997167482972e-05,18,98,10,5.444444444444445,100,5.66698145121336e-06,18,98,10,5.444444444444445,True,2.995732273553991,0.0
uf20-91,uf20-0105.cnf,7.0,20,91,True,1.4457997167482972e-05,18,98,10,5.444444444444445,300,5.542009603232145e-06,18,98,10,5.444444444444445,True,2.995732273553991,0.0
uf20-91,uf20-0105.cnf,7.0,20,91,True,1.4457997167482972e-05,18,98,10,5.444444444444445,1000,5.458015948534012e-06,18,98,10,5.444444444444445,True,2.995732273553991,0.0
uf20-91,uf20-0106.cnf,4.3846,20,91,True,1.4749995898455381e-05,15,101,9,6.733333333333333,10,7.708003977313638e-06,15,101,9,6.733333333333333,True,2.995732273553991,0.0
uf20-91,uf20-0106.cnf,4.3846,20,91,True,1.4749995898455381e-05,15,101,9,6.733333333333333,30,6.33401214145124e-06,15,101,9,6.733333333333333,True,2.995732273553991,0.0
uf20-91,uf20-0106.cnf,4.3846,20,91,True,1.4749995898455381e-05,15,101,9,6.733333333333333,100,6.125017534941435e-06,15,101,9,6.733333333333333,True,2.995732273553991,0.0
uf20-91,uf20-0106.cnf,4.3846,20,91,True,1.4749995898455381e-05,15,101,9,6.733333333333333,300,5.999987479299307e-06,15,101,9,6.733333333333333,True,2.995732273553991,0.0
uf20-91,uf20-0106.cnf,4.3846,20,91,True,1.4749995898455381e-05,15,101,9,6.733333333333333,1000,6.124988431110978e-06,15,101,9,6.733333333333333,True,2.995732273553991,0.0
uf20-91,uf20-0107.cnf,5.375,20,91,True,1.7292011762037873e-05,20,133,14,6.65,10,7.499998901039362e-06,12,99,11,8.25,False,2.995732273553991,0.24060150375939843
uf20-91,uf20-0107.cnf,5.375,20,91,True,1.7292011762037873e-05,20,133,14,6.65,30,7.041991921141744e-06,20,133,14,6.65,True,2.995732273553991,0.0
uf20-91,uf20-0107.cnf,5.375,20,91,True,1.7292011762037873e-05,20,133,14,6.65,100,6.499991286545992e-06,20,133,14,6.65,True,2.995732273553991,0.0
uf20-91,uf20-0107.cnf,5.375,20,91,True,1.7292011762037873e-05,20,133,14,6.65,300,6.250018486753106e-06,20,133,14,6.65,True,2.995732273553991,0.0
uf20-91,uf20-0107.cnf,5.375,20,91,True,1.7292011762037873e-05,20,133,14,6.65,1000,6.375019438564777e-06,20,133,14,6.65,True,2.995732273553991,0.0
uf20-91,uf20-0108.cnf,5.5714,20,91,True,3.958004526793957e-06,5,21,0,4.2,10,2.8329959604889154e-06,5,21,0,4.2,True,2.995732273553991,0.0
uf20-91,uf20-0108.cnf,5.5714,20,91,True,3.958004526793957e-06,5,21,0,4.2,30,2.582994056865573e-06,5,21,0,4.2,True,2.995732273553991,0.0
uf20-91,uf20-0108.cnf,5.5714,20,91,True,3.958004526793957e-06,5,21,0,4.2,100,2.500019036233425e-06,5,21,0,4.2,True,2.995732273553991,0.0
uf20-91,uf20-0108.cnf,5.5714,20,91,True,3.958004526793957e-06,5,21,0,4.2,300,2.4579931050539017e-06,5,21,0,4.2,True,2.995732273553991,0.0
uf20-91,uf20-0108.cnf,5.5714,20,91,True,3.958004526793957e-06,5,21,0,4.2,1000,2.374988980591297e-06,5,21,0,4.2,True,2.995732273553991,0.0
uf20-91,uf20-0109.cnf,5.4667,20,91,True,6.874994141981006e-06,8,39,3,4.875,10,4.083005478605628e-06,8,39,3,4.875,True,2.995732273553991,0.0
uf20-91,uf20-0109.cnf,5.4667,20,91,True,6.874994141981006e-06,8,39,3,4.875,30,3.6669953260570765e-06,8,39,3,4.875,True,2.995732273553991,0.0
uf20-91,uf20-0109.cnf,5.4667,20,91,True,6.874994141981006e-06,8,39,3,4.875,100,3.5410048440098763e-06,8,39,3,4.875,True,2.995732273553991,0.0
uf20-91,uf20-0109.cnf,5.4667,20,91,True,6.874994141981006e-06,8,39,3,4.875,300,4.708010237663984e-06,8,39,3,4.875,True,2.995732273553991,0.0
uf20-91,uf20-0109.cnf,5.4667,20,91,True,6.874994141981006e-06,8,39,3,4.875,1000,3.916997229680419e-06,8,39,3,4.875,True,2.995732273553991,0.0
uf20-91,uf20-011.cnf,3.3333,20,91,True,9.208015399053693e-06,14,56,6,4.0,10,5.458015948534012e-06,14,56,6,4.0,True,2.995732273553991,0.0
uf20-91,uf20-011.cnf,3.3333,20,91,True,9.208015399053693e-06,14,56,6,4.0,30,4.6660134103149176e-06,14,56,6,4.0,True,2.995732273553991,0.0
uf20-91,uf20-011.cnf,3.3333,20,91,True,9.208015399053693e-06,14,56,6,4.0,100,4.458008334040642e-06,14,56,6,4.0,True,2.995732273553991,0.0
uf20-91,uf20-011.cnf,3.3333,20,91,True,9.208015399053693e-06,14,56,6,4.0,300,4.457979230210185e-06,14,56,6,4.0,True,2.995732273553991,0.0
uf20-91,uf20-011.cnf,3.3333,20,91,True,9.208015399053693e-06,14,56,6,4.0,1000,4.583998816087842e-06,14,56,6,4.0,True,2.995732273553991,0.0
uf20-91,uf20-0110.cnf,7.1,20,91,True,3.6669953260570765e-06,10,21,0,2.1,10,2.708024112507701e-06,10,21,0,2.1,True,2.995732273553991,0.0
uf20-91,uf20-0110.cnf,7.1,20,91,True,3.6669953260570765e-06,10,21,0,2.1,30,2.3329921532422304e-06,10,21,0,2.1,True,2.995732273553991,0.0
uf20-91,uf20-0110.cnf,7.1,20,91,True,3.6669953260570765e-06,10,21,0,2.1,100,2.249988028779626e-06,10,21,0,2.1,True,2.995732273553991,0.0
uf20-91,uf20-0110.cnf,7.1,20,91,True,3.6669953260570765e-06,10,21,0,2.1,300,2.2920139599591494e-06,10,21,0,2.1,True,2.995732273553991,0.0
uf20-91,uf20-0110.cnf,7.1,20,91,True,3.6669953260570765e-06,10,21,0,2.1,1000,2.3329921532422304e-06,10,21,0,2.1,True,2.995732273553991,0.0
uf20-91,uf20-0111.cnf,4.5,20,91,True,3.1669915188103914e-06,8,21,0,2.625,10,2.4999899324029684e-06,8,21,0,2.625,True,2.995732273553991,0.0
uf20-91,uf20-0111.cnf,4.5,20,91,True,3.1669915188103914e-06,8,21,0,2.625,30,2.249988028779626e-06,8,21,0,2.625,True,2.995732273553991,0.0
uf20-91,uf20-0111.cnf,4.5,20,91,True,3.1669915188103914e-06,8,21,0,2.625,100,2.1659943740814924e-06,8,21,0,2.625,True,2.995732273553991,0.0
uf20-91,uf20-0111.cnf,4.5,20,91,True,3.1669915188103914e-06,8,21,0,2.625,300,2.042012056335807e-06,8,21,0,2.625,True,2.995732273553991,0.0
uf20-91,uf20-0111.cnf,4.5,20,91,True,3.1669915188103914e-06,8,21,0,2.625,1000,2.082990249618888e-06,8,21,0,2.625,True,2.995732273553991,0.0
uf20-91,uf20-0112.cnf,3.2667,20,91,True,9.749986929818988e-06,13,74,7,5.6923076923076925,10,5.499983672052622e-06,13,74,7,5.6923076923076925,True,2.995732273553991,0.0
uf20-91,uf20-0112.cnf,3.2667,20,91,True,9.749986929818988e-06,13,74,7,5.6923076923076925,30,4.790985258296132e-06,13,74,7,5.6923076923076925,True,2.995732273553991,0.0
uf20-91,uf20-0112.cnf,3.2667,20,91,True,9.749986929818988e-06,13,74,7,5.6923076923076925,100,9.000010322779417e-06,13,74,7,5.6923076923076925,True,2.995732273553991,0.0
uf20-91,uf20-0112.cnf,3.2667,20,91,True,9.749986929818988e-06,13,74,7,5.6923076923076925,300,4.917004844173789e-06,13,74,7,5.6923076923076925,True,2.995732273553991,0.0
uf20-91,uf20-0112.cnf,3.2667,20,91,True,9.749986929818988e-06,13,74,7,5.6923076923076925,1000,4.8340007197111845e-06,13,74,7,5.6923076923076925,True,2.995732273553991,0.0
uf20-91,uf20-0113.cnf,6.5333,20,91,True,6.624992238357663e-06,8,38,2,4.75,10,4.083005478605628e-06,8,38,2,4.75,True,2.995732273553991,0.0
uf20-91,uf20-0113.cnf,6.5333,20,91,True,6.624992238357663e-06,8,38,2,4.75,30,3.667024429887533e-06,8,38,2,4.75,True,2.995732273553991,0.0
uf20-91,uf20-0113.cnf,6.5333,20,91,True,6.624992238357663e-06,8,38,2,4.75,100,3.6249984987080097e-06,8,38,2,4.75,True,2.995732273553991,0.0
uf20-91,uf20-0113.cnf,6.5333,20,91,True,6.624992238357663e-06,8,38,2,4.75,300,3.1669915188103914e-06,8,38,2,4.75,True,2.995732273553991,0.0
uf20-91,uf20-0113.cnf,6.5333,20,91,True,6.624992238357663e-06,8,38,2,4.75,1000,3.249995643272996e-06,8,38,2,4.75,True,2.995732273553991,0.0
uf20-91,uf20-0114.cnf,3.6667,20,91,True,3.583001671358943e-06,6,23,1,3.8333333333333335,10,2.4589826352894306e-06,6,23,1,3.8333333333333335,True,2.995732273553991,0.0
uf20-91,uf20-0114.cnf,3.6667,20,91,True,3.583001671358943e-06,6,23,1,3.8333333333333335,30,2.2909953258931637e-06,6,23,1,3.8333333333333335,True,2.995732273553991,0.0
uf20-91,uf20-0114.cnf,3.6667,20,91,True,3.583001671358943e-06,6,23,1,3.8333333333333335,100,2.207991201430559e-06,6,23,1,3.8333333333333335,True,2.995732273553991,0.0
uf20-91,uf20-0114.cnf,3.6667,20,91,True,3.583001671358943e-06,6,23,1,3.8333333333333335,300,2.0840088836848736e-06,6,23,1,3.8333333333333335,True,2.995732273553991,0.0
uf20-91,uf20-0114.cnf,3.6667,20,91,True,3.583001671358943e-06,6,23,1,3.8333333333333335,1000,2.166023477911949e-06,6,23,1,3.8333333333333335,True,2.995732273553991,0.0
uf20-91,uf20-0115.cnf,4.25,20,91,True,1.087499549612403e-05,14,66,7,4.714285714285714,10,5.999987479299307e-06,14,66,7,4.714285714285714,True,2.995732273553991,0.0
uf20-91,uf20-0115.cnf,4.25,20,91,True,1.087499549612403e-05,14,66,7,4.714285714285714,30,5.0000089686363935e-06,14,66,7,4.714285714285714,True,2.995732273553991,0.0
uf20-91,uf20-0115.cnf,4.25,20,91,True,1.087499549612403e-05,14,66,7,4.714285714285714,100,4.917004844173789e-06,14,66,7,4.714285714285714,True,2.995732273553991,0.0
uf20-91,uf20-0115.cnf,4.25,20,91,True,1.087499549612403e-05,14,66,7,4.714285714285714,300,4.8330111894756556e-06,14,66,7,4.714285714285714,True,2.995732273553991,0.0
uf20-91,uf20-0115.cnf,4.25,20,91,True,1.087499549612403e-05,14,66,7,4.714285714285714,1000,4.749977961182594e-06,14,66,7,4.714285714285714,True,2.995732273553991,0.0
uf20-91,uf20-0116.cnf,3.3333,20,91,True,6.208982085809112e-06,11,38,2,3.4545454545454546,10,3.7919962778687477e-06,11,38,2,3.4545454545454546,True,2.995732273553991,0.0
uf20-91,uf20-0116.cnf,3.3333,20,91,True,6.208982085809112e-06,11,38,2,3.4545454545454546,30,3.249995643272996e-06,11,38,2,3.4545454545454546,True,2.995732273553991,0.0
uf20-91,uf20-0116.cnf,3.3333,20,91,True,6.208982085809112e-06,11,38,2,3.4545454545454546,100,3.1660019885748625e-06,11,38,2,3.4545454545454546,True,2.995732273553991,0.0
uf20-91,uf20-0116.cnf,3.3333,20,91,True,6.208982085809112e-06,11,38,2,3.4545454545454546,300,3.1249946914613247e-06,11,38,2,3.4545454545454546,True,2.995732273553991,0.0
uf20-91,uf20-0116.cnf,3.3333,20,91,True,6.208982085809112e-06,11,38,2,3.4545454545454546,1000,3.1249946914613247e-06,11,38,2,3.4545454545454546,True,2.995732273553991,0.0
uf20-91,uf20-0117.cnf,4.1,20,91,True,7.916998583823442e-06,11,54,5,4.909090909090909,10,4.5000051613897085e-06,11,54,5,4.909090909090909,True,2.995732273553991,0.0
uf20-91,uf20-0117.cnf,4.1,20,91,True,7.916998583823442e-06,11,54,5,4.909090909090909,30,4.04199818149209e-06,11,54,5,4.909090909090909,True,2.995732273553991,0.0
uf20-91,uf20-0117.cnf,4.1,20,91,True,7.916998583823442e-06,11,54,5,4.909090909090909,100,3.875000402331352e-06,11,54,5,4.909090909090909,True,2.995732273553991,0.0
uf20-91,uf20-0117.cnf,4.1,20,91,True,7.916998583823442e-06,11,54,5,4.909090909090909,300,3.91600769944489e-06,11,54,5,4.909090909090909,True,2.995732273553991,0.0
uf20-91,uf20-0117.cnf,4.1,20,91,True,7.916998583823442e-06,11,54,5,4.909090909090909,1000,3.832974471151829e-06,11,54,5,4.909090909090909,True,2.995732273553991,0.0
uf20-91,uf20-0118.cnf,4.25,20,91,True,7.291004294529557e-06,14,45,4,3.2142857142857144,10,4.791014362126589e-06,14,45,4,3.2142857142857144,True,2.995732273553991,0.0
uf20-91,uf20-0118.cnf,4.25,20,91,True,7.291004294529557e-06,14,45,4,3.2142857142857144,30,3.916997229680419e-06,14,45,4,3.2142857142857144,True,2.995732273553991,0.0
uf20-91,uf20-0118.cnf,4.25,20,91,True,7.291004294529557e-06,14,45,4,3.2142857142857144,100,3.8339931052178144e-06,14,45,4,3.2142857142857144,True,2.995732273553991,0.0
uf20-91,uf20-0118.cnf,4.25,20,91,True,7.291004294529557e-06,14,45,4,3.2142857142857144,300,3.7080026231706142e-06,14,45,4,3.2142857142857144,True,2.995732273553991,0.0
uf20-91,uf20-0118.cnf,4.25,20,91,True,7.291004294529557e-06,14,45,4,3.2142857142857144,1000,4.875008016824722e-06,14,45,4,3.2142857142857144,True,2.995732273553991,0.0
uf20-91,uf20-0119.cnf,5.4444,20,91,True,4.04199818149209e-06,7,21,0,3.0,10,3.1669915188103914e-06,7,21,0,3.0,True,2.995732273553991,0.0
uf20-91,uf20-0119.cnf,5.4444,20,91,True,4.04199818149209e-06,7,21,0,3.0,30,2.916989615187049e-06,7,21,0,3.0,True,2.995732273553991,0.0
uf20-91,uf20-0119.cnf,5.4444,20,91,True,4.04199818149209e-06,7,21,0,3.0,100,2.749991836026311e-06,7,21,0,3.0,True,2.995732273553991,0.0
uf20-91,uf20-0119.cnf,5.4444,20,91,True,4.04199818149209e-06,7,21,0,3.0,300,2.7909991331398487e-06,7,21,0,3.0,True,2.995732273553991,0.0
uf20-91,uf20-0119.cnf,5.4444,20,91,True,4.04199818149209e-06,7,21,0,3.0,1000,3.04199056699872e-06,7,21,0,3.0,True,2.995732273553991,0.0
uf20-91,uf20-012.cnf,4.0,20,91,True,8.374976459890604e-06,12,50,4,4.166666666666667,10,1.0000017937272787e-05,12,50,4,4.166666666666667,True,2.995732273553991,0.0
uf20-91,uf20-012.cnf,4.0,20,91,True,8.374976459890604e-06,12,50,4,4.166666666666667,30,5.665991920977831e-06,12,50,4,4.166666666666667,True,2.995732273553991,0.0
uf20-91,uf20-012.cnf,4.0,20,91,True,8.374976459890604e-06,12,50,4,4.166666666666667,100,4.249974153935909e-06,12,50,4,4.166666666666667,True,2.995732273553991,0.0
uf20-91,uf20-012.cnf,4.0,20,91,True,8.374976459890604e-06,12,50,4,4.166666666666667,300,4.250003257766366e-06,12,50,4,4.166666666666667,True,2.995732273553991,0.0
uf20-91,uf20-012.cnf,4.0,20,91,True,8.374976459890604e-06,12,50,4,4.166666666666667,1000,3.958994057029486e-06,12,50,4,4.166666666666667,True,2.995732273553991,0.0
uf20-91,uf20-0120.cnf,6.1,20,91,True,8.124974556267262e-06,12,42,4,3.5,10,4.95798303745687e-06,12,42,4,3.5,True,2.995732273553991,0.0
uf20-91,uf20-0120.cnf,6.1,20,91,True,8.124974556267262e-06,12,42,4,3.5,30,4.083005478605628e-06,12,42,4,3.5,True,2.995732273553991,0.0
uf20-91,uf20-0120.cnf,6.1,20,91,True,8.124974556267262e-06,12,42,4,3.5,100,4.04199818149209e-06,12,42,4,3.5,True,2.995732273553991,0.0
uf20-91,uf20-0120.cnf,6.1,20,91,True,8.124974556267262e-06,12,42,4,3.5,300,3.541994374245405e-06,12,42,4,3.5,True,2.995732273553991,0.0
uf20-91,uf20-0120.cnf,6.1,20,91,True,8.124974556267262e-06,12,42,4,3.5,1000,3.5410048440098763e-06,12,42,4,3.5,True,2.995732273553991,0.0
uf20-91,uf20-0121.cnf,4.0909,20,91,True,1.116600469686091e-05,17,82,9,4.823529411764706,10,6.416987162083387e-06,17,82,9,4.823529411764706,True,2.995732273553991,0.0
uf20-91,uf20-0121.cnf,4.0909,20,91,True,1.116600469686091e-05,17,82,9,4.823529411764706,30,5.124980816617608e-06,17,82,9,4.823529411764706,True,2.995732273553991,0.0
uf20-91,uf20-0121.cnf,4.0909,20,91,True,1.116600469686091e-05,17,82,9,4.823529411764706,100,4.958012141287327e-06,17,82,9,4.823529411764706,True,2.995732273553991,0.0
uf20-91,uf20-0121.cnf,4.0909,20,91,True,1.116600469686091e-05,17,82,9,4.823529411764706,300,4.8340007197111845e-06,17,82,9,4.823529411764706,True,2.995732273553991,0.0
uf20-91,uf20-0121.cnf,4.0909,20,91,True,1.116600469686091e-05,17,82,9,4.823529411764706,1000,4.8340007197111845e-06,17,82,9,4.823529411764706,True,2.995732273553991,0.0
uf20-91,uf20-0122.cnf,7.7,20,91,True,5.1670067477971315e-06,5,24,1,4.8,10,3.1669915188103914e-06,5,24,1,4.8,True,2.995732273553991,0.0
uf20-91,uf20-0122.cnf,7.7,20,91,True,5.1670067477971315e-06,5,24,1,4.8,30,2.875021891668439e-06,5,24,1,4.8,True,2.995732273553991,0.0
uf20-91,uf20-0122.cnf,7.7,20,91,True,5.1670067477971315e-06,5,24,1,4.8,100,3.082997864112258e-06,5,24,1,4.8,True,2.995732273553991,0.0
uf20-91,uf20-0122.cnf,7.7,20,91,True,5.1670067477971315e-06,5,24,1,4.8,300,3.083987394347787e-06,5,24,1,4.8,True,2.995732273553991,0.0
uf20-91,uf20-0122.cnf,7.7,20,91,True,5.1670067477971315e-06,5,24,1,4.8,1000,3.042019670829177e-06,5,24,1,4.8,True,2.995732273553991,0.0
uf20-91,uf20-0123.cnf,6.0,20,91,True,7.0829992182552814e-06,9,40,4,4.444444444444445,10,4.458008334040642e-06,9,40,4,4.444444444444445,True,2.995732273553991,0.0
uf20-91,uf20-0123.cnf,6.0,20,91,True,7.0829992182552814e-06,9,40,4,4.444444444444445,30,3.875000402331352e-06,9,40,4,4.444444444444445,True,2.995732273553991,0.0
uf20-91,uf20-0123.cnf,6.0,20,91,True,7.0829992182552814e-06,9,40,4,4.444444444444445,100,3.7090212572366e-06,9,40,4,4.444444444444445,True,2.995732273553991,0.0
uf20-91,uf20-0123.cnf,6.0,20,91,True,7.0829992182552814e-06,9,40,4,4.444444444444445,300,3.7080026231706142e-06,9,40,4,4.444444444444445,True,2.995732273553991,0.0
uf20-91,uf20-0123.cnf,6.0,20,91,True,7.0829992182552814e-06,9,40,4,4.444444444444445,1000,3.6250276025384665e-06,9,40,4,4.444444444444445,True,2.995732273553991,0.0
uf20-91,uf20-0124.cnf,2.2222,20,91,True,1.3083015801385045e-05,16,46,4,2.875,10,4.6670029405504465e-06,16,46,4,2.875,True,2.995732273553991,0.0
uf20-91,uf20-0124.cnf,2.2222,20,91,True,1.3083015801385045e-05,16,46,4,2.875,30,3.958004526793957e-06,16,46,4,2.875,True,2.995732273553991,0.0
uf20-91,uf20-0124.cnf,2.2222,20,91,True,1.3083015801385045e-05,16,46,4,2.875,100,3.7080026231706142e-06,16,46,4,2.875,True,2.995732273553991,0.0
uf20-91,uf20-0124.cnf,2.2222,20,91,True,1.3083015801385045e-05,16,46,4,2.875,300,3.7080026231706142e-06,16,46,4,2.875,True,2.995732273553991,0.0
uf20-91,uf20-0124.cnf,2.2222,20,91,True,1.3083015801385045e-05,16,46,4,2.875,1000,3.541994374245405e-06,16,46,4,2.875,True,2.995732273553991,0.0
uf20-91,uf20-0125.cnf,4.5,20,91,True,1.737498678267002e-05,23,107,12,4.6521739130434785,10,7.6669966802001e-06,14,88,12,6.285714285714286,False,2.995732273553991,0.35113484646194915
uf20-91,uf20-0125.cnf,4.5,20,91,True,1.737498678267002e-05,23,107,12,4.6521739130434785,30,7.166992872953415e-06,23,107,12,4.6521739130434785,True,2.995732273553991,0.0
uf20-91,uf20-0125.cnf,4.5,20,91,True,1.737498678267002e-05,23,107,12,4.6521739130434785,100,6.582995411008596e-06,23,107,12,4.6521739130434785,True,2.995732273553991,0.0
uf20-91,uf20-0125.cnf,4.5,20,91,True,1.737498678267002e-05,23,107,12,4.6521739130434785,300,6.332993507385254e-06,23,107,12,4.6521739130434785,True,2.995732273553991,0.0
uf20-91,uf20-0125.cnf,4.5,20,91,True,1.737498678267002e-05,23,107,12,4.6521739130434785,1000,6.33401214145124e-06,23,107,12,4.6521739130434785,True,2.995732273553991,0.0
uf20-91,uf20-0126.cnf,3.3333,20,91,True,5.457986844703555e-06,10,28,2,2.8,10,3.416993422433734e-06,10,28,2,2.8,True,2.995732273553991,0.0
uf20-91,uf20-0126.cnf,3.3333,20,91,True,5.457986844703555e-06,10,28,2,2.8,30,3.1660019885748625e-06,10,28,2,2.8,True,2.995732273553991,0.0
uf20-91,uf20-0126.cnf,3.3333,20,91,True,5.457986844703555e-06,10,28,2,2.8,100,2.8339854907244444e-06,10,28,2,2.8,True,2.995732273553991,0.0
uf20-91,uf20-0126.cnf,3.3333,20,91,True,5.457986844703555e-06,10,28,2,2.8,300,2.7920177672058344e-06,10,28,2,2.8,True,2.995732273553991,0.0
uf20-91,uf20-0126.cnf,3.3333,20,91,True,5.457986844703555e-06,10,28,2,2.8,1000,2.6669877115637064e-06,10,28,2,2.8,True,2.995732273553991,0.0
uf20-91,uf20-0127.cnf,4.0,20,91,True,1.229200279340148e-05,19,74,8,3.8947368421052633,10,7.374997949227691e-06,19,74,8,3.8947368421052633,True,2.995732273553991,0.0
uf20-91,uf20-0127.cnf,4.0,20,91,True,1.229200279340148e-05,19,74,8,3.8947368421052633,30,5.499983672052622e-06,19,74,8,3.8947368421052633,True,2.995732273553991,0.0
uf20-91,uf20-0127.cnf,4.0,20,91,True,1.229200279340148e-05,19,74,8,3.8947368421052633,100,5.082983989268541e-06,19,74,8,3.8947368421052633,True,2.995732273553991,0.0
uf20-91,uf20-0127.cnf,4.0,20,91,True,1.229200279340148e-05,19,74,8,3.8947368421052633,300,5.375011824071407e-06,19,74,8,3.8947368421052633,True,2.995732273553991,0.0
uf20-91,uf20-0127.cnf,4.0,20,91,True,1.229200279340148e-05,19,74,8,3.8947368421052633,1000,5.0000089686363935e-06,19,74,8,3.8947368421052633,True,2.995732273553991,0.0
uf20-91,uf20-0128.cnf,4.1875,20,91,True,1.724998583085835e-05,24,120,13,5.0,10,8.083006832748652e-06,15,85,11,5.666666666666667,False,2.995732273553991,0.1333333333333334
uf20-91,uf20-0128.cnf,4.1875,20,91,True,1.724998583085835e-05,24,120,13,5.0,30,8.292001439258456e-06,24,120,13,5.0,True,2.995732273553991,0.0
uf20-91,uf20-0128.cnf,4.1875,20,91,True,1.724998583085835e-05,24,120,13,5.0,100,7.708993507549167e-06,24,120,13,5.0,True,2.995732273553991,0.0
uf20-91,uf20-0128.cnf,4.1875,20,91,True,1.724998583085835e-05,24,120,13,5.0,300,7.2499969974160194e-06,24,120,13,5.0,True,2.995732273553991,0.0
uf20-91,uf20-0128.cnf,4.1875,20,91,True,1.724998583085835e-05,24,120,13,5.0,1000,7.124996045604348e-06,24,120,13,5.0,True,2.995732273553991,0.0
uf20-91,uf20-0129.cnf,3.0769,20,91,True,8.916977094486356e-06,14,44,5,3.142857142857143,10,5.874986527487636e-06,14,44,5,3.142857142857143,True,2.995732273553991,0.0
uf20-91,uf20-0129.cnf,3.0769,20,91,True,8.916977094486356e-06,14,44,5,3.142857142857143,30,5.083013093098998e-06,14,44,5,3.142857142857143,True,2.995732273553991,0.0
uf20-91,uf20-0129.cnf,3.0769,20,91,True,8.916977094486356e-06,14,44,5,3.142857142857143,100,4.958012141287327e-06,14,44,5,3.142857142857143,True,2.995732273553991,0.0
uf20-91,uf20-0129.cnf,3.0769,20,91,True,8.916977094486356e-06,14,44,5,3.142857142857143,300,4.7079811338335276e-06,14,44,5,3.142857142857143,True,2.995732273553991,0.0
uf20-91,uf20-0129.cnf,3.0769,20,91,True,8.916977094486356e-06,14,44,5,3.142857142857143,1000,4.791014362126589e-06,14,44,5,3.142857142857143,True,2.995732273553991,0.0
uf20-91,uf20-013.cnf,6.0,20,91,True,4.917004844173789e-06,7,26,2,3.7142857142857144,10,3.9579754229635e-06,7,26,2,3.7142857142857144,True,2.995732273553991,0.0
uf20-91,uf20-013.cnf,6.0,20,91,True,4.917004844173789e-06,7,26,2,3.7142857142857144,30,3.249995643272996e-06,7,26,2,3.7142857142857144,True,2.995732273553991,0.0
uf20-91,uf20-013.cnf,6.0,20,91,True,4.917004844173789e-06,7,26,2,3.7142857142857144,100,3.2920215744525194e-06,7,26,2,3.7142857142857144,True,2.995732273553991,0.0
uf20-91,uf20-013.cnf,6.0,20,91,True,4.917004844173789e-06,7,26,2,3.7142857142857144,300,3.1660019885748625e-06,7,26,2,3.7142857142857144,True,2.995732273553991,0.0
uf20-91,uf20-013.cnf,6.0,20,91,True,4.917004844173789e-06,7,26,2,3.7142857142857144,1000,2.9999937396496534e-06,7,26,2,3.7142857142857144,True,2.995732273553991,0.0
uf20-91,uf20-0130.cnf,5.0,20,91,True,1.712498487904668e-05,24,125,17,5.208333333333333,10,7.4579729698598385e-06,12,82,11,6.833333333333333,False,2.995732273553991,0.312
uf20-91,uf20-0130.cnf,5.0,20,91,True,1.712498487904668e-05,24,125,17,5.208333333333333,30,8.374976459890604e-06,24,125,17,5.208333333333333,True,2.995732273553991,0.0
uf20-91,uf20-0130.cnf,5.0,20,91,True,1.712498487904668e-05,24,125,17,5.208333333333333,100,7.333990652114153e-06,24,125,17,5.208333333333333,True,2.995732273553991,0.0
uf20-91,uf20-0130.cnf,5.0,20,91,True,1.712498487904668e-05,24,125,17,5.208333333333333,300,7.0829992182552814e-06,24,125,17,5.208333333333333,True,2.995732273553991,0.0
uf20-91,uf20-0130.cnf,5.0,20,91,True,1.712498487904668e-05,24,125,17,5.208333333333333,1000,7.040973287075758e-06,24,125,17,5.208333333333333,True,2.995732273553991,0.0
uf20-91,uf20-0131.cnf,3.6,20,91,True,6.624992238357663e-06,11,35,3,3.1818181818181817,10,4.5409833546727896e-06,11,35,3,3.1818181818181817,True,2.995732273553991,0.0
uf20-91,uf20-0131.cnf,3.6,20,91,True,6.624992238357663e-06,11,35,3,3.1818181818181817,30,3.7920253816992044e-06,11,35,3,3.1818181818181817,True,2.995732273553991,0.0
uf20-91,uf20-0131.cnf,3.6,20,91,True,6.624992238357663e-06,11,35,3,3.1818181818181817,100,3.541994374245405e-06,11,35,3,3.1818181818181817,True,2.995732273553991,0.0
uf20-91,uf20-0131.cnf,3.6,20,91,True,6.624992238357663e-06,11,35,3,3.1818181818181817,300,3.542023478075862e-06,11,35,3,3.1818181818181817,True,2.995732273553991,0.0
uf20-91,uf20-0131.cnf,3.6,20,91,True,6.624992238357663e-06,11,35,3,3.1818181818181817,1000,3.416993422433734e-06,11,35,3,3.1818181818181817,True,2.995732273553991,0.0
uf20-91,uf20-0132.cnf,6.9167,20,91,True,9.040988516062498e-06,16,60,6,3.75,10,5.0000089686363935e-06,16,60,6,3.75,True,2.995732273553991,0.0
uf20-91,uf20-0132.cnf,6.9167,20,91,True,9.040988516062498e-06,16,60,6,3.75,30,4.332978278398514e-06,16,60,6,3.75,True,2.995732273553991,0.0
uf20-91,uf20-0132.cnf,6.9167,20,91,True,9.040988516062498e-06,16,60,6,3.75,100,4.250003257766366e-06,16,60,6,3.75,True,2.995732273553991,0.0
uf20-91,uf20-0132.cnf,6.9167,20,91,True,9.040988516062498e-06,16,60,6,3.75,300,4.041008651256561e-06,16,60,6,3.75,True,2.995732273553991,0.0
uf20-91,uf20-0132.cnf,6.9167,20,91,True,9.040988516062498e-06,16,60,6,3.75,1000,3.958004526793957e-06,16,60,6,3.75,True,2.995732273553991,0.0
uf20-91,uf20-0133.cnf,5.75,20,91,True,1.1958996765315533e-05,17,80,8,4.705882352941177,10,6.665999535471201e-06,17,80,8,4.705882352941177,True,2.995732273553991,0.0
uf20-91,uf20-0133.cnf,5.75,20,91,True,1.1958996765315533e-05,17,80,8,4.705882352941177,30,5.707988748326898e-06,17,80,8,4.705882352941177,True,2.995732273553991,0.0
uf20-91,uf20-0133.cnf,5.75,20,91,True,1.1958996765315533e-05,17,80,8,4.705882352941177,100,5.542009603232145e-06,17,80,8,4.705882352941177,True,2.995732273553991,0.0
uf20-91,uf20-0133.cnf,5.75,20,91,True,1.1958996765315533e-05,17,80,8,4.705882352941177,300,5.292007699608803e-06,17,80,8,4.705882352941177,True,2.995732273553991,0.0
uf20-91,uf20-0133.cnf,5.75,20,91,True,1.1958996765315533e-05,17,80,8,4.705882352941177,1000,5.250010872259736e-06,17,80,8,4.705882352941177,True,2.995732273553991,0.0
uf20-91,uf20-0134.cnf,5.7778,20,91,True,8.41697328723967e-06,12,62,5,5.166666666666667,10,4.8340007197111845e-06,12,62,5,5.166666666666667,True,2.995732273553991,0.0
uf20-91,uf20-0134.cnf,5.7778,20,91,True,8.41697328723967e-06,12,62,5,5.166666666666667,30,4.208006430417299e-06,12,62,5,5.166666666666667,True,2.995732273553991,0.0
uf20-91,uf20-0134.cnf,5.7778,20,91,True,8.41697328723967e-06,12,62,5,5.166666666666667,100,4.208995960652828e-06,12,62,5,5.166666666666667,True,2.995732273553991,0.0
uf20-91,uf20-0134.cnf,5.7778,20,91,True,8.41697328723967e-06,12,62,5,5.166666666666667,300,3.9590231608599424e-06,12,62,5,5.166666666666667,True,2.995732273553991,0.0
uf20-91,uf20-0134.cnf,5.7778,20,91,True,8.41697328723967e-06,12,62,5,5.166666666666667,1000,3.958994057029486e-06,12,62,5,5.166666666666667,True,2.995732273553991,0.0
uf20-91,uf20-0135.cnf,5.8333,20,91,True,9.124982170760632e-06,12,58,6,4.833333333333333,10,5.333014996722341e-06,12,58,6,4.833333333333333,True,2.995732273553991,0.0
uf20-91,uf20-0135.cnf,5.8333,20,91,True,9.124982170760632e-06,12,58,6,4.833333333333333,30,4.542001988738775e-06,12,58,6,4.833333333333333,True,2.995732273553991,0.0
uf20-91,uf20-0135.cnf,5.8333,20,91,True,9.124982170760632e-06,12,58,6,4.833333333333333,100,4.458008334040642e-06,12,58,6,4.833333333333333,True,2.995732273553991,0.0
uf20-91,uf20-0135.cnf,5.8333,20,91,True,9.124982170760632e-06,12,58,6,4.833333333333333,300,4.3749751057475805e-06,12,58,6,4.833333333333333,True,2.995732273553991,0.0
uf20-91,uf20-0135.cnf,5.8333,20,91,True,9.124982170760632e-06,12,58,6,4.833333333333333,1000,4.250003257766366e-06,12,58,6,4.833333333333333,True,2.995732273553991,0.0
uf20-91,uf20-0136.cnf,7.6923,20,91,True,1.7125013982877135e-05,21,133,15,6.333333333333333,10,7.58297392167151e-06,11,83,10,7.545454545454546,False,2.995732273553991,0.19138755980861255
uf20-91,uf20-0136.cnf,7.6923,20,91,True,1.7125013982877135e-05,21,133,15,6.333333333333333,30,1.8624996300786734e-05,21,133,15,6.333333333333333,True,2.995732273553991,0.0
uf20-91,uf20-0136.cnf,7.6923,20,91,True,1.7125013982877135e-05,21,133,15,6.333333333333333,100,1.1374999303370714e-05,21,133,15,6.333333333333333,True,2.995732273553991,0.0
uf20-91,uf20-0136.cnf,7.6923,20,91,True,1.7125013982877135e-05,21,133,15,6.333333333333333,300,8.1659818533808e-06,21,133,15,6.333333333333333,True,2.995732273553991,0.0
uf20-91,uf20-0136.cnf,7.6923,20,91,True,1.7125013982877135e-05,21,133,15,6.333333333333333,1000,7.875001756474376e-06,21,133,15,6.333333333333333,True,2.995732273553991,0.0
uf20-91,uf20-0137.cnf,2.2222,20,91,True,5.3340045269578695e-06,10,23,1,2.3,10,3.4589902497828007e-06,10,23,1,2.3,True,2.995732273553991,0.0
uf20-91,uf20-0137.cnf,2.2222,20,91,True,5.3340045269578695e-06,10,23,1,2.3,30,3.00002284348011e-06,10,23,1,2.3,True,2.995732273553991,0.0
uf20-91,uf20-0137.cnf,2.2222,20,91,True,5.3340045269578695e-06,10,23,1,2.3,100,2.7919886633753777e-06,10,23,1,2.3,True,2.995732273553991,0.0
uf20-91,uf20-0137.cnf,2.2222,20,91,True,5.3340045269578695e-06,10,23,1,2.3,300,2.834014594554901e-06,10,23,1,2.3,True,2.995732273553991,0.0
uf20-91,uf20-0137.cnf,2.2222,20,91,True,5.3340045269578695e-06,10,23,1,2.3,1000,2.874992787837982e-06,10,23,1,2.3,True,2.995732273553991,0.0
uf20-91,uf20-0138.cnf,4.7,20,91,True,1.1790980352088809e-05,15,69,7,4.6,10,6.499991286545992e-06,15,69,7,4.6,True,2.995732273553991,0.0
uf20-91,uf20-0138.cnf,4.7,20,91,True,1.1790980352088809e-05,15,69,7,4.6,30,5.0419766921550035e-06,15,69,7,4.6,True,2.995732273553991,0.0
uf20-91,uf20-0138.cnf,4.7,20,91,True,1.1790980352088809e-05,15,69,7,4.6,100,4.8330111894756556e-06,15,69,7,4.6,True,2.995732273553991,0.0
uf20-91,uf20-0138.cnf,4.7,20,91,True,1.1790980352088809e-05,15,69,7,4.6,300,4.8330111894756556e-06,15,69,7,4.6,True,2.995732273553991,0.0
uf20-91,uf20-0138.cnf,4.7,20,91,True,1.1790980352088809e-05,15,69,7,4.6,1000,4.917004844173789e-06,15,69,7,4.6,True,2.995732273553991,0.0
uf20-91,uf20-0139.cnf,2.5556,20,91,True,4.6660134103149176e-06,10,26,1,2.6,10,3.1249946914613247e-06,10,26,1,2.6,True,2.995732273553991,0.0
uf20-91,uf20-0139.cnf,2.5556,20,91,True,4.6660134103149176e-06,10,26,1,2.6,30,2.749991836026311e-06,10,26,1,2.6,True,2.995732273553991,0.0
uf20-91,uf20-0139.cnf,2.5556,20,91,True,4.6660134103149176e-06,10,26,1,2.6,100,2.667016815394163e-06,10,26,1,2.6,True,2.995732273553991,0.0
uf20-91,uf20-0139.cnf,2.5556,20,91,True,4.6660134103149176e-06,10,26,1,2.6,300,2.582994056865573e-06,10,26,1,2.6,True,2.995732273553991,0.0
uf20-91,uf20-0139.cnf,2.5556,20,91,True,4.6660134103149176e-06,10,26,1,2.6,1000,2.6249908842146397e-06,10,26,1,2.6,True,2.995732273553991,0.0
uf20-91,uf20-014.cnf,5.875,20,91,True,1.170899486169219e-05,20,66,9,3.3,10,6.832997314631939e-06,20,66,9,3.3,True,2.995732273553991,0.0
uf20-91,uf20-014.cnf,5.875,20,91,True,1.170899486169219e-05,20,66,9,3.3,30,5.416979547590017e-06,20,66,9,3.3,True,2.995732273553991,0.0
uf20-91,uf20-014.cnf,5.875,20,91,True,1.170899486169219e-05,20,66,9,3.3,100,5.250010872259736e-06,20,66,9,3.3,True,2.995732273553991,0.0
uf20-91,uf20-014.cnf,5.875,20,91,True,1.170899486169219e-05,20,66,9,3.3,300,5.250010872259736e-06,20,66,9,3.3,True,2.995732273553991,0.0
uf20-91,uf20-014.cnf,5.875,20,91,True,1.170899486169219e-05,20,66,9,3.3,1000,5.166977643966675e-06,20,66,9,3.3,True,2.995732273553991,0.0
uf20-91,uf20-0140.cnf,4.2,20,91,True,4.875008016824722e-06,10,23,1,2.3,10,3.416003892198205e-06,10,23,1,2.3,True,2.995732273553991,0.0
uf20-91,uf20-0140.cnf,4.2,20,91,True,4.875008016824722e-06,10,23,1,2.3,30,3.00002284348011e-06,10,23,1,2.3,True,2.995732273553991,0.0
uf20-91,uf20-0140.cnf,4.2,20,91,True,4.875008016824722e-06,10,23,1,2.3,100,2.7919886633753777e-06,10,23,1,2.3,True,2.995732273553991,0.0
uf20-91,uf20-0140.cnf,4.2,20,91,True,4.875008016824722e-06,10,23,1,2.3,300,2.874992787837982e-06,10,23,1,2.3,True,2.995732273553991,0.0
uf20-91,uf20-0140.cnf,4.2,20,91,True,4.875008016824722e-06,10,23,1,2.3,1000,2.9170187190175056e-06,10,23,1,2.3,True,2.995732273553991,0.0
uf20-91,uf20-0141.cnf,5.5556,20,91,True,9.500014130026102e-06,11,65,5,5.909090909090909,10,5.165988113731146e-06,11,65,5,5.909090909090909,True,2.995732273553991,0.0
uf20-91,uf20-0141.cnf,5.5556,20,91,True,9.500014130026102e-06,11,65,5,5.909090909090909,30,4.62500611320138e-06,11,65,5,5.909090909090909,True,2.995732273553991,0.0
uf20-91,uf20-0141.cnf,5.5556,20,91,True,9.500014130026102e-06,11,65,5,5.909090909090909,100,4.582980182021856e-06,11,65,5,5.909090909090909,True,2.995732273553991,0.0
uf20-91,uf20-0141.cnf,5.5556,20,91,True,9.500014130026102e-06,11,65,5,5.909090909090909,300,4.417001036927104e-06,11,65,5,5.909090909090909,True,2.995732273553991,0.0
uf20-91,uf20-0141.cnf,5.5556,20,91,True,9.500014130026102e-06,11,65,5,5.909090909090909,1000,4.458008334040642e-06,11,65,5,5.909090909090909,True,2.995732273553991,0.0
uf20-91,uf20-0142.cnf,5.6154,20,91,True,6.95799826644361e-06,13,38,3,2.923076923076923,10,4.375004209578037e-06,13,38,3,2.923076923076923,True,2.995732273553991,0.0
uf20-91,uf20-0142.cnf,5.6154,20,91,True,6.95799826644361e-06,13,38,3,2.923076923076923,30,3.749999450519681e-06,13,38,3,2.923076923076923,True,2.995732273553991,0.0
uf20-91,uf20-0142.cnf,5.6154,20,91,True,6.95799826644361e-06,13,38,3,2.923076923076923,100,3.5840203054249287e-06,13,38,3,2.923076923076923,True,2.995732273553991,0.0
uf20-91,uf20-0142.cnf,5.6154,20,91,True,6.95799826644361e-06,13,38,3,2.923076923076923,300,3.5410048440098763e-06,13,38,3,2.923076923076923,True,2.995732273553991,0.0
uf20-91,uf20-0142.cnf,5.6154,20,91,True,6.95799826644361e-06,13,38,3,2.923076923076923,1000,3.416993422433734e-06,13,38,3,2.923076923076923,True,2.995732273553991,0.0
uf20-91,uf20-0143.cnf,2.8571,20,91,True,3.457971615716815e-06,7,21,0,3.0,10,2.4999899324029684e-06,7,21,0,3.0,True,2.995732273553991,0.0
uf20-91,uf20-0143.cnf,2.8571,20,91,True,3.457971615716815e-06,7,21,0,3.0,30,2.167013008147478e-06,7,21,0,3.0,True,2.995732273553991,0.0
uf20-91,uf20-0143.cnf,2.8571,20,91,True,3.457971615716815e-06,7,21,0,3.0,100,2.249988028779626e-06,7,21,0,3.0,True,2.995732273553991,0.0
uf20-91,uf20-0143.cnf,2.8571,20,91,True,3.457971615716815e-06,7,21,0,3.0,300,2.1669839043170214e-06,7,21,0,3.0,True,2.995732273553991,0.0
uf20-91,uf20-0143.cnf,2.8571,20,91,True,3.457971615716815e-06,7,21,0,3.0,1000,2.167013008147478e-06,7,21,0,3.0,True,2.995732273553991,0.0
uf20-91,uf20-0144.cnf,3.1667,20,91,True,1.1374999303370714e-05,13,54,6,4.153846153846154,10,6.417016265913844e-06,13,54,6,4.153846153846154,True,2.995732273553991,0.0
uf20-91,uf20-0144.cnf,3.1667,20,91,True,1.1374999303370714e-05,13,54,6,4.153846153846154,30,2.3250002413988113e-05,13,54,6,4.153846153846154,True,2.995732273553991,0.0
uf20-91,uf20-0144.cnf,3.1667,20,91,True,1.1374999303370714e-05,13,54,6,4.153846153846154,100,1.087499549612403e-05,13,54,6,4.153846153846154,True,2.995732273553991,0.0
uf20-91,uf20-0144.cnf,3.1667,20,91,True,1.1374999303370714e-05,13,54,6,4.153846153846154,300,6.124988431110978e-06,13,54,6,4.153846153846154,True,2.995732273553991,0.0
uf20-91,uf20-0144.cnf,3.1667,20,91,True,1.1374999303370714e-05,13,54,6,4.153846153846154,1000,5.040987161919475e-06,13,54,6,4.153846153846154,True,2.995732273553991,0.0
uf20-91,uf20-0145.cnf,6.4,20,91,True,4.208006430417299e-06,9,21,0,2.3333333333333335,10,3.1249946914613247e-06,9,21,0,2.3333333333333335,True,2.995732273553991,0.0
uf20-91,uf20-0145.cnf,6.4,20,91,True,4.208006430417299e-06,9,21,0,2.3333333333333335,30,2.6659981813281775e-06,9,21,0,2.3333333333333335,True,2.995732273553991,0.0
uf20-91,uf20-0145.cnf,6.4,20,91,True,4.208006430417299e-06,9,21,0,2.3333333333333335,100,2.6250199880450964e-06,9,21,0,2.3333333333333335,True,2.995732273553991,0.0
uf20-91,uf20-0145.cnf,6.4,20,91,True,4.208006430417299e-06,9,21,0,2.3333333333333335,300,2.500019036233425e-06,9,21,0,2.3333333333333335,True,2.995732273553991,0.0
uf20-91,uf20-0145.cnf,6.4,20,91,True,4.208006430417299e-06,9,21,0,2.3333333333333335,1000,2.6249908842146397e-06,9,21,0,2.3333333333333335,True,2.995732273553991,0.0
uf20-91,uf20-0146.cnf,4.5,20,91,True,1.1832977179437876e-05,13,69,8,5.3076923076923075,10,6.875023245811462e-06,13,69,8,5.3076923076923075,True,2.995732273553991,0.0
uf20-91,uf20-0146.cnf,4.5,20,91,True,1.1832977179437876e-05,13,69,8,5.3076923076923075,30,5.709007382392883e-06,13,69,8,5.3076923076923075,True,2.995732273553991,0.0
uf20-91,uf20-0146.cnf,4.5,20,91,True,1.1832977179437876e-05,13,69,8,5.3076923076923075,100,5.62501372769475e-06,13,69,8,5.3076923076923075,True,2.995732273553991,0.0
uf20-91,uf20-0146.cnf,4.5,20,91,True,1.1832977179437876e-05,13,69,8,5.3076923076923075,300,5.333014996722341e-06,13,69,8,5.3076923076923075,True,2.995732273553991,0.0
uf20-91,uf20-0146.cnf,4.5,20,91,True,1.1832977179437876e-05,13,69,8,5.3076923076923075,1000,5.291018169373274e-06,13,69,8,5.3076923076923075,True,2.995732273553991,0.0
uf20-91,uf20-0147.cnf,5.9,20,91,True,9.333976777270436e-06,14,50,7,3.5714285714285716,10,5.542009603232145e-06,14,50,7,3.5714285714285716,True,2.995732273553991,0.0
uf20-91,uf20-0147.cnf,5.9,20,91,True,9.333976777270436e-06,14,50,7,3.5714285714285716,30,4.8330111894756556e-06,14,50,7,3.5714285714285716,True,2.995732273553991,0.0
uf20-91,uf20-0147.cnf,5.9,20,91,True,9.333976777270436e-06,14,50,7,3.5714285714285716,100,4.62500611320138e-06,14,50,7,3.5714285714285716,True,2.995732273553991,0.0
uf20-91,uf20-0147.cnf,5.9,20,91,True,9.333976777270436e-06,14,50,7,3.5714285714285716,300,4.5409833546727896e-06,14,50,7,3.5714285714285716,True,2.995732273553991,0.0
uf20-91,uf20-0147.cnf,5.9,20,91,True,9.333976777270436e-06,14,50,7,3.5714285714285716,1000,4.542001988738775e-06,14,50,7,3.5714285714285716,True,2.995732273553991,0.0
uf20-91,uf20-0148.cnf,6.625,20,91,True,1.1707976227626204e-05,13,80,9,6.153846153846154,10,6.542017217725515e-06,13,80,9,6.153846153846154,True,2.995732273553991,0.0
uf20-91,uf20-0148.cnf,6.625,20,91,True,1.1707976227626204e-05,13,80,9,6.153846153846154,30,5.375011824071407e-06,13,80,9,6.153846153846154,True,2.995732273553991,0.0
uf20-91,uf20-0148.cnf,6.625,20,91,True,1.1707976227626204e-05,13,80,9,6.153846153846154,100,5.1670067477971315e-06,13,80,9,6.153846153846154,True,2.995732273553991,0.0
uf20-91,uf20-0148.cnf,6.625,20,91,True,1.1707976227626204e-05,13,80,9,6.153846153846154,300,5.165988113731146e-06,13,80,9,6.153846153846154,True,2.995732273553991,0.0
uf20-91,uf20-0148.cnf,6.625,20,91,True,1.1707976227626204e-05,13,80,9,6.153846153846154,1000,5.0419766921550035e-06,13,80,9,6.153846153846154,True,2.995732273553991,0.0
uf20-91,uf20-0149.cnf,3.1111,20,91,True,1.0040996130555868e-05,16,50,4,3.125,10,5.416979547590017e-06,16,50,4,3.125,True,2.995732273553991,0.0
uf20-91,uf20-0149.cnf,3.1111,20,91,True,1.0040996130555868e-05,16,50,4,3.125,30,3.958004526793957e-06,16,50,4,3.125,True,2.995732273553991,0.0
uf20-91,uf20-0149.cnf,3.1111,20,91,True,1.0040996130555868e-05,16,50,4,3.125,100,3.790977643802762e-06,16,50,4,3.125,True,2.995732273553991,0.0
uf20-91,uf20-0149.cnf,3.1111,20,91,True,1.0040996130555868e-05,16,50,4,3.125,300,3.7919962778687477e-06,16,50,4,3.125,True,2.995732273553991,0.0
uf20-91,uf20-0149.cnf,3.1111,20,91,True,1.0040996130555868e-05,16,50,4,3.125,1000,3.958004526793957e-06,16,50,4,3.125,True,2.995732273553991,0.0
uf20-91,uf20-015.cnf,2.2727,20,91,True,5.458015948534012e-06,11,29,1,2.6363636363636362,10,3.583001671358943e-06,11,29,1,2.6363636363636362,True,2.995732273553991,0.0
uf20-91,uf20-015.cnf,2.2727,20,91,True,5.458015948534012e-06,11,29,1,2.6363636363636362,30,3.0830269679427147e-06,11,29,1,2.6363636363636362,True,2.995732273553991,0.0
uf20-91,uf20-015.cnf,2.2727,20,91,True,5.458015948534012e-06,11,29,1,2.6363636363636362,100,3.04199056699872e-06,11,29,1,2.6363636363636362,True,2.995732273553991,0.0
uf20-91,uf20-015.cnf,2.2727,20,91,True,5.458015948534012e-06,11,29,1,2.6363636363636362,300,2.874992787837982e-06,11,29,1,2.6363636363636362,True,2.995732273553991,0.0
uf20-91,uf20-015.cnf,2.2727,20,91,True,5.458015948534012e-06,11,29,1,2.6363636363636362,1000,2.91600008495152e-06,11,29,1,2.6363636363636362,True,2.995732273553991,0.0
uf20-91,uf20-0150.cnf,4.0,20,91,True,3.583001671358943e-06,5,21,0,4.2,10,2.6249908842146397e-06,5,21,0,4.2,True,2.995732273553991,0.0
uf20-91,uf20-0150.cnf,4.0,20,91,True,3.583001671358943e-06,5,21,0,4.2,30,2.415996277704835e-06,5,21,0,4.2,True,2.995732273553991,0.0
uf20-91,uf20-0150.cnf,4.0,20,91,True,3.583001671358943e-06,5,21,0,4.2,100,2.3329921532422304e-06,5,21,0,4.2,True,2.995732273553991,0.0
uf20-91,uf20-0150.cnf,4.0,20,91,True,3.583001671358943e-06,5,21,0,4.2,300,2.334010787308216e-06,5,21,0,4.2,True,2.995732273553991,0.0
uf20-91,uf20-0150.cnf,4.0,20,91,True,3.583001671358943e-06,5,21,0,4.2,1000,2.1249870769679546e-06,5,21,0,4.2,True,2.995732273553991,0.0
uf20-91,uf20-0151.cnf,5.8947,20,91,True,8.292001439258456e-06,10,57,6,5.7,10,4.750007065013051e-06,10,57,6,5.7,True,2.995732273553991,0.0
uf20-91,uf20-0151.cnf,5.8947,20,91,True,8.292001439258456e-06,10,57,6,5.7,30,4.0000013541430235e-06,10,57,6,5.7,True,2.995732273553991,0.0
uf20-91,uf20-0151.cnf,5.8947,20,91,True,8.292001439258456e-06,10,57,6,5.7,100,3.916997229680419e-06,10,57,6,5.7,True,2.995732273553991,0.0
uf20-91,uf20-0151.cnf,5.8947,20,91,True,8.292001439258456e-06,10,57,6,5.7,300,3.8339931052178144e-06,10,57,6,5.7,True,2.995732273553991,0.0
uf20-91,uf20-0151.cnf,5.8947,20,91,True,8.292001439258456e-06,10,57,6,5.7,1000,3.7080026231706142e-06,10,57,6,5.7,True,2.995732273553991,0.0
uf50-218,uf50-01.cnf,9.8182,50,218,True,2.329199924133718e-05,22,190,7,8.636363636363637,10,1.400001929141581e-05,22,190,7,8.636363636363637,True,3.912023005428146,0.0
uf50-218,uf50-01.cnf,9.8182,50,218,True,2.329199924133718e-05,22,190,7,8.636363636363637,30,9.540992323309183e-06,22,190,7,8.636363636363637,True,3.912023005428146,0.0
uf50-218,uf50-01.cnf,9.8182,50,218,True,2.329199924133718e-05,22,190,7,8.636363636363637,100,8.708011591807008e-06,22,190,7,8.636363636363637,True,3.912023005428146,0.0
uf50-218,uf50-01.cnf,9.8182,50,218,True,2.329199924133718e-05,22,190,7,8.636363636363637,300,8.417002391070127e-06,22,190,7,8.636363636363637,True,3.912023005428146,0.0
uf50-218,uf50-01.cnf,9.8182,50,218,True,2.329199924133718e-05,22,190,7,8.636363636363637,1000,8.37500556372106e-06,22,190,7,8.636363636363637,True,3.912023005428146,0.0
uf50-218,uf50-010.cnf,10.2203,50,218,True,7.720800931565464e-05,60,718,44,11.966666666666667,10,1.5083991456776857e-05,18,158,11,8.777777777777779,False,3.912023005428146,0.266480965645311
uf50-218,uf50-010.cnf,10.2203,50,218,True,7.720800931565464e-05,60,718,44,11.966666666666667,30,2.479099202901125e-05,37,437,30,11.81081081081081,False,3.912023005428146,0.01302416622750888
uf50-218,uf50-010.cnf,10.2203,50,218,True,7.720800931565464e-05,60,718,44,11.966666666666667,100,3.23750136885792e-05,60,718,44,11.966666666666667,True,3.912023005428146,0.0
uf50-218,uf50-010.cnf,10.2203,50,218,True,7.720800931565464e-05,60,718,44,11.966666666666667,300,2.6458001229912043e-05,60,718,44,11.966666666666667,True,3.912023005428146,0.0
uf50-218,uf50-010.cnf,10.2203,50,218,True,7.720800931565464e-05,60,718,44,11.966666666666667,1000,2.4500011932104826e-05,60,718,44,11.966666666666667,True,3.912023005428146,0.0
uf50-218,uf50-0100.cnf,11.9231,50,218,True,0.00010904198279604316,94,1035,72,11.01063829787234,10,1.2832984793931246e-05,22,106,11,4.818181818181818,False,3.912023005428146,0.5624066754501537
uf50-218,uf50-0100.cnf,11.9231,50,218,True,0.00010904198279604316,94,1035,72,11.01063829787234,30,2.6541005354374647e-05,44,385,33,8.75,False,3.912023005428146,0.20531400966183574
uf50-218,uf50-0100.cnf,11.9231,50,218,True,0.00010904198279604316,94,1035,72,11.01063829787234,100,6.216700421646237e-05,94,1035,72,11.01063829787234,True,3.912023005428146,0.0
uf50-218,uf50-0100.cnf,11.9231,50,218,True,0.00010904198279604316,94,1035,72,11.01063829787234,300,4.891600110568106e-05,94,1035,72,11.01063829787234,True,3.912023005428146,0.0
uf50-218,uf50-0100.cnf,11.9231,50,218,True,0.00010904198279604316,94,1035,72,11.01063829787234,1000,4.329101648181677e-05,94,1035,72,11.01063829787234,True,3.912023005428146,0.0
uf50-218,uf50-01000.cnf,13.8621,50,218,True,0.00011783299851231277,94,1219,73,12.96808510638298,10,1.720900763757527e-05,19,180,10,9.473684210526315,False,3.912023005428146,0.2694615949224991
uf50-218,uf50-01000.cnf,13.8621,50,218,True,0.00011783299851231277,94,1219,73,12.96808510638298,30,3.012499655596912e-05,39,480,30,12.307692307692308,False,3.912023005428146,0.05092446519846026
uf50-218,uf50-01000.cnf,13.8621,50,218,True,0.00011783299851231277,94,1219,73,12.96808510638298,100,7.237499812617898e-05,94,1219,73,12.96808510638298,True,3.912023005428146,0.0
uf50-218,uf50-01000.cnf,13.8621,50,218,True,0.00011783299851231277,94,1219,73,12.96808510638298,300,5.108301411382854e-05,94,1219,73,12.96808510638298,True,3.912023005428146,0.0
uf50-218,uf50-01000.cnf,13.8621,50,218,True,0.00011783299851231277,94,1219,73,12.96808510638298,1000,4.300000728107989e-05,94,1219,73,12.96808510638298,True,3.912023005428146,0.0
uf50-218,uf50-0101.cnf,10.098,50,218,True,2.5917019229382277e-05,24,174,9,7.25,10,1.5166006051003933e-05,24,174,9,7.25,True,3.912023005428146,0.0
uf50-218,uf50-0101.cnf,10.098,50,218,True,2.5917019229382277e-05,24,174,9,7.25,30,1.1415977496653795e-05,24,174,9,7.25,True,3.912023005428146,0.0
uf50-218,uf50-0101.cnf,10.098,50,218,True,2.5917019229382277e-05,24,174,9,7.25,100,1.0875024599954486e-05,24,174,9,7.25,True,3.912023005428146,0.0
uf50-218,uf50-0101.cnf,10.098,50,218,True,2.5917019229382277e-05,24,174,9,7.25,300,1.0332994861528277e-05,24,174,9,7.25,True,3.912023005428146,0.0
uf50-218,uf50-0101.cnf,10.098,50,218,True,2.5917019229382277e-05,24,174,9,7.25,1000,1.0375020792707801e-05,24,174,9,7.25,True,3.912023005428146,0.0
uf50-218,uf50-0102.cnf,12.8842,50,218,True,0.00010754200047813356,93,1064,74,11.440860215053764,10,1.4417018974199891e-05,14,121,10,8.642857142857142,False,3.912023005428146,0.24456229860365206
uf50-218,uf50-0102.cnf,12.8842,50,218,True,0.00010754200047813356,93,1064,74,11.440860215053764,30,3.245798870921135e-05,35,434,30,12.4,False,3.912023005428146,0.0838345864661654
uf50-218,uf50-0102.cnf,12.8842,50,218,True,0.00010754200047813356,93,1064,74,11.440860215053764,100,6.079199374653399e-05,93,1064,74,11.440860215053764,True,3.912023005428146,0.0
uf50-218,uf50-0102.cnf,12.8842,50,218,True,0.00010754200047813356,93,1064,74,11.440860215053764,300,4.312500823289156e-05,93,1064,74,11.440860215053764,True,3.912023005428146,0.0
uf50-218,uf50-0102.cnf,12.8842,50,218,True,0.00010754200047813356,93,1064,74,11.440860215053764,1000,3.7250021705403924e-05,93,1064,74,11.440860215053764,True,3.912023005428146,0.0
uf50-218,uf50-0103.cnf,7.875,50,218,True,3.0333001632243395e-05,37,285,19,7.702702702702703,10,1.0875024599954486e-05,14,132,10,9.428571428571429,False,3.912023005428146,0.2240601503759399
uf50-218,uf50-0103.cnf,7.875,50,218,True,3.0333001632243395e-05,37,285,19,7.702702702702703,30,1.575000351294875e-05,37,285,19,7.702702702702703,True,3.912023005428146,0.0
uf50-218,uf50-0103.cnf,7.875,50,218,True,3.0333001632243395e-05,37,285,19,7.702702702702703,100,1.3250013580545783e-05,37,285,19,7.702702702702703,True,3.912023005428146,0.0
uf50-218,uf50-0103.cnf,7.875,50,218,True,3.0333001632243395e-05,37,285,19,7.702702702702703,300,1.3457989552989602e-05,37,285,19,7.702702702702703,True,3.912023005428146,0.0
uf50-218,uf50-0103.cnf,7.875,50,218,True,3.0333001632243395e-05,37,285,19,7.702702702702703,1000,1.329201040789485e-05,37,285,19,7.702702702702703,True,3.912023005428146,0.0
uf50-218,uf50-0104.cnf,10.5972,50,218,True,5.699999746866524e-05,47,551,32,11.72340425531915,10,1.4874996850267053e-05,15,167,10,11.133333333333333,False,3.912023005428146,0.05033272837265585
uf50-218,uf50-0104.cnf,10.5972,50,218,True,5.699999746866524e-05,47,551,32,11.72340425531915,30,2.6875000912696123e-05,37,508,31,13.72972972972973,False,3.912023005428146,0.17113847059400594
uf50-218,uf50-0104.cnf,10.5972,50,218,True,5.699999746866524e-05,47,551,32,11.72340425531915,100,2.245799987576902e-05,47,551,32,11.72340425531915,True,3.912023005428146,0.0
uf50-218,uf50-0104.cnf,10.5972,50,218,True,5.699999746866524e-05,47,551,32,11.72340425531915,300,1.937500201165676e-05,47,551,32,11.72340425531915,True,3.912023005428146,0.0
uf50-218,uf50-0104.cnf,10.5972,50,218,True,5.699999746866524e-05,47,551,32,11.72340425531915,1000,1.8749997252598405e-05,47,551,32,11.72340425531915,True,3.912023005428146,0.0
uf50-218,uf50-0105.cnf,10.0698,50,218,True,2.3792003048583865e-05,28,205,14,7.321428571428571,10,1.2750009773299098e-05,17,151,12,8.882352941176471,False,3.912023005428146,0.21319942611190829
uf50-218,uf50-0105.cnf,10.0698,50,218,True,2.3792003048583865e-05,28,205,14,7.321428571428571,30,1.2625008821487427e-05,28,205,14,7.321428571428571,True,3.912023005428146,0.0
uf50-218,uf50-0105.cnf,10.0698,50,218,True,2.3792003048583865e-05,28,205,14,7.321428571428571,100,1.1166994227096438e-05,28,205,14,7.321428571428571,True,3.912023005428146,0.0
uf50-218,uf50-0105.cnf,10.0698,50,218,True,2.3792003048583865e-05,28,205,14,7.321428571428571,300,1.0375020792707801e-05,28,205,14,7.321428571428571,True,3.912023005428146,0.0
uf50-218,uf50-0105.cnf,10.0698,50,218,True,2.3792003048583865e-05,28,205,14,7.321428571428571,1000,1.025001984089613e-05,28,205,14,7.321428571428571,True,3.912023005428146,0.0
uf50-218,uf50-0106.cnf,8.1429,50,218,True,3.0291994335129857e-05,29,283,18,9.758620689655173,10,1.1791998986154795e-05,15,136,10,9.066666666666666,False,3.912023005428146,0.07090694935217907
uf50-218,uf50-0106.cnf,8.1429,50,218,True,3.0291994335129857e-05,29,283,18,9.758620689655173,30,1.4959019608795643e-05,29,283,18,9.758620689655173,True,3.912023005428146,0.0
uf50-218,uf50-0106.cnf,8.1429,50,218,True,3.0291994335129857e-05,29,283,18,9.758620689655173,100,1.287501072511077e-05,29,283,18,9.758620689655173,True,3.912023005428146,0.0
uf50-218,uf50-0106.cnf,8.1429,50,218,True,3.0291994335129857e-05,29,283,18,9.758620689655173,300,1.229101326316595e-05,29,283,18,9.758620689655173,True,3.912023005428146,0.0
uf50-218,uf50-0106.cnf,8.1429,50,218,True,3.0291994335129857e-05,29,283,18,9.758620689655173,1000,1.2333999620750546e-05,29,283,18,9.758620689655173,True,3.912023005428146,0.0
uf50-218,uf50-0107.cnf,11.4333,50,218,True,8.883298141881824e-05,68,758,51,11.147058823529411,10,1.5708996215835214e-05,14,152,11,10.857142857142858,False,3.912023005428146,0.02600829249905758
uf50-218,uf50-0107.cnf,11.4333,50,218,True,8.883298141881824e-05,68,758,51,11.147058823529411,30,2.5124987587332726e-05,38,412,30,10.842105263157896,False,3.912023005428146,0.02735731148451592
uf50-218,uf50-0107.cnf,11.4333,50,218,True,8.883298141881824e-05,68,758,51,11.147058823529411,100,9.308400331065059e-05,68,758,51,11.147058823529411,True,3.912023005428146,0.0
uf50-218,uf50-0107.cnf,11.4333,50,218,True,8.883298141881824e-05,68,758,51,11.147058823529411,300,9.241697262041271e-05,68,758,51,11.147058823529411,True,3.912023005428146,0.0
uf50-218,uf50-0107.cnf,11.4333,50,218,True,8.883298141881824e-05,68,758,51,11.147058823529411,1000,4.0834012906998396e-05,68,758,51,11.147058823529411,True,3.912023005428146,0.0
uf50-218,uf50-0108.cnf,7.1071,50,218,True,3.4958997275680304e-05,39,306,21,7.846153846153846,10,1.216601231135428e-05,18,112,10,6.222222222222222,False,3.912023005428146,0.2069716775599128
uf50-218,uf50-0108.cnf,7.1071,50,218,True,3.4958997275680304e-05,39,306,21,7.846153846153846,30,1.7667014617472887e-05,39,306,21,7.846153846153846,True,3.912023005428146,0.0
uf50-218,uf50-0108.cnf,7.1071,50,218,True,3.4958997275680304e-05,39,306,21,7.846153846153846,100,1.4582998119294643e-05,39,306,21,7.846153846153846,True,3.912023005428146,0.0
uf50-218,uf50-0108.cnf,7.1071,50,218,True,3.4958997275680304e-05,39,306,21,7.846153846153846,300,3.6375015042722225e-05,39,306,21,7.846153846153846,True,3.912023005428146,0.0
uf50-218,uf50-0108.cnf,7.1071,50,218,True,3.4958997275680304e-05,39,306,21,7.846153846153846,1000,1.9416998839005828e-05,39,306,21,7.846153846153846,True,3.912023005428146,0.0
uf50-218,uf50-0109.cnf,10.6444,50,218,True,9.958300506696105e-05,48,507,36,10.5625,10,1.9749975763261318e-05,19,176,11,9.263157894736842,False,3.912023005428146,0.12301463718467763
uf50-218,uf50-0109.cnf,10.6444,50,218,True,9.958300506696105e-05,48,507,36,10.5625,30,7.929201819933951e-05,37,420,31,11.35135135135135,False,3.912023005428146,0.07468415160722848
uf50-218,uf50-0109.cnf,10.6444,50,218,True,9.958300506696105e-05,48,507,36,10.5625,100,3.416600520722568e-05,48,507,36,10.5625,True,3.912023005428146,0.0
uf50-218,uf50-0109.cnf,10.6444,50,218,True,9.958300506696105e-05,48,507,36,10.5625,300,2.4290988221764565e-05,48,507,36,10.5625,True,3.912023005428146,0.0
uf50-218,uf50-0109.cnf,10.6444,50,218,True,9.958300506696105e-05,48,507,36,10.5625,1000,2.19999928958714e-05,48,507,36,10.5625,True,3.912023005428146,0.0
uf50-218,uf50-011.cnf,9.0,50,218,True,3.679099609144032e-05,37,278,17,7.513513513513513,10,1.7125013982877135e-05,22,147,10,6.681818181818182,False,3.912023005428146,0.11069326357096139
uf50-218,uf50-011.cnf,9.0,50,218,True,3.679099609144032e-05,37,278,17,7.513513513513513,30,1.824999344535172e-05,37,278,17,7.513513513513513,True,3.912023005428146,0.0
uf50-218,uf50-011.cnf,9.0,50,218,True,3.679099609144032e-05,37,278,17,7.513513513513513,100,1.387501833960414e-05,37,278,17,7.513513513513513,True,3.912023005428146,0.0
uf50-218,uf50-011.cnf,9.0,50,218,True,3.679099609144032e-05,37,278,17,7.513513513513513,300,3.362499410286546e-05,37,278,17,7.513513513513513,True,3.912023005428146,0.0
uf50-218,uf50-011.cnf,9.0,50,218,True,3.679099609144032e-05,37,278,17,7.513513513513513,1000,4.641700070351362e-05,37,278,17,7.513513513513513,True,3.912023005428146,0.0
uf50-218,uf50-0110.cnf,9.4483,50,218,True,5.179201252758503e-05,44,481,32,10.931818181818182,10,1.595797948539257e-05,21,154,12,7.333333333333333,False,3.912023005428146,0.3291753291753292
uf50-218,uf50-0110.cnf,9.4483,50,218,True,5.179201252758503e-05,44,481,32,10.931818181818182,30,5.6209013564512134e-05,40,447,30,11.175,False,3.912023005428146,0.022245322245322326
uf50-218,uf50-0110.cnf,9.4483,50,218,True,5.179201252758503e-05,44,481,32,10.931818181818182,100,3.91670037060976e-05,44,481,32,10.931818181818182,True,3.912023005428146,0.0
uf50-218,uf50-0110.cnf,9.4483,50,218,True,5.179201252758503e-05,44,481,32,10.931818181818182,300,2.9582995921373367e-05,44,481,32,10.931818181818182,True,3.912023005428146,0.0
uf50-218,uf50-0110.cnf,9.4483,50,218,True,5.179201252758503e-05,44,481,32,10.931818181818182,1000,2.4250010028481483e-05,44,481,32,10.931818181818182,True,3.912023005428146,0.0
uf50-218,uf50-0111.cnf,12.7541,50,218,True,0.00011429100413806736,82,1027,63,12.524390243902438,10,1.720801810733974e-05,18,148,10,8.222222222222221,False,3.912023005428146,0.34350319160445747
uf50-218,uf50-0111.cnf,12.7541,50,218,True,0.00011429100413806736,82,1027,63,12.524390243902438,30,3.041699528694153e-05,38,450,31,11.842105263157896,False,3.912023005428146,0.05447650284425754
uf50-218,uf50-0111.cnf,12.7541,50,218,True,0.00011429100413806736,82,1027,63,12.524390243902438,100,6.654101889580488e-05,82,1027,63,12.524390243902438,True,3.912023005428146,0.0
uf50-218,uf50-0111.cnf,12.7541,50,218,True,0.00011429100413806736,82,1027,63,12.524390243902438,300,4.9416994443163276e-05,82,1027,63,12.524390243902438,True,3.912023005428146,0.0
uf50-218,uf50-0111.cnf,12.7541,50,218,True,0.00011429100413806736,82,1027,63,12.524390243902438,1000,4.345798515714705e-05,82,1027,63,12.524390243902438,True,3.912023005428146,0.0
uf50-218,uf50-0112.cnf,9.0,50,218,True,3.070899401791394e-05,24,259,14,10.791666666666666,10,1.404198701493442e-05,17,191,12,11.235294117647058,False,3.912023005428146,0.041108335225982263
uf50-218,uf50-0112.cnf,9.0,50,218,True,3.070899401791394e-05,24,259,14,10.791666666666666,30,1.3165990822017193e-05,24,259,14,10.791666666666666,True,3.912023005428146,0.0
uf50-218,uf50-0112.cnf,9.0,50,218,True,3.070899401791394e-05,24,259,14,10.791666666666666,100,1.2083997717127204e-05,24,259,14,10.791666666666666,True,3.912023005428146,0.0
uf50-218,uf50-0112.cnf,9.0,50,218,True,3.070899401791394e-05,24,259,14,10.791666666666666,300,1.2083008186891675e-05,24,259,14,10.791666666666666,True,3.912023005428146,0.0
uf50-218,uf50-0112.cnf,9.0,50,218,True,3.070899401791394e-05,24,259,14,10.791666666666666,1000,1.2083008186891675e-05,24,259,14,10.791666666666666,True,3.912023005428146,0.0
uf50-218,uf50-0113.cnf,4.0833,50,218,True,7.875001756474376e-06,13,51,0,3.923076923076923,10,5.707988748326898e-06,13,51,0,3.923076923076923,True,3.912023005428146,0.0
uf50-218,uf50-0113.cnf,4.0833,50,218,True,7.875001756474376e-06,13,51,0,3.923076923076923,30,4.750007065013051e-06,13,51,0,3.923076923076923,True,3.912023005428146,0.0
uf50-218,uf50-0113.cnf,4.0833,50,218,True,7.875001756474376e-06,13,51,0,3.923076923076923,100,4.415982402861118e-06,13,51,0,3.923076923076923,True,3.912023005428146,0.0
uf50-218,uf50-0113.cnf,4.0833,50,218,True,7.875001756474376e-06,13,51,0,3.923076923076923,300,4.499976057559252e-06,13,51,0,3.923076923076923,True,3.912023005428146,0.0
uf50-218,uf50-0113.cnf,4.0833,50,218,True,7.875001756474376e-06,13,51,0,3.923076923076923,1000,4.417001036927104e-06,13,51,0,3.923076923076923,True,3.912023005428146,0.0
uf50-218,uf50-0114.cnf,9.0976,50,218,True,3.145798109471798e-05,41,266,17,6.487804878048781,10,1.2792006600648165e-05,16,158,12,9.875,False,3.912023005428146,0.5220864661654134
uf50-218,uf50-0114.cnf,9.0976,50,218,True,3.145798109471798e-05,41,266,17,6.487804878048781,30,1.62090000230819e-05,41,266,17,6.487804878048781,True,3.912023005428146,0.0
uf50-218,uf50-0114.cnf,9.0976,50,218,True,3.145798109471798e-05,41,266,17,6.487804878048781,100,1.391599653288722e-05,41,266,17,6.487804878048781,True,3.912023005428146,0.0
uf50-218,uf50-0114.cnf,9.0976,50,218,True,3.145798109471798e-05,41,266,17,6.487804878048781,300,1.3334007235243917e-05,41,266,17,6.487804878048781,True,3.912023005428146,0.0
uf50-218,uf50-0114.cnf,9.0976,50,218,True,3.145798109471798e-05,41,266,17,6.487804878048781,1000,1.2957985745742917e-05,41,266,17,6.487804878048781,True,3.912023005428146,0.0
uf50-218,uf50-0115.cnf,4.3636,50,218,True,7.875001756474376e-06,11,51,0,4.636363636363637,10,5.584006430581212e-06,11,51,0,4.636363636363637,True,3.912023005428146,0.0
uf50-218,uf50-0115.cnf,4.3636,50,218,True,7.875001756474376e-06,11,51,0,4.636363636363637,30,4.334026016294956e-06,11,51,0,4.636363636363637,True,3.912023005428146,0.0
uf50-218,uf50-0115.cnf,4.3636,50,218,True,7.875001756474376e-06,11,51,0,4.636363636363637,100,4.292000085115433e-06,11,51,0,4.636363636363637,True,3.912023005428146,0.0
uf50-218,uf50-0115.cnf,4.3636,50,218,True,7.875001756474376e-06,11,51,0,4.636363636363637,300,3.875000402331352e-06,11,51,0,4.636363636363637,True,3.912023005428146,0.0
uf50-218,uf50-0115.cnf,4.3636,50,218,True,7.875001756474376e-06,11,51,0,4.636363636363637,1000,3.749999450519681e-06,11,51,0,4.636363636363637,True,3.912023005428146,0.0
uf50-218,uf50-0116.cnf,9.2857,50,218,True,4.108299617655575e-05,35,375,21,10.714285714285714,10,1.6000005416572094e-05,15,200,11,13.333333333333334,False,3.912023005428146,0.24444444444444458
uf50-218,uf50-0116.cnf,9.2857,50,218,True,4.108299617655575e-05,35,375,21,10.714285714285714,30,1.8749997252598405e-05,35,375,21,10.714285714285714,True,3.912023005428146,0.0
uf50-218,uf50-0116.cnf,9.2857,50,218,True,4.108299617655575e-05,35,375,21,10.714285714285714,100,1.6959005733951926e-05,35,375,21,10.714285714285714,True,3.912023005428146,0.0
uf50-218,uf50-0116.cnf,9.2857,50,218,True,4.108299617655575e-05,35,375,21,10.714285714285714,300,1.4958000974729657e-05,35,375,21,10.714285714285714,True,3.912023005428146,0.0
uf50-218,uf50-0116.cnf,9.2857,50,218,True,4.108299617655575e-05,35,375,21,10.714285714285714,1000,1.4457997167482972e-05,35,375,21,10.714285714285714,True,3.912023005428146,0.0
uf50-218,uf50-0117.cnf,10.5238,50,218,True,4.33750101365149e-05,46,464,27,10.08695652173913,10,1.3249984476715326e-05,15,166,10,11.066666666666666,False,3.912023005428146,0.09712643678160914
uf50-218,uf50-0117.cnf,10.5238,50,218,True,4.33750101365149e-05,46,464,27,10.08695652173913,30,2.3500004317611456e-05,46,464,27,10.08695652173913,True,3.912023005428146,0.0
uf50-218,uf50-0117.cnf,10.5238,50,218,True,4.33750101365149e-05,46,464,27,10.08695652173913,100,1.754099503159523e-05,46,464,27,10.08695652173913,True,3.912023005428146,0.0
uf50-218,uf50-0117.cnf,10.5238,50,218,True,4.33750101365149e-05,46,464,27,10.08695652173913,300,1.76659959834069e-05,46,464,27,10.08695652173913,True,3.912023005428146,0.0
uf50-218,uf50-0117.cnf,10.5238,50,218,True,4.33750101365149e-05,46,464,27,10.08695652173913,1000,1.724998583085835e-05,46,464,27,10.08695652173913,True,3.912023005428146,0.0
uf50-218,uf50-0118.cnf,10.7353,50,218,True,5.754097946919501e-05,52,548,36,10.538461538461538,10,1.5792000340297818e-05,18,162,11,9.0,False,3.912023005428146,0.145985401459854
uf50-218,uf50-0118.cnf,10.7353,50,218,True,5.754097946919501e-05,52,548,36,10.538461538461538,30,2.429200685583055e-05,36,423,30,11.75,False,3.912023005428146,0.11496350364963505
uf50-218,uf50-0118.cnf,10.7353,50,218,True,5.754097946919501e-05,52,548,36,10.538461538461538,100,2.6249996153637767e-05,52,548,36,10.538461538461538,True,3.912023005428146,0.0
uf50-218,uf50-0118.cnf,10.7353,50,218,True,5.754097946919501e-05,52,548,36,10.538461538461538,300,2.1499989088624716e-05,52,548,36,10.538461538461538,True,3.912023005428146,0.0
uf50-218,uf50-0118.cnf,10.7353,50,218,True,5.754097946919501e-05,52,548,36,10.538461538461538,1000,2.3416010662913322e-05,52,548,36,10.538461538461538,True,3.912023005428146,0.0
uf50-218,uf50-0119.cnf,12.6429,50,218,True,6.766701699234545e-05,53,628,41,11.849056603773585,10,1.533300383016467e-05,14,131,10,9.357142857142858,False,3.912023005428146,0.21030482256596902
uf50-218,uf50-0119.cnf,12.6429,50,218,True,6.766701699234545e-05,53,628,41,11.849056603773585,30,2.7999980375170708e-05,35,456,31,13.028571428571428,False,3.912023005428146,0.09954504094631482
uf50-218,uf50-0119.cnf,12.6429,50,218,True,6.766701699234545e-05,53,628,41,11.849056603773585,100,2.9708986403420568e-05,53,628,41,11.849056603773585,True,3.912023005428146,0.0
uf50-218,uf50-0119.cnf,12.6429,50,218,True,6.766701699234545e-05,53,628,41,11.849056603773585,300,2.370899892412126e-05,53,628,41,11.849056603773585,True,3.912023005428146,0.0
uf50-218,uf50-0119.cnf,12.6429,50,218,True,6.766701699234545e-05,53,628,41,11.849056603773585,1000,2.145799226127565e-05,53,628,41,11.849056603773585,True,3.912023005428146,0.0
uf50-218,uf50-012.cnf,10.6765,50,218,True,5.9707992477342486e-05,58,555,42,9.568965517241379,10,1.3999990187585354e-05,19,133,11,7.0,False,3.912023005428146,0.26846846846846845
uf50-218,uf50-012.cnf,10.6765,50,218,True,5.9707992477342486e-05,58,555,42,9.568965517241379,30,2.5749992346391082e-05,37,364,30,9.837837837837839,False,3.912023005428146,0.028098368638909292
uf50-218,uf50-012.cnf,10.6765,50,218,True,5.9707992477342486e-05,58,555,42,9.568965517241379,100,2.8250011382624507e-05,58,555,42,9.568965517241379,True,3.912023005428146,0.0
uf50-218,uf50-012.cnf,10.6765,50,218,True,5.9707992477342486e-05,58,555,42,9.568965517241379,300,2.258300082758069e-05,58,555,42,9.568965517241379,True,3.912023005428146,0.0
uf50-218,uf50-012.cnf,10.6765,50,218,True,5.9707992477342486e-05,58,555,42,9.568965517241379,1000,2.158299321308732e-05,58,555,42,9.568965517241379,True,3.912023005428146,0.0
uf50-218,uf50-0120.cnf,10.2464,50,218,True,6.983400089666247e-05,66,649,49,9.833333333333334,10,1.7166981706395745e-05,20,165,13,8.25,False,3.912023005428146,0.16101694915254242
uf50-218,uf50-0120.cnf,10.2464,50,218,True,6.983400089666247e-05,66,649,49,9.833333333333334,30,2.104099257849157e-05,38,335,30,8.81578947368421,False,3.912023005428146,0.10347903657448711
uf50-218,uf50-0120.cnf,10.2464,50,218,True,6.983400089666247e-05,66,649,49,9.833333333333334,100,3.087500226683915e-05,66,649,49,9.833333333333334,True,3.912023005428146,0.0
uf50-218,uf50-0120.cnf,10.2464,50,218,True,6.983400089666247e-05,66,649,49,9.833333333333334,300,2.662499900907278e-05,66,649,49,9.833333333333334,True,3.912023005428146,0.0
uf50-218,uf50-0120.cnf,10.2464,50,218,True,6.983400089666247e-05,66,649,49,9.833333333333334,1000,2.3250002413988113e-05,66,649,49,9.833333333333334,True,3.912023005428146,0.0
uf50-218,uf50-0121.cnf,13.2093,50,218,True,0.0001159579842351377,82,1031,63,12.573170731707316,10,1.7458020010963082e-05,20,180,10,9.0,False,3.912023005428146,0.2841901066925315
uf50-218,uf50-0121.cnf,13.2093,50,218,True,0.0001159579842351377,82,1031,63,12.573170731707316,30,3.3042015274986625e-05,40,485,30,12.125,False,3.912023005428146,0.03564500484966046
uf50-218,uf50-0121.cnf,13.2093,50,218,True,0.0001159579842351377,82,1031,63,12.573170731707316,100,6.762502016499639e-05,82,1031,63,12.573170731707316,True,3.912023005428146,0.0
uf50-218,uf50-0121.cnf,13.2093,50,218,True,0.0001159579842351377,82,1031,63,12.573170731707316,300,5.204201443120837e-05,82,1031,63,12.573170731707316,True,3.912023005428146,0.0
uf50-218,uf50-0121.cnf,13.2093,50,218,True,0.0001159579842351377,82,1031,63,12.573170731707316,1000,4.6083005145192146e-05,82,1031,63,12.573170731707316,True,3.912023005428146,0.0
uf50-218,uf50-0122.cnf,10.5806,50,218,True,9.579199831932783e-05,77,855,56,11.103896103896103,10,1.5875004464760423e-05,16,148,10,9.25,False,3.912023005428146,0.1669590643274853
uf50-218,uf50-0122.cnf,10.5806,50,218,True,9.579199831932783e-05,77,855,56,11.103896103896103,30,2.458301605656743e-05,37,368,30,9.945945945945946,False,3.912023005428146,0.10428323059902003
uf50-218,uf50-0122.cnf,10.5806,50,218,True,9.579199831932783e-05,77,855,56,11.103896103896103,100,5.4917007219046354e-05,77,855,56,11.103896103896103,True,3.912023005428146,0.0
uf50-218,uf50-0122.cnf,10.5806,50,218,True,9.579199831932783e-05,77,855,56,11.103896103896103,300,4.208399332128465e-05,77,855,56,11.103896103896103,True,3.912023005428146,0.0
uf50-218,uf50-0122.cnf,10.5806,50,218,True,9.579199831932783e-05,77,855,56,11.103896103896103,1000,3.7250021705403924e-05,77,855,56,11.103896103896103,True,3.912023005428146,0.0
uf50-218,uf50-0123.cnf,11.8776,50,218,True,1.7624988686293364e-05,18,144,6,8.0,10,1.229101326316595e-05,18,144,6,8.0,True,3.912023005428146,0.0
uf50-218,uf50-0123.cnf,11.8776,50,218,True,1.7624988686293364e-05,18,144,6,8.0,30,8.625007467344403e-06,18,144,6,8.0,True,3.912023005428146,0.0
uf50-218,uf50-0123.cnf,11.8776,50,218,True,1.7624988686293364e-05,18,144,6,8.0,100,9.25001222640276e-06,18,144,6,8.0,True,3.912023005428146,0.0
uf50-218,uf50-0123.cnf,11.8776,50,218,True,1.7624988686293364e-05,18,144,6,8.0,300,4.787501529790461e-05,18,144,6,8.0,True,3.912023005428146,0.0
uf50-218,uf50-0123.cnf,11.8776,50,218,True,1.7624988686293364e-05,18,144,6,8.0,1000,2.0042003598064184e-05,18,144,6,8.0,True,3.912023005428146,0.0
uf50-218,uf50-0124.cnf,11.0164,50,218,True,8.354100282303989e-05,73,761,52,10.424657534246576,10,1.912500010803342e-05,20,161,11,8.05,False,3.912023005428146,0.22779237844940864
uf50-218,uf50-0124.cnf,11.0164,50,218,True,8.354100282303989e-05,73,761,52,10.424657534246576,30,3.112500417046249e-05,41,465,30,11.341463414634147,False,3.912023005428146,0.0879458991698984
uf50-218,uf50-0124.cnf,11.0164,50,218,True,8.354100282303989e-05,73,761,52,10.424657534246576,100,3.9749982533976436e-05,73,761,52,10.424657534246576,True,3.912023005428146,0.0
uf50-218,uf50-0124.cnf,11.0164,50,218,True,8.354100282303989e-05,73,761,52,10.424657534246576,300,3.0499999411404133e-05,73,761,52,10.424657534246576,True,3.912023005428146,0.0
uf50-218,uf50-0124.cnf,11.0164,50,218,True,8.354100282303989e-05,73,761,52,10.424657534246576,1000,2.8000009479001164e-05,73,761,52,10.424657534246576,True,3.912023005428146,0.0
uf50-218,uf50-0125.cnf,7.8065,50,218,True,4.095799522474408e-05,39,357,25,9.153846153846153,10,1.2582982890307903e-05,20,134,10,6.7,False,3.912023005428146,0.26806722689075624
uf50-218,uf50-0125.cnf,7.8065,50,218,True,4.095799522474408e-05,39,357,25,9.153846153846153,30,2.3707980290055275e-05,39,357,25,9.153846153846153,True,3.912023005428146,0.0
uf50-218,uf50-0125.cnf,7.8065,50,218,True,4.095799522474408e-05,39,357,25,9.153846153846153,100,1.7082988051697612e-05,39,357,25,9.153846153846153,True,3.912023005428146,0.0
uf50-218,uf50-0125.cnf,7.8065,50,218,True,4.095799522474408e-05,39,357,25,9.153846153846153,300,1.5249999705702066e-05,39,357,25,9.153846153846153,True,3.912023005428146,0.0
uf50-218,uf50-0125.cnf,7.8065,50,218,True,4.095799522474408e-05,39,357,25,9.153846153846153,1000,1.5166006051003933e-05,39,357,25,9.153846153846153,True,3.912023005428146,0.0
uf50-218,uf50-0126.cnf,9.0,50,218,True,4.0292012272402644e-05,39,356,19,9.128205128205128,10,1.6292004147544503e-05,16,181,10,11.3125,False,3.912023005428146,0.2392907303370787
uf50-218,uf50-0126.cnf,9.0,50,218,True,4.0292012272402644e-05,39,356,19,9.128205128205128,30,2.1625019144266844e-05,39,356,19,9.128205128205128,True,3.912023005428146,0.0
uf50-218,uf50-0126.cnf,9.0,50,218,True,4.0292012272402644e-05,39,356,19,9.128205128205128,100,1.737498678267002e-05,39,356,19,9.128205128205128,True,3.912023005428146,0.0
uf50-218,uf50-0126.cnf,9.0,50,218,True,4.0292012272402644e-05,39,356,19,9.128205128205128,300,1.6000005416572094e-05,39,356,19,9.128205128205128,True,3.912023005428146,0.0
uf50-218,uf50-0126.cnf,9.0,50,218,True,4.0292012272402644e-05,39,356,19,9.128205128205128,1000,1.5541008906438947e-05,39,356,19,9.128205128205128,True,3.912023005428146,0.0
uf50-218,uf50-0127.cnf,9.7843,50,218,True,0.00010558302165009081,78,915,58,11.73076923076923,10,1.912500010803342e-05,18,206,11,11.444444444444445,False,3.912023005428146,0.024408014571948914
uf50-218,uf50-0127.cnf,9.7843,50,218,True,0.00010558302165009081,78,915,58,11.73076923076923,30,3.329201717860997e-05,41,557,32,13.585365853658537,False,3.912023005428146,0.15809676129548192
uf50-218,uf50-0127.cnf,9.7843,50,218,True,0.00010558302165009081,78,915,58,11.73076923076923,100,5.5666983826085925e-05,78,915,58,11.73076923076923,True,3.912023005428146,0.0
uf50-218,uf50-0127.cnf,9.7843,50,218,True,0.00010558302165009081,78,915,58,11.73076923076923,300,4.700000863522291e-05,78,915,58,11.73076923076923,True,3.912023005428146,0.0
uf50-218,uf50-0127.cnf,9.7843,50,218,True,0.00010558302165009081,78,915,58,11.73076923076923,1000,4.025001544505358e-05,78,915,58,11.73076923076923,True,3.912023005428146,0.0
uf50-218,uf50-0128.cnf,10.4328,50,218,True,5.608299397863448e-05,45,527,34,11.71111111111111,10,1.6584002878516912e-05,16,142,11,8.875,False,3.912023005428146,0.2421726755218216
uf50-218,uf50-0128.cnf,10.4328,50,218,True,5.608299397863448e-05,45,527,34,11.71111111111111,30,2.5124987587332726e-05,35,424,30,12.114285714285714,False,3.912023005428146,0.03442667389536463
uf50-218,uf50-0128.cnf,10.4328,50,218,True,5.608299397863448e-05,45,527,34,11.71111111111111,100,2.558401320129633e-05,45,527,34,11.71111111111111,True,3.912023005428146,0.0
uf50-218,uf50-0128.cnf,10.4328,50,218,True,5.608299397863448e-05,45,527,34,11.71111111111111,300,2.125001628883183e-05,45,527,34,11.71111111111111,True,3.912023005428146,0.0
uf50-218,uf50-0128.cnf,10.4328,50,218,True,5.608299397863448e-05,45,527,34,11.71111111111111,1000,2.0000006770715117e-05,45,527,34,11.71111111111111,True,3.912023005428146,0.0
uf50-218,uf50-0129.cnf,12.1803,50,218,True,9.537499863654375e-05,82,954,62,11.634146341463415,10,1.2957985745742917e-05,21,119,10,5.666666666666667,False,3.912023005428146,0.5129280223619846
uf50-218,uf50-0129.cnf,12.1803,50,218,True,9.537499863654375e-05,82,954,62,11.634146341463415,30,5.5333017371594906e-05,39,443,31,11.35897435897436,False,3.912023005428146,0.023652099123797243
uf50-218,uf50-0129.cnf,12.1803,50,218,True,9.537499863654375e-05,82,954,62,11.634146341463415,100,8.566700853407383e-05,82,954,62,11.634146341463415,True,3.912023005428146,0.0
uf50-218,uf50-0129.cnf,12.1803,50,218,True,9.537499863654375e-05,82,954,62,11.634146341463415,300,5.337499896995723e-05,82,954,62,11.634146341463415,True,3.912023005428146,0.0
uf50-218,uf50-0129.cnf,12.1803,50,218,True,9.537499863654375e-05,82,954,62,11.634146341463415,1000,3.950000973418355e-05,82,954,62,11.634146341463415,True,3.912023005428146,0.0
uf50-218,uf50-013.cnf,11.1667,50,218,True,7.383298361673951e-05,66,655,43,9.924242424242424,10,1.724998583085835e-05,16,157,11,9.8125,False,3.912023005428146,0.011259541984732786
uf50-218,uf50-013.cnf,11.1667,50,218,True,7.383298361673951e-05,66,655,43,9.924242424242424,30,2.4040986318141222e-05,38,396,31,10.421052631578947,False,3.912023005428146,0.05006026516673362
uf50-218,uf50-013.cnf,11.1667,50,218,True,7.383298361673951e-05,66,655,43,9.924242424242424,100,3.199998172931373e-05,66,655,43,9.924242424242424,True,3.912023005428146,0.0
uf50-218,uf50-013.cnf,11.1667,50,218,True,7.383298361673951e-05,66,655,43,9.924242424242424,300,2.4541019229218364e-05,66,655,43,9.924242424242424,True,3.912023005428146,0.0
uf50-218,uf50-013.cnf,11.1667,50,218,True,7.383298361673951e-05,66,655,43,9.924242424242424,1000,2.2458989406004548e-05,66,655,43,9.924242424242424,True,3.912023005428146,0.0
uf50-218,uf50-0130.cnf,8.8696,50,218,True,4.295801045373082e-05,45,387,30,8.6,10,1.1791998986154795e-05,21,113,12,5.380952380952381,False,3.912023005428146,0.37430786267995564
uf50-218,uf50-0130.cnf,8.8696,50,218,True,4.295801045373082e-05,45,387,30,8.6,30,2.0708015654236078e-05,39,346,30,8.871794871794872,False,3.912023005428146,0.03160405485986891
uf50-218,uf50-0130.cnf,8.8696,50,218,True,4.295801045373082e-05,45,387,30,8.6,100,1.8458988051861525e-05,45,387,30,8.6,True,3.912023005428146,0.0
uf50-218,uf50-0130.cnf,8.8696,50,218,True,4.295801045373082e-05,45,387,30,8.6,300,1.6000005416572094e-05,45,387,30,8.6,True,3.912023005428146,0.0
uf50-218,uf50-0130.cnf,8.8696,50,218,True,4.295801045373082e-05,45,387,30,8.6,1000,1.5458004781976342e-05,45,387,30,8.6,True,3.912023005428146,0.0
uf50-218,uf50-0131.cnf,7.234,50,218,True,4.254200030118227e-05,45,443,25,9.844444444444445,10,1.358301960863173e-05,16,172,11,10.75,False,3.912023005428146,0.09198645598194125
uf50-218,uf50-0131.cnf,7.234,50,218,True,4.254200030118227e-05,45,443,25,9.844444444444445,30,2.104099257849157e-05,45,443,25,9.844444444444445,True,3.912023005428146,0.0
uf50-218,uf50-0131.cnf,7.234,50,218,True,4.254200030118227e-05,45,443,25,9.844444444444445,100,1.6749982023611665e-05,45,443,25,9.844444444444445,True,3.912023005428146,0.0
uf50-218,uf50-0131.cnf,7.234,50,218,True,4.254200030118227e-05,45,443,25,9.844444444444445,300,1.575000351294875e-05,45,443,25,9.844444444444445,True,3.912023005428146,0.0
uf50-218,uf50-0131.cnf,7.234,50,218,True,4.254200030118227e-05,45,443,25,9.844444444444445,1000,1.5375000657513738e-05,45,443,25,9.844444444444445,True,3.912023005428146,0.0
uf50-218,uf50-0132.cnf,9.6667,50,218,True,7.729200297035277e-05,74,751,53,10.14864864864865,10,1.4707999071106315e-05,18,150,10,8.333333333333334,False,3.912023005428146,0.178872614292055
uf50-218,uf50-0132.cnf,9.6667,50,218,True,7.729200297035277e-05,74,751,53,10.14864864864865,30,2.5917019229382277e-05,40,422,30,10.55,False,3.912023005428146,0.03954727030625834
uf50-218,uf50-0132.cnf,9.6667,50,218,True,7.729200297035277e-05,74,751,53,10.14864864864865,100,3.67090106010437e-05,74,751,53,10.14864864864865,True,3.912023005428146,0.0
uf50-218,uf50-0132.cnf,9.6667,50,218,True,7.729200297035277e-05,74,751,53,10.14864864864865,300,2.7833011699840426e-05,74,751,53,10.14864864864865,True,3.912023005428146,0.0
uf50-218,uf50-0132.cnf,9.6667,50,218,True,7.729200297035277e-05,74,751,53,10.14864864864865,1000,2.549999044276774e-05,74,751,53,10.14864864864865,True,3.912023005428146,0.0
uf50-218,uf50-0133.cnf,7.8696,50,218,True,3.862500307150185e-05,31,361,22,11.64516129032258,10,1.4082994312047958e-05,19,173,10,9.105263157894736,False,3.912023005428146,0.21810759585945474
uf50-218,uf50-0133.cnf,7.8696,50,218,True,3.862500307150185e-05,31,361,22,11.64516129032258,30,1.8250022549182177e-05,31,361,22,11.64516129032258,True,3.912023005428146,0.0
uf50-218,uf50-0133.cnf,7.8696,50,218,True,3.862500307150185e-05,31,361,22,11.64516129032258,100,1.5249999705702066e-05,31,361,22,11.64516129032258,True,3.912023005428146,0.0
uf50-218,uf50-0133.cnf,7.8696,50,218,True,3.862500307150185e-05,31,361,22,11.64516129032258,300,1.4374993043020368e-05,31,361,22,11.64516129032258,True,3.912023005428146,0.0
uf50-218,uf50-0133.cnf,7.8696,50,218,True,3.862500307150185e-05,31,361,22,11.64516129032258,1000,1.4082994312047958e-05,31,361,22,11.64516129032258,True,3.912023005428146,0.0
uf50-218,uf50-0134.cnf,12.6061,50,218,True,7.479099440388381e-05,58,762,47,13.137931034482758,10,1.6999983927235007e-05,18,176,10,9.777777777777779,False,3.912023005428146,0.2557596967045785
uf50-218,uf50-0134.cnf,12.6061,50,218,True,7.479099440388381e-05,58,762,47,13.137931034482758,30,2.820801455527544e-05,37,498,31,13.45945945945946,False,3.912023005428146,0.024473292189827685
uf50-218,uf50-0134.cnf,12.6061,50,218,True,7.479099440388381e-05,58,762,47,13.137931034482758,100,3.445800393819809e-05,58,762,47,13.137931034482758,True,3.912023005428146,0.0
uf50-218,uf50-0134.cnf,12.6061,50,218,True,7.479099440388381e-05,58,762,47,13.137931034482758,300,2.841599052771926e-05,58,762,47,13.137931034482758,True,3.912023005428146,0.0
uf50-218,uf50-0134.cnf,12.6061,50,218,True,7.479099440388381e-05,58,762,47,13.137931034482758,1000,2.6583002181723714e-05,58,762,47,13.137931034482758,True,3.912023005428146,0.0
uf50-218,uf50-0135.cnf,6.8485,50,218,True,2.5707995519042015e-05,28,189,11,6.75,10,1.4666991773992777e-05,14,156,10,11.142857142857142,False,3.912023005428146,0.6507936507936507
uf50-218,uf50-0135.cnf,6.8485,50,218,True,2.5707995519042015e-05,28,189,11,6.75,30,1.3625016435980797e-05,28,189,11,6.75,True,3.912023005428146,0.0
uf50-218,uf50-0135.cnf,6.8485,50,218,True,2.5707995519042015e-05,28,189,11,6.75,100,1.2291973689571023e-05,28,189,11,6.75,True,3.912023005428146,0.0
uf50-218,uf50-0135.cnf,6.8485,50,218,True,2.5707995519042015e-05,28,189,11,6.75,300,1.1374999303370714e-05,28,189,11,6.75,True,3.912023005428146,0.0
uf50-218,uf50-0135.cnf,6.8485,50,218,True,2.5707995519042015e-05,28,189,11,6.75,1000,1.0957999620586634e-05,28,189,11,6.75,True,3.912023005428146,0.0
uf50-218,uf50-0136.cnf,11.3455,50,218,True,1.929097925312817e-05,26,145,8,5.576923076923077,10,1.2083008186891675e-05,26,145,8,5.576923076923077,True,3.912023005428146,0.0
uf50-218,uf50-0136.cnf,11.3455,50,218,True,1.929097925312817e-05,26,145,8,5.576923076923077,30,9.249983122572303e-06,26,145,8,5.576923076923077,True,3.912023005428146,0.0
uf50-218,uf50-0136.cnf,11.3455,50,218,True,1.929097925312817e-05,26,145,8,5.576923076923077,100,8.707982487976551e-06,26,145,8,5.576923076923077,True,3.912023005428146,0.0
uf50-218,uf50-0136.cnf,11.3455,50,218,True,1.929097925312817e-05,26,145,8,5.576923076923077,300,8.25000461190939e-06,26,145,8,5.576923076923077,True,3.912023005428146,0.0
uf50-218,uf50-0136.cnf,11.3455,50,218,True,1.929097925312817e-05,26,145,8,5.576923076923077,1000,8.041999535635114e-06,26,145,8,5.576923076923077,True,3.912023005428146,0.0
uf50-218,uf50-0137.cnf,11.0196,50,218,True,1.5999976312741637e-05,18,105,5,5.833333333333333,10,9.459006832912564e-06,18,105,5,5.833333333333333,True,3.912023005428146,0.0
uf50-218,uf50-0137.cnf,11.0196,50,218,True,1.5999976312741637e-05,18,105,5,5.833333333333333,30,7.499998901039362e-06,18,105,5,5.833333333333333,True,3.912023005428146,0.0
uf50-218,uf50-0137.cnf,11.0196,50,218,True,1.5999976312741637e-05,18,105,5,5.833333333333333,100,7.208000170066953e-06,18,105,5,5.833333333333333,True,3.912023005428146,0.0
uf50-218,uf50-0137.cnf,11.0196,50,218,True,1.5999976312741637e-05,18,105,5,5.833333333333333,300,6.95799826644361e-06,18,105,5,5.833333333333333,True,3.912023005428146,0.0
uf50-218,uf50-0137.cnf,11.0196,50,218,True,1.5999976312741637e-05,18,105,5,5.833333333333333,1000,6.542017217725515e-06,18,105,5,5.833333333333333,True,3.912023005428146,0.0
uf50-218,uf50-0138.cnf,5.2778,50,218,True,2.1832995116710663e-05,18,211,10,11.722222222222221,10,1.1500000255182385e-05,15,207,10,13.8,False,3.912023005428146,0.17725118483412336
uf50-218,uf50-0138.cnf,5.2778,50,218,True,2.1832995116710663e-05,18,211,10,11.722222222222221,30,9.875016985461116e-06,18,211,10,11.722222222222221,True,3.912023005428146,0.0
uf50-218,uf50-0138.cnf,5.2778,50,218,True,2.1832995116710663e-05,18,211,10,11.722222222222221,100,9.37501317821443e-06,18,211,10,11.722222222222221,True,3.912023005428146,0.0
uf50-218,uf50-0138.cnf,5.2778,50,218,True,2.1832995116710663e-05,18,211,10,11.722222222222221,300,1.1041003745049238e-05,18,211,10,11.722222222222221,True,3.912023005428146,0.0
uf50-218,uf50-0138.cnf,5.2778,50,218,True,2.1832995116710663e-05,18,211,10,11.722222222222221,1000,1.0082992957904935e-05,18,211,10,11.722222222222221,True,3.912023005428146,0.0
uf50-218,uf50-0139.cnf,9.7045,50,218,True,0.0001242079888470471,82,859,62,10.475609756097562,10,1.6458012396469712e-05,16,148,12,9.25,False,3.912023005428146,0.11699650756693837
uf50-218,uf50-0139.cnf,9.7045,50,218,True,0.0001242079888470471,82,859,62,10.475609756097562,30,2.2541004000231624e-05,36,363,30,10.083333333333334,False,3.912023005428146,0.037446643383779614
uf50-218,uf50-0139.cnf,9.7045,50,218,True,0.0001242079888470471,82,859,62,10.475609756097562,100,5.312499706633389e-05,82,859,62,10.475609756097562,True,3.912023005428146,0.0
uf50-218,uf50-0139.cnf,9.7045,50,218,True,0.0001242079888470471,82,859,62,10.475609756097562,300,4.008301766589284e-05,82,859,62,10.475609756097562,True,3.912023005428146,0.0
uf50-218,uf50-0139.cnf,9.7045,50,218,True,0.0001242079888470471,82,859,62,10.475609756097562,1000,3.5999983083456755e-05,82,859,62,10.475609756097562,True,3.912023005428146,0.0
uf50-218,uf50-014.cnf,8.1739,50,218,True,8.112500654533505e-05,70,802,53,11.457142857142857,10,1.6667007002979517e-05,17,206,10,12.117647058823529,False,3.912023005428146,0.057649992665395285
uf50-218,uf50-014.cnf,8.1739,50,218,True,8.112500654533505e-05,70,802,53,11.457142857142857,30,2.5332992663607e-05,37,474,31,12.81081081081081,False,3.912023005428146,0.11815056952214055
uf50-218,uf50-014.cnf,8.1739,50,218,True,8.112500654533505e-05,70,802,53,11.457142857142857,100,3.737499355338514e-05,70,802,53,11.457142857142857,True,3.912023005428146,0.0
uf50-218,uf50-014.cnf,8.1739,50,218,True,8.112500654533505e-05,70,802,53,11.457142857142857,300,2.9499991796910763e-05,70,802,53,11.457142857142857,True,3.912023005428146,0.0
uf50-218,uf50-014.cnf,8.1739,50,218,True,8.112500654533505e-05,70,802,53,11.457142857142857,1000,2.7000001864507794e-05,70,802,53,11.457142857142857,True,3.912023005428146,0.0
uf50-218,uf50-0140.cnf,5.6667,50,218,True,1.2415985111147165e-05,12,90,2,7.5,10,7.374997949227691e-06,12,90,2,7.5,True,3.912023005428146,0.0
uf50-218,uf50-0140.cnf,5.6667,50,218,True,1.2415985111147165e-05,12,90,2,7.5,30,6.542017217725515e-06,12,90,2,7.5,True,3.912023005428146,0.0
uf50-218,uf50-0140.cnf,5.6667,50,218,True,1.2415985111147165e-05,12,90,2,7.5,100,5.624984623864293e-06,12,90,2,7.5,True,3.912023005428146,0.0
uf50-218,uf50-0140.cnf,5.6667,50,218,True,1.2415985111147165e-05,12,90,2,7.5,300,5.499983672052622e-06,12,90,2,7.5,True,3.912023005428146,0.0
uf50-218,uf50-0140.cnf,5.6667,50,218,True,1.2415985111147165e-05,12,90,2,7.5,1000,5.375011824071407e-06,12,90,2,7.5,True,3.912023005428146,0.0
uf50-218,uf50-0141.cnf,4.3636,50,218,True,1.1833006283268332e-05,17,82,3,4.823529411764706,10,7.624999852851033e-06,17,82,3,4.823529411764706,True,3.912023005428146,0.0
uf50-218,uf50-0141.cnf,4.3636,50,218,True,1.1833006283268332e-05,17,82,3,4.823529411764706,30,6.459013093262911e-06,17,82,3,4.823529411764706,True,3.912023005428146,0.0
uf50-218,uf50-0141.cnf,4.3636,50,218,True,1.1833006283268332e-05,17,82,3,4.823529411764706,100,6.082991603761911e-06,17,82,3,4.823529411764706,True,3.912023005428146,0.0
uf50-218,uf50-0141.cnf,4.3636,50,218,True,1.1833006283268332e-05,17,82,3,4.823529411764706,300,5.874986527487636e-06,17,82,3,4.823529411764706,True,3.912023005428146,0.0
uf50-218,uf50-0141.cnf,4.3636,50,218,True,1.1833006283268332e-05,17,82,3,4.823529411764706,1000,5.833979230374098e-06,17,82,3,4.823529411764706,True,3.912023005428146,0.0
uf50-218,uf50-0142.cnf,12.8095,50,218,True,3.225001273676753e-05,32,308,17,9.625,10,1.329201040789485e-05,17,177,11,10.411764705882353,False,3.912023005428146,0.0817417876241406
uf50-218,uf50-0142.cnf,12.8095,50,218,True,3.225001273676753e-05,32,308,17,9.625,30,1.5375000657513738e-05,32,308,17,9.625,True,3.912023005428146,0.0
uf50-218,uf50-0142.cnf,12.8095,50,218,True,3.225001273676753e-05,32,308,17,9.625,100,1.3042008504271507e-05,32,308,17,9.625,True,3.912023005428146,0.0
uf50-218,uf50-0142.cnf,12.8095,50,218,True,3.225001273676753e-05,32,308,17,9.625,300,1.2500007869675756e-05,32,308,17,9.625,True,3.912023005428146,0.0
uf50-218,uf50-0142.cnf,12.8095,50,218,True,3.225001273676753e-05,32,308,17,9.625,1000,1.2333010090515018e-05,32,308,17,9.625,True,3.912023005428146,0.0
uf50-218,uf50-0143.cnf,7.6491,50,218,True,6.370799383148551e-05,42,310,20,7.380952380952381,10,1.5416997484862804e-05,13,148,11,11.384615384615385,False,3.912023005428146,0.5424317617866005
uf50-218,uf50-0143.cnf,7.6491,50,218,True,6.370799383148551e-05,42,310,20,7.380952380952381,30,1.8916995031759143e-05,42,310,20,7.380952380952381,True,3.912023005428146,0.0
uf50-218,uf50-0143.cnf,7.6491,50,218,True,6.370799383148551e-05,42,310,20,7.380952380952381,100,1.5375000657513738e-05,42,310,20,7.380952380952381,True,3.912023005428146,0.0
uf50-218,uf50-0143.cnf,7.6491,50,218,True,6.370799383148551e-05,42,310,20,7.380952380952381,300,1.4457997167482972e-05,42,310,20,7.380952380952381,True,3.912023005428146,0.0
uf50-218,uf50-0143.cnf,7.6491,50,218,True,6.370799383148551e-05,42,310,20,7.380952380952381,1000,3.825000021606684e-05,42,310,20,7.380952380952381,True,3.912023005428146,0.0
uf50-218,uf50-0144.cnf,12.8529,50,218,True,0.00011487500160001218,95,1109,75,11.673684210526316,10,1.7584010493010283e-05,15,135,11,9.0,False,3.912023005428146,0.22903516681695224
uf50-218,uf50-0144.cnf,12.8529,50,218,True,0.00011487500160001218,95,1109,75,11.673684210526316,30,2.9667018679901958e-05,35,448,30,12.8,False,3.912023005428146,0.09648331830477912
uf50-218,uf50-0144.cnf,12.8529,50,218,True,0.00011487500160001218,95,1109,75,11.673684210526316,100,6.445799954235554e-05,95,1109,75,11.673684210526316,True,3.912023005428146,0.0
uf50-218,uf50-0144.cnf,12.8529,50,218,True,0.00011487500160001218,95,1109,75,11.673684210526316,300,4.8582995077595115e-05,95,1109,75,11.673684210526316,True,3.912023005428146,0.0
uf50-218,uf50-0144.cnf,12.8529,50,218,True,0.00011487500160001218,95,1109,75,11.673684210526316,1000,4.241600981913507e-05,95,1109,75,11.673684210526316,True,3.912023005428146,0.0
uf50-218,uf50-0145.cnf,14.3902,50,218,True,2.7874979423359036e-05,21,239,11,11.380952380952381,10,1.4874996850267053e-05,17,195,11,11.470588235294118,False,3.912023005428146,0.007875953728771815
uf50-218,uf50-0145.cnf,14.3902,50,218,True,2.7874979423359036e-05,21,239,11,11.380952380952381,30,1.2459000572562218e-05,21,239,11,11.380952380952381,True,3.912023005428146,0.0
uf50-218,uf50-0145.cnf,14.3902,50,218,True,2.7874979423359036e-05,21,239,11,11.380952380952381,100,1.09999964479357e-05,21,239,11,11.380952380952381,True,3.912023005428146,0.0
uf50-218,uf50-0145.cnf,14.3902,50,218,True,2.7874979423359036e-05,21,239,11,11.380952380952381,300,1.0415998985990882e-05,21,239,11,11.380952380952381,True,3.912023005428146,0.0
uf50-218,uf50-0145.cnf,14.3902,50,218,True,2.7874979423359036e-05,21,239,11,11.380952380952381,1000,1.0249990737065673e-05,21,239,11,11.380952380952381,True,3.912023005428146,0.0
uf50-218,uf50-0146.cnf,9.1364,50,218,True,4.016599268652499e-05,33,344,23,10.424242424242424,10,1.4291988918557763e-05,17,158,11,9.294117647058824,False,3.912023005428146,0.10841313269493834
uf50-218,uf50-0146.cnf,9.1364,50,218,True,4.016599268652499e-05,33,344,23,10.424242424242424,30,2.012500772252679e-05,33,344,23,10.424242424242424,True,3.912023005428146,0.0
uf50-218,uf50-0146.cnf,9.1364,50,218,True,4.016599268652499e-05,33,344,23,10.424242424242424,100,1.6958016203716397e-05,33,344,23,10.424242424242424,True,3.912023005428146,0.0
uf50-218,uf50-0146.cnf,9.1364,50,218,True,4.016599268652499e-05,33,344,23,10.424242424242424,300,4.529100260697305e-05,33,344,23,10.424242424242424,True,3.912023005428146,0.0
uf50-218,uf50-0146.cnf,9.1364,50,218,True,4.016599268652499e-05,33,344,23,10.424242424242424,1000,3.287498839199543e-05,33,344,23,10.424242424242424,True,3.912023005428146,0.0
uf50-218,uf50-0147.cnf,4.375,50,218,True,2.300000051036477e-05,24,169,10,7.041666666666667,10,1.2749980669468641e-05,19,163,10,8.578947368421053,False,3.912023005428146,0.2183120523201495
uf50-218,uf50-0147.cnf,4.375,50,218,True,2.300000051036477e-05,24,169,10,7.041666666666667,30,1.087499549612403e-05,24,169,10,7.041666666666667,True,3.912023005428146,0.0
uf50-218,uf50-0147.cnf,4.375,50,218,True,2.300000051036477e-05,24,169,10,7.041666666666667,100,9.292009053751826e-06,24,169,10,7.041666666666667,True,3.912023005428146,0.0
uf50-218,uf50-0147.cnf,4.375,50,218,True,2.300000051036477e-05,24,169,10,7.041666666666667,300,9.082985343411565e-06,24,169,10,7.041666666666667,True,3.912023005428146,0.0
uf50-218,uf50-0147.cnf,4.375,50,218,True,2.300000051036477e-05,24,169,10,7.041666666666667,1000,8.750008419156075e-06,24,169,10,7.041666666666667,True,3.912023005428146,0.0
uf50-218,uf50-0148.cnf,10.3974,50,218,True,0.00010579201625660062,86,892,70,10.372093023255815,10,1.5958008589223027e-05,18,141,12,7.833333333333333,False,3.912023005428146,0.24476831091180876
uf50-218,uf50-0148.cnf,10.3974,50,218,True,0.00010579201625660062,86,892,70,10.372093023255815,30,2.3625005269423127e-05,42,356,31,8.476190476190476,False,3.912023005428146,0.1827888105915012
uf50-218,uf50-0148.cnf,10.3974,50,218,True,0.00010579201625660062,86,892,70,10.372093023255815,100,5.708300159312785e-05,86,892,70,10.372093023255815,True,3.912023005428146,0.0
uf50-218,uf50-0148.cnf,10.3974,50,218,True,0.00010579201625660062,86,892,70,10.372093023255815,300,5.479200626723468e-05,86,892,70,10.372093023255815,True,3.912023005428146,0.0
uf50-218,uf50-0148.cnf,10.3974,50,218,True,0.00010579201625660062,86,892,70,10.372093023255815,1000,4.549999721348286e-05,86,892,70,10.372093023255815,True,3.912023005428146,0.0
uf50-218,uf50-0149.cnf,9.2742,50,218,True,7.14590132702142e-05,71,646,47,9.098591549295774,10,1.5958998119458556e-05,15,159,10,10.6,False,3.912023005428146,0.16501547987616103
uf50-218,uf50-0149.cnf,9.2742,50,218,True,7.14590132702142e-05,71,646,47,9.098591549295774,30,4.7250010538846254e-05,42,402,30,9.571428571428571,False,3.912023005428146,0.051968155683326
uf50-218,uf50-0149.cnf,9.2742,50,218,True,7.14590132702142e-05,71,646,47,9.098591549295774,100,5.354199674911797e-05,71,646,47,9.098591549295774,True,3.912023005428146,0.0
uf50-218,uf50-0149.cnf,9.2742,50,218,True,7.14590132702142e-05,71,646,47,9.098591549295774,300,3.716698847711086e-05,71,646,47,9.098591549295774,True,3.912023005428146,0.0
uf50-218,uf50-0149.cnf,9.2742,50,218,True,7.14590132702142e-05,71,646,47,9.098591549295774,1000,2.7542002499103546e-05,71,646,47,9.098591549295774,True,3.912023005428146,0.0
uf50-218,uf50-015.cnf,5.3333,50,218,True,1.9708997569978237e-05,29,153,9,5.275862068965517,10,1.3459008187055588e-05,29,153,9,5.275862068965517,True,3.912023005428146,0.0
uf50-218,uf50-015.cnf,5.3333,50,218,True,1.9708997569978237e-05,29,153,9,5.275862068965517,30,8.37500556372106e-06,29,153,9,5.275862068965517,True,3.912023005428146,0.0
uf50-218,uf50-015.cnf,5.3333,50,218,True,1.9708997569978237e-05,29,153,9,5.275862068965517,100,7.833994459360838e-06,29,153,9,5.275862068965517,True,3.912023005428146,0.0
uf50-218,uf50-015.cnf,5.3333,50,218,True,1.9708997569978237e-05,29,153,9,5.275862068965517,300,7.875001756474376e-06,29,153,9,5.275862068965517,True,3.912023005428146,0.0
uf50-218,uf50-015.cnf,5.3333,50,218,True,1.9708997569978237e-05,29,153,9,5.275862068965517,1000,7.5830030255019665e-06,29,153,9,5.275862068965517,True,3.912023005428146,0.0
uf50-218,uf50-0150.cnf,10.7037,50,218,True,2.924998989328742e-05,32,258,14,8.0625,10,1.4124991139397025e-05,25,176,10,7.04,False,3.912023005428146,0.1268217054263566
uf50-218,uf50-0150.cnf,10.7037,50,218,True,2.924998989328742e-05,32,258,14,8.0625,30,1.3582990504801273e-05,32,258,14,8.0625,True,3.912023005428146,0.0
uf50-218,uf50-0150.cnf,10.7037,50,218,True,2.924998989328742e-05,32,258,14,8.0625,100,1.2167001841589808e-05,32,258,14,8.0625,True,3.912023005428146,0.0
uf50-218,uf50-0150.cnf,10.7037,50,218,True,2.924998989328742e-05,32,258,14,8.0625,300,1.129100564867258e-05,32,258,14,8.0625,True,3.912023005428146,0.0
uf50-218,uf50-0150.cnf,10.7037,50,218,True,2.924998989328742e-05,32,258,14,8.0625,1000,1.1166994227096438e-05,32,258,14,8.0625,True,3.912023005428146,0.0
uf50-218,uf50-0151.cnf,12.0217,50,218,True,0.00010204201680608094,91,988,69,10.857142857142858,10,1.533300383016467e-05,15,158,11,10.533333333333333,False,3.912023005428146,0.029824561403508826
uf50-218,uf50-0151.cnf,12.0217,50,218,True,0.00010204201680608094,91,988,69,10.857142857142858,30,2.7000001864507794e-05,34,434,31,12.764705882352942,False,3.912023005428146,0.1756965944272446
uf50-218,uf50-0151.cnf,12.0217,50,218,True,0.00010204201680608094,91,988,69,10.857142857142858,100,5.254099960438907e-05,91,988,69,10.857142857142858,True,3.912023005428146,0.0
uf50-218,uf50-0151.cnf,12.0217,50,218,True,0.00010204201680608094,91,988,69,10.857142857142858,300,4.095901385881007e-05,91,988,69,10.857142857142858,True,3.912023005428146,0.0
uf50-218,uf50-0151.cnf,12.0217,50,218,True,0.00010204201680608094,91,988,69,10.857142857142858,1000,3.5834003938362e-05,91,988,69,10.857142857142858,True,3.912023005428146,0.0
uuf50-218,uuf50-01.cnf,12.3529,50,218,False,0.00010091697913594544,63,803,53,12.746031746031745,10,1.6499980119988322e-05,19,186,10,9.789473684210526,False,3.912023005428146,0.23195910074064363
uuf50-218,uuf50-01.cnf,12.3529,50,218,False,0.00010091697913594544,63,803,53,12.746031746031745,30,2.9458984499797225e-05,39,488,30,12.512820512820513,False,3.912023005428146,0.01829677172142919
uuf50-218,uuf50-01.cnf,12.3529,50,218,False,0.00010091697913594544,63,803,53,12.746031746031745,100,4.820802132599056e-05,63,803,53,12.746031746031745,True,3.912023005428146,0.0
uuf50-218,uuf50-01.cnf,12.3529,50,218,False,0.00010091697913594544,63,803,53,12.746031746031745,300,4.474999150261283e-05,63,803,53,12.746031746031745,True,3.912023005428146,0.0
uuf50-218,uuf50-01.cnf,12.3529,50,218,False,0.00010091697913594544,63,803,53,12.746031746031745,1000,4.0125014493241906e-05,63,803,53,12.746031746031745,True,3.912023005428146,0.0
uuf50-218,uuf50-010.cnf,13.0263,50,218,False,6.662501255050302e-05,52,640,46,12.307692307692308,10,1.4874996850267053e-05,15,154,10,10.266666666666667,False,3.912023005428146,0.1658333333333333
uuf50-218,uuf50-010.cnf,13.0263,50,218,False,6.662501255050302e-05,52,640,46,12.307692307692308,30,3.024999750778079e-05,38,451,31,11.868421052631579,False,3.912023005428146,0.03569078947368428
uuf50-218,uuf50-010.cnf,13.0263,50,218,False,6.662501255050302e-05,52,640,46,12.307692307692308,100,2.8416019631549716e-05,52,640,46,12.307692307692308,True,3.912023005428146,0.0
uuf50-218,uuf50-010.cnf,13.0263,50,218,False,6.662501255050302e-05,52,640,46,12.307692307692308,300,2.5459012249484658e-05,52,640,46,12.307692307692308,True,3.912023005428146,0.0
uuf50-218,uuf50-010.cnf,13.0263,50,218,False,6.662501255050302e-05,52,640,46,12.307692307692308,1000,2.3041997337713838e-05,52,640,46,12.307692307692308,True,3.912023005428146,0.0
uuf50-218,uuf50-0100.cnf,10.1719,50,218,False,0.00015854198136366904,56,661,51,11.803571428571429,10,5.8166973758488894e-05,18,160,12,8.88888888888889,False,3.912023005428146,0.24693225752227263
uuf50-218,uuf50-0100.cnf,10.1719,50,218,False,0.00015854198136366904,56,661,51,11.803571428571429,30,5.054101347923279e-05,37,452,32,12.216216216216216,False,3.912023005428146,0.03495931635114685
uuf50-218,uuf50-0100.cnf,10.1719,50,218,False,0.00015854198136366904,56,661,51,11.803571428571429,100,4.8707996029406786e-05,56,661,51,11.803571428571429,True,3.912023005428146,0.0
uuf50-218,uuf50-0100.cnf,10.1719,50,218,False,0.00015854198136366904,56,661,51,11.803571428571429,300,3.095902502536774e-05,56,661,51,11.803571428571429,True,3.912023005428146,0.0
uuf50-218,uuf50-0100.cnf,10.1719,50,218,False,0.00015854198136366904,56,661,51,11.803571428571429,1000,2.520799171179533e-05,56,661,51,11.803571428571429,True,3.912023005428146,0.0
uuf50-218,uuf50-01000.cnf,12.4103,50,218,False,0.00011954200454056263,43,541,39,12.581395348837209,10,3.079199814237654e-05,16,137,10,8.5625,False,3.912023005428146,0.31943160813308685
uuf50-218,uuf50-01000.cnf,12.4103,50,218,False,0.00011954200454056263,43,541,39,12.581395348837209,30,0.00011779199121519923,35,423,30,12.085714285714285,False,3.912023005428146,0.039397940322154705
uuf50-218,uuf50-01000.cnf,12.4103,50,218,False,0.00011954200454056263,43,541,39,12.581395348837209,100,5.908301682211459e-05,43,541,39,12.581395348837209,True,3.912023005428146,0.0
uuf50-218,uuf50-01000.cnf,12.4103,50,218,False,0.00011954200454056263,43,541,39,12.581395348837209,300,3.387502511031926e-05,43,541,39,12.581395348837209,True,3.912023005428146,0.0
uuf50-218,uuf50-01000.cnf,12.4103,50,218,False,0.00011954200454056263,43,541,39,12.581395348837209,1000,2.4084001779556274e-05,43,541,39,12.581395348837209,True,3.912023005428146,0.0
uuf50-218,uuf50-0101.cnf,12.4545,50,218,False,6.600000779144466e-05,49,610,45,12.448979591836734,10,1.8040998838841915e-05,17,149,12,8.764705882352942,False,3.912023005428146,0.29594985535197676
uuf50-218,uuf50-0101.cnf,12.4545,50,218,False,6.600000779144466e-05,49,610,45,12.448979591836734,30,3.187498077750206e-05,38,471,32,12.394736842105264,False,3.912023005428146,0.00435720448662629
uuf50-218,uuf50-0101.cnf,12.4545,50,218,False,6.600000779144466e-05,49,610,45,12.448979591836734,100,3.070899401791394e-05,49,610,45,12.448979591836734,True,3.912023005428146,0.0
uuf50-218,uuf50-0101.cnf,12.4545,50,218,False,6.600000779144466e-05,49,610,45,12.448979591836734,300,8.42090230435133e-05,49,610,45,12.448979591836734,True,3.912023005428146,0.0
uuf50-218,uuf50-0101.cnf,12.4545,50,218,False,6.600000779144466e-05,49,610,45,12.448979591836734,1000,6.412499351426959e-05,49,610,45,12.448979591836734,True,3.912023005428146,0.0
uuf50-218,uuf50-0102.cnf,11.3448,50,218,False,0.00010629199096001685,102,981,75,9.617647058823529,10,1.6916979802772403e-05,20,178,11,8.9,False,3.912023005428146,0.07461773700305803
uuf50-218,uuf50-0102.cnf,11.3448,50,218,False,0.00010629199096001685,102,981,75,9.617647058823529,30,2.8292008209973574e-05,48,452,30,9.416666666666666,False,3.912023005428146,0.020897043832823668
uuf50-218,uuf50-0102.cnf,11.3448,50,218,False,0.00010629199096001685,102,981,75,9.617647058823529,100,5.374997272156179e-05,102,981,75,9.617647058823529,True,3.912023005428146,0.0
uuf50-218,uuf50-0102.cnf,11.3448,50,218,False,0.00010629199096001685,102,981,75,9.617647058823529,300,0.00013349999790079892,102,981,75,9.617647058823529,True,3.912023005428146,0.0
uuf50-218,uuf50-0102.cnf,11.3448,50,218,False,0.00010629199096001685,102,981,75,9.617647058823529,1000,4.0125014493241906e-05,102,981,75,9.617647058823529,True,3.912023005428146,0.0
uuf50-218,uuf50-0103.cnf,10.8182,50,218,False,0.00011366599937900901,76,846,62,11.131578947368421,10,2.054200740531087e-05,21,153,12,7.285714285714286,False,3.912023005428146,0.3454913880445796
uuf50-218,uuf50-0103.cnf,10.8182,50,218,False,0.00011366599937900901,76,846,62,11.131578947368421,30,3.541700425557792e-05,39,414,31,10.615384615384615,False,3.912023005428146,0.046372067648663445
uuf50-218,uuf50-0103.cnf,10.8182,50,218,False,0.00011366599937900901,76,846,62,11.131578947368421,100,8.450000314041972e-05,76,846,62,11.131578947368421,True,3.912023005428146,0.0
uuf50-218,uuf50-0103.cnf,10.8182,50,218,False,0.00011366599937900901,76,846,62,11.131578947368421,300,6.162500358186662e-05,76,846,62,11.131578947368421,True,3.912023005428146,0.0
uuf50-218,uuf50-0103.cnf,10.8182,50,218,False,0.00011366599937900901,76,846,62,11.131578947368421,1000,4.562499816529453e-05,76,846,62,11.131578947368421,True,3.912023005428146,0.0
uuf50-218,uuf50-0104.cnf,11.25,50,218,False,0.00010216698865406215,80,955,69,11.9375,10,1.5208002878353e-05,20,142,10,7.1,False,3.912023005428146,0.40523560209424087
uuf50-218,uuf50-0104.cnf,11.25,50,218,False,0.00010216698865406215,80,955,69,11.9375,30,2.8167007258161902e-05,45,448,30,9.955555555555556,False,3.912023005428146,0.16602675974403722
uuf50-218,uuf50-0104.cnf,11.25,50,218,False,0.00010216698865406215,80,955,69,11.9375,100,4.850002005696297e-05,80,955,69,11.9375,True,3.912023005428146,0.0
uuf50-218,uuf50-0104.cnf,11.25,50,218,False,0.00010216698865406215,80,955,69,11.9375,300,3.604099038057029e-05,80,955,69,11.9375,True,3.912023005428146,0.0
uuf50-218,uuf50-0104.cnf,11.25,50,218,False,0.00010216698865406215,80,955,69,11.9375,1000,0.0001069169957190752,80,955,69,11.9375,True,3.912023005428146,0.0
uuf50-218,uuf50-0105.cnf,13.4697,50,218,False,9.670798317529261e-05,65,827,57,12.723076923076922,10,3.883300814777613e-05,15,111,10,7.4,False,3.912023005428146,0.4183796856106408
uuf50-218,uuf50-0105.cnf,13.4697,50,218,False,9.670798317529261e-05,65,827,57,12.723076923076922,30,4.783400800079107e-05,37,440,30,11.891891891891891,False,3.912023005428146,0.0653289323180496
uuf50-218,uuf50-0105.cnf,13.4697,50,218,False,9.670798317529261e-05,65,827,57,12.723076923076922,100,7.475001621060073e-05,65,827,57,12.723076923076922,True,3.912023005428146,0.0
uuf50-218,uuf50-0105.cnf,13.4697,50,218,False,9.670798317529261e-05,65,827,57,12.723076923076922,300,4.762501339428127e-05,65,827,57,12.723076923076922,True,3.912023005428146,0.0
uuf50-218,uuf50-0105.cnf,13.4697,50,218,False,9.670798317529261e-05,65,827,57,12.723076923076922,1000,3.837500116787851e-05,65,827,57,12.723076923076922,True,3.912023005428146,0.0
uuf50-218,uuf50-0106.cnf,12.4949,50,218,False,0.00011608400382101536,98,1064,85,10.857142857142858,10,1.9207975128665566e-05,21,148,12,7.0476190476190474,False,3.912023005428146,0.3508771929824562
uuf50-218,uuf50-0106.cnf,12.4949,50,218,False,0.00011608400382101536,98,1064,85,10.857142857142858,30,2.6084017008543015e-05,40,360,31,9.0,False,3.912023005428146,0.1710526315789474
uuf50-218,uuf50-0106.cnf,12.4949,50,218,False,0.00011608400382101536,98,1064,85,10.857142857142858,100,6.554200081154704e-05,98,1064,85,10.857142857142858,True,3.912023005428146,0.0
uuf50-218,uuf50-0106.cnf,12.4949,50,218,False,0.00011608400382101536,98,1064,85,10.857142857142858,300,4.891699063591659e-05,98,1064,85,10.857142857142858,True,3.912023005428146,0.0
uuf50-218,uuf50-0106.cnf,12.4949,50,218,False,0.00011608400382101536,98,1064,85,10.857142857142858,1000,4.108401481062174e-05,98,1064,85,10.857142857142858,True,3.912023005428146,0.0
uuf50-218,uuf50-0107.cnf,11.9882,50,218,False,7.533302414231002e-05,60,719,53,11.983333333333333,10,1.2540986062958837e-05,15,112,10,7.466666666666667,False,3.912023005428146,0.37691237830319885
uuf50-218,uuf50-0107.cnf,11.9882,50,218,False,7.533302414231002e-05,60,719,53,11.983333333333333,30,2.983299782499671e-05,39,411,33,10.538461538461538,False,3.912023005428146,0.12057344602546266
uuf50-218,uuf50-0107.cnf,11.9882,50,218,False,7.533302414231002e-05,60,719,53,11.983333333333333,100,3.6250014090910554e-05,60,719,53,11.983333333333333,True,3.912023005428146,0.0
uuf50-218,uuf50-0107.cnf,11.9882,50,218,False,7.533302414231002e-05,60,719,53,11.983333333333333,300,2.8624985134229064e-05,60,719,53,11.983333333333333,True,3.912023005428146,0.0
uuf50-218,uuf50-0107.cnf,11.9882,50,218,False,7.533302414231002e-05,60,719,53,11.983333333333333,1000,2.8125010430812836e-05,60,719,53,11.983333333333333,True,3.912023005428146,0.0
uuf50-218,uuf50-0108.cnf,11.7778,50,218,False,6.545800715684891e-05,67,587,53,8.761194029850746,10,1.3833981938660145e-05,21,134,12,6.380952380952381,False,3.912023005428146,0.27168005191855266
uuf50-218,uuf50-0108.cnf,11.7778,50,218,False,6.545800715684891e-05,67,587,53,8.761194029850746,30,2.1624990040436387e-05,41,355,30,8.658536585365853,False,3.912023005428146,0.01171728923422109
uuf50-218,uuf50-0108.cnf,11.7778,50,218,False,6.545800715684891e-05,67,587,53,8.761194029850746,100,2.850001328624785e-05,67,587,53,8.761194029850746,True,3.912023005428146,0.0
uuf50-218,uuf50-0108.cnf,11.7778,50,218,False,6.545800715684891e-05,67,587,53,8.761194029850746,300,2.3415981559082866e-05,67,587,53,8.761194029850746,True,3.912023005428146,0.0
uuf50-218,uuf50-0108.cnf,11.7778,50,218,False,6.545800715684891e-05,67,587,53,8.761194029850746,1000,2.2415973944589496e-05,67,587,53,8.761194029850746,True,3.912023005428146,0.0
uuf50-218,uuf50-0109.cnf,12.3404,50,218,False,9.516699356026947e-05,76,952,66,12.526315789473685,10,1.4541990822181106e-05,14,134,10,9.571428571428571,False,3.912023005428146,0.2358943577430973
uuf50-218,uuf50-0109.cnf,12.3404,50,218,False,9.516699356026947e-05,76,952,66,12.526315789473685,30,2.6042020181193948e-05,40,416,30,10.4,False,3.912023005428146,0.16974789915966387
uuf50-218,uuf50-0109.cnf,12.3404,50,218,False,9.516699356026947e-05,76,952,66,12.526315789473685,100,4.7416018787771463e-05,76,952,66,12.526315789473685,True,3.912023005428146,0.0
uuf50-218,uuf50-0109.cnf,12.3404,50,218,False,9.516699356026947e-05,76,952,66,12.526315789473685,300,3.670802107080817e-05,76,952,66,12.526315789473685,True,3.912023005428146,0.0
uuf50-218,uuf50-0109.cnf,12.3404,50,218,False,9.516699356026947e-05,76,952,66,12.526315789473685,1000,3.429199568927288e-05,76,952,66,12.526315789473685,True,3.912023005428146,0.0
uuf50-218,uuf50-011.cnf,11.383,50,218,False,0.0001626659941393882,126,1461,109,11.595238095238095,10,2.3625005269423127e-05,21,201,14,9.571428571428571,False,3.912023005428146,0.17453798767967146
uuf50-218,uuf50-011.cnf,11.383,50,218,False,0.0001626659941393882,126,1461,109,11.595238095238095,30,3.29999893438071e-05,40,447,31,11.175,False,3.912023005428146,0.0362422997946611
uuf50-218,uuf50-011.cnf,11.383,50,218,False,0.0001626659941393882,126,1461,109,11.595238095238095,100,8.766600512899458e-05,120,1385,102,11.541666666666666,False,3.912023005428146,0.004620123203285443
uuf50-218,uuf50-011.cnf,11.383,50,218,False,0.0001626659941393882,126,1461,109,11.595238095238095,300,7.208299939520657e-05,126,1461,109,11.595238095238095,True,3.912023005428146,0.0
uuf50-218,uuf50-011.cnf,11.383,50,218,False,0.0001626659941393882,126,1461,109,11.595238095238095,1000,5.699999746866524e-05,126,1461,109,11.595238095238095,True,3.912023005428146,0.0
uuf50-218,uuf50-0110.cnf,13.7901,50,218,False,0.00011737502063624561,91,1211,78,13.307692307692308,10,1.7082988051697612e-05,21,174,13,8.285714285714286,False,3.912023005428146,0.3773740710156895
uuf50-218,uuf50-0110.cnf,13.7901,50,218,False,0.00011737502063624561,91,1211,78,13.307692307692308,30,2.387500717304647e-05,37,394,30,10.64864864864865,False,3.912023005428146,0.1998125292922981
uuf50-218,uuf50-0110.cnf,13.7901,50,218,False,0.00011737502063624561,91,1211,78,13.307692307692308,100,6.699998630210757e-05,91,1211,78,13.307692307692308,True,3.912023005428146,0.0
uuf50-218,uuf50-0110.cnf,13.7901,50,218,False,0.00011737502063624561,91,1211,78,13.307692307692308,300,4.941600491292775e-05,91,1211,78,13.307692307692308,True,3.912023005428146,0.0
uuf50-218,uuf50-0110.cnf,13.7901,50,218,False,0.00011737502063624561,91,1211,78,13.307692307692308,1000,4.7874986194074154e-05,91,1211,78,13.307692307692308,True,3.912023005428146,0.0
uuf50-218,uuf50-0111.cnf,11.7656,50,218,False,6.508297519758344e-05,61,669,51,10.967213114754099,10,1.4457997167482972e-05,17,152,11,8.941176470588236,False,3.912023005428146,0.18473577771915942
uuf50-218,uuf50-0111.cnf,11.7656,50,218,False,6.508297519758344e-05,61,669,51,10.967213114754099,30,3.108399687334895e-05,44,398,31,9.045454545454545,False,3.912023005428146,0.17522761244734347
uuf50-218,uuf50-0111.cnf,11.7656,50,218,False,6.508297519758344e-05,61,669,51,10.967213114754099,100,3.070800448767841e-05,61,669,51,10.967213114754099,True,3.912023005428146,0.0
uuf50-218,uuf50-0111.cnf,11.7656,50,218,False,6.508297519758344e-05,61,669,51,10.967213114754099,300,2.633300027810037e-05,61,669,51,10.967213114754099,True,3.912023005428146,0.0
uuf50-218,uuf50-0111.cnf,11.7656,50,218,False,6.508297519758344e-05,61,669,51,10.967213114754099,1000,2.629202208481729e-05,61,669,51,10.967213114754099,True,3.912023005428146,0.0
uuf50-218,uuf50-0112.cnf,11.8072,50,218,False,0.00011308299144729972,90,1141,78,12.677777777777777,10,1.9291008356958628e-05,24,233,13,9.708333333333334,False,3.912023005428146,0.23422436459246268
uuf50-218,uuf50-0112.cnf,11.8072,50,218,False,0.00011308299144729972,90,1141,78,12.677777777777777,30,2.7709000278264284e-05,45,481,31,10.688888888888888,False,3.912023005428146,0.15687992988606486
uuf50-218,uuf50-0112.cnf,11.8072,50,218,False,0.00011308299144729972,90,1141,78,12.677777777777777,100,6.750001921318471e-05,90,1141,78,12.677777777777777,True,3.912023005428146,0.0
uuf50-218,uuf50-0112.cnf,11.8072,50,218,False,0.00011308299144729972,90,1141,78,12.677777777777777,300,5.412500468082726e-05,90,1141,78,12.677777777777777,True,3.912023005428146,0.0
uuf50-218,uuf50-0112.cnf,11.8072,50,218,False,0.00011308299144729972,90,1141,78,12.677777777777777,1000,4.6375003876164556e-05,90,1141,78,12.677777777777777,True,3.912023005428146,0.0
uuf50-218,uuf50-0113.cnf,13.5227,50,218,False,0.00011237501166760921,79,993,69,12.569620253164556,10,1.6583013348281384e-05,20,165,11,8.25,False,3.912023005428146,0.34365558912386707
uuf50-218,uuf50-0113.cnf,13.5227,50,218,False,0.00011237501166760921,79,993,69,12.569620253164556,30,2.7708010748028755e-05,44,438,32,9.954545454545455,False,3.912023005428146,0.20804723976929407
uuf50-218,uuf50-0113.cnf,13.5227,50,218,False,0.00011237501166760921,79,993,69,12.569620253164556,100,6.466699414886534e-05,79,993,69,12.569620253164556,True,3.912023005428146,0.0
uuf50-218,uuf50-0113.cnf,13.5227,50,218,False,0.00011237501166760921,79,993,69,12.569620253164556,300,4.7959008952602744e-05,79,993,69,12.569620253164556,True,3.912023005428146,0.0
uuf50-218,uuf50-0113.cnf,13.5227,50,218,False,0.00011237501166760921,79,993,69,12.569620253164556,1000,4.25000034738332e-05,79,993,69,12.569620253164556,True,3.912023005428146,0.0
uuf50-218,uuf50-0114.cnf,10.949,50,218,False,8.7958003859967e-05,73,725,59,9.931506849315069,10,1.4165998436510563e-05,15,115,10,7.666666666666667,False,3.912023005428146,0.22804597701149423
uuf50-218,uuf50-0114.cnf,10.949,50,218,False,8.7958003859967e-05,73,725,59,9.931506849315069,30,2.791700535453856e-05,41,387,32,9.439024390243903,False,3.912023005428146,0.049587888982338076
uuf50-218,uuf50-0114.cnf,10.949,50,218,False,8.7958003859967e-05,73,725,59,9.931506849315069,100,4.920799983665347e-05,73,725,59,9.931506849315069,True,3.912023005428146,0.0
uuf50-218,uuf50-0114.cnf,10.949,50,218,False,8.7958003859967e-05,73,725,59,9.931506849315069,300,3.9624981582164764e-05,73,725,59,9.931506849315069,True,3.912023005428146,0.0
uuf50-218,uuf50-0114.cnf,10.949,50,218,False,8.7958003859967e-05,73,725,59,9.931506849315069,1000,3.645801916718483e-05,73,725,59,9.931506849315069,True,3.912023005428146,0.0
uuf50-218,uuf50-0115.cnf,12.7234,50,218,False,0.00012033298844471574,99,1197,93,12.090909090909092,10,1.620801049284637e-05,18,116,11,6.444444444444445,False,3.912023005428146,0.4670008354218881
uuf50-218,uuf50-0115.cnf,12.7234,50,218,False,0.00012033298844471574,99,1197,93,12.090909090909092,30,2.995799877680838e-05,39,362,30,9.282051282051283,False,3.912023005428146,0.23231154810102178
uuf50-218,uuf50-0115.cnf,12.7234,50,218,False,0.00012033298844471574,99,1197,93,12.090909090909092,100,8.129200432449579e-05,99,1197,93,12.090909090909092,True,3.912023005428146,0.0
uuf50-218,uuf50-0115.cnf,12.7234,50,218,False,0.00012033298844471574,99,1197,93,12.090909090909092,300,6.204098463058472e-05,99,1197,93,12.090909090909092,True,3.912023005428146,0.0
uuf50-218,uuf50-0115.cnf,12.7234,50,218,False,0.00012033298844471574,99,1197,93,12.090909090909092,1000,5.2749994210898876e-05,99,1197,93,12.090909090909092,True,3.912023005428146,0.0
uuf50-218,uuf50-0116.cnf,12.2949,50,218,False,6.78329961374402e-05,58,678,50,11.689655172413794,10,1.5124998753890395e-05,16,138,10,8.625,False,3.912023005428146,0.2621681415929204
uuf50-218,uuf50-0116.cnf,12.2949,50,218,False,6.78329961374402e-05,58,678,50,11.689655172413794,30,2.429200685583055e-05,36,376,30,10.444444444444445,False,3.912023005428146,0.10652245165519504
uuf50-218,uuf50-0116.cnf,12.2949,50,218,False,6.78329961374402e-05,58,678,50,11.689655172413794,100,3.3042015274986625e-05,58,678,50,11.689655172413794,True,3.912023005428146,0.0
uuf50-218,uuf50-0116.cnf,12.2949,50,218,False,6.78329961374402e-05,58,678,50,11.689655172413794,300,2.579099964350462e-05,58,678,50,11.689655172413794,True,3.912023005428146,0.0
uuf50-218,uuf50-0116.cnf,12.2949,50,218,False,6.78329961374402e-05,58,678,50,11.689655172413794,1000,2.3792003048583865e-05,58,678,50,11.689655172413794,True,3.912023005428146,0.0
uuf50-218,uuf50-0117.cnf,13.6588,50,218,False,9.07079956959933e-05,67,795,56,11.865671641791044,10,1.362498733215034e-05,17,125,10,7.352941176470588,False,3.912023005428146,0.3803181650018498
uuf50-218,uuf50-0117.cnf,13.6588,50,218,False,9.07079956959933e-05,67,795,56,11.865671641791044,30,2.7166010113433003e-05,37,448,30,12.108108108108109,False,3.912023005428146,0.020431752507224316
uuf50-218,uuf50-0117.cnf,13.6588,50,218,False,9.07079956959933e-05,67,795,56,11.865671641791044,100,4.8165995394811034e-05,67,795,56,11.865671641791044,True,3.912023005428146,0.0
uuf50-218,uuf50-0117.cnf,13.6588,50,218,False,9.07079956959933e-05,67,795,56,11.865671641791044,300,3.770901821553707e-05,67,795,56,11.865671641791044,True,3.912023005428146,0.0
uuf50-218,uuf50-0117.cnf,13.6588,50,218,False,9.07079956959933e-05,67,795,56,11.865671641791044,1000,3.520800964906812e-05,67,795,56,11.865671641791044,True,3.912023005428146,0.0
uuf50-218,uuf50-0118.cnf,13.2769,50,218,False,0.00010270901839248836,73,907,62,12.424657534246576,10,1.6666017472743988e-05,15,143,11,9.533333333333333,False,3.912023005428146,0.23270856302829845
uuf50-218,uuf50-0118.cnf,13.2769,50,218,False,0.00010270901839248836,73,907,62,12.424657534246576,30,2.9624992748722434e-05,40,432,31,10.8,False,3.912023005428146,0.13076074972436602
uuf50-218,uuf50-0118.cnf,13.2769,50,218,False,0.00010270901839248836,73,907,62,12.424657534246576,100,5.970802158117294e-05,73,907,62,12.424657534246576,True,3.912023005428146,0.0
uuf50-218,uuf50-0118.cnf,13.2769,50,218,False,0.00010270901839248836,73,907,62,12.424657534246576,300,4.358400474302471e-05,73,907,62,12.424657534246576,True,3.912023005428146,0.0
uuf50-218,uuf50-0118.cnf,13.2769,50,218,False,0.00010270901839248836,73,907,62,12.424657534246576,1000,4.00420103687793e-05,73,907,62,12.424657534246576,True,3.912023005428146,0.0
uuf50-218,uuf50-0119.cnf,13.0357,50,218,False,0.00012116701691411436,76,937,67,12.328947368421053,10,2.1041982108727098e-05,19,152,10,8.0,False,3.912023005428146,0.35112059765208115
uuf50-218,uuf50-0119.cnf,13.0357,50,218,False,0.00012116701691411436,76,937,67,12.328947368421053,30,3.0625000363215804e-05,40,424,31,10.6,False,3.912023005428146,0.14023479188900753
uuf50-218,uuf50-0119.cnf,13.0357,50,218,False,0.00012116701691411436,76,937,67,12.328947368421053,100,6.262498209252954e-05,76,937,67,12.328947368421053,True,3.912023005428146,0.0
uuf50-218,uuf50-0119.cnf,13.0357,50,218,False,0.00012116701691411436,76,937,67,12.328947368421053,300,4.549999721348286e-05,76,937,67,12.328947368421053,True,3.912023005428146,0.0
uuf50-218,uuf50-0119.cnf,13.0357,50,218,False,0.00012116701691411436,76,937,67,12.328947368421053,1000,4.133302718400955e-05,76,937,67,12.328947368421053,True,3.912023005428146,0.0
uuf50-218,uuf50-012.cnf,11.4219,50,218,False,0.00013395899441093206,65,785,57,12.076923076923077,10,1.6417005099356174e-05,16,151,10,9.4375,False,3.912023005428146,0.21855095541401273
uuf50-218,uuf50-012.cnf,11.4219,50,218,False,0.00013395899441093206,65,785,57,12.076923076923077,30,3.783300053328276e-05,38,430,30,11.31578947368421,False,3.912023005428146,0.06302380154207171
uuf50-218,uuf50-012.cnf,11.4219,50,218,False,0.00013395899441093206,65,785,57,12.076923076923077,100,5.733300349675119e-05,65,785,57,12.076923076923077,True,3.912023005428146,0.0
uuf50-218,uuf50-012.cnf,11.4219,50,218,False,0.00013395899441093206,65,785,57,12.076923076923077,300,4.67080099042505e-05,65,785,57,12.076923076923077,True,3.912023005428146,0.0
uuf50-218,uuf50-012.cnf,11.4219,50,218,False,0.00013395899441093206,65,785,57,12.076923076923077,1000,4.058299236930907e-05,65,785,57,12.076923076923077,True,3.912023005428146,0.0
uuf50-218,uuf50-0120.cnf,13.3488,50,218,False,0.0001235000090673566,85,1129,74,13.282352941176471,10,1.8417020328342915e-05,21,202,11,9.619047619047619,False,3.912023005428146,0.2758024378927834
uuf50-218,uuf50-0120.cnf,13.3488,50,218,False,0.0001235000090673566,85,1129,74,13.282352941176471,30,2.8999987989664078e-05,41,502,31,12.24390243902439,False,3.912023005428146,0.07818272159692372
uuf50-218,uuf50-0120.cnf,13.3488,50,218,False,0.0001235000090673566,85,1129,74,13.282352941176471,100,6.925000343471766e-05,85,1129,74,13.282352941176471,True,3.912023005428146,0.0
uuf50-218,uuf50-0120.cnf,13.3488,50,218,False,0.0001235000090673566,85,1129,74,13.282352941176471,300,5.179201252758503e-05,85,1129,74,13.282352941176471,True,3.912023005428146,0.0
uuf50-218,uuf50-0120.cnf,13.3488,50,218,False,0.0001235000090673566,85,1129,74,13.282352941176471,1000,4.5082997530698776e-05,85,1129,74,13.282352941176471,True,3.912023005428146,0.0
uuf50-218,uuf50-0121.cnf,13.0,50,218,False,8.699999307282269e-05,49,732,46,14.938775510204081,10,1.3084005331620574e-05,15,99,11,6.6,False,3.912023005428146,0.5581967213114755
uuf50-218,uuf50-0121.cnf,13.0,50,218,False,8.699999307282269e-05,49,732,46,14.938775510204081,30,3.087500226683915e-05,34,424,30,12.470588235294118,False,3.912023005428146,0.16522018643522982
uuf50-218,uuf50-0121.cnf,13.0,50,218,False,8.699999307282269e-05,49,732,46,14.938775510204081,100,4.6208995627239347e-05,49,732,46,14.938775510204081,True,3.912023005428146,0.0
uuf50-218,uuf50-0121.cnf,13.0,50,218,False,8.699999307282269e-05,49,732,46,14.938775510204081,300,3.266701241955161e-05,49,732,46,14.938775510204081,True,3.912023005428146,0.0
uuf50-218,uuf50-0121.cnf,13.0,50,218,False,8.699999307282269e-05,49,732,46,14.938775510204081,1000,2.9749993700534105e-05,49,732,46,14.938775510204081,True,3.912023005428146,0.0
uuf50-218,uuf50-0122.cnf,10.1772,50,218,False,6.9500005338341e-05,59,685,51,11.610169491525424,10,1.4874996850267053e-05,22,149,13,6.7727272727272725,False,3.912023005428146,0.4166556071665561
uuf50-218,uuf50-0122.cnf,10.1772,50,218,False,6.9500005338341e-05,59,685,51,11.610169491525424,30,2.6249996153637767e-05,42,405,32,9.642857142857142,False,3.912023005428146,0.16944734098018774
uuf50-218,uuf50-0122.cnf,10.1772,50,218,False,6.9500005338341e-05,59,685,51,11.610169491525424,100,3.100000321865082e-05,59,685,51,11.610169491525424,True,3.912023005428146,0.0
uuf50-218,uuf50-0122.cnf,10.1772,50,218,False,6.9500005338341e-05,59,685,51,11.610169491525424,300,2.5290995836257935e-05,59,685,51,11.610169491525424,True,3.912023005428146,0.0
uuf50-218,uuf50-0122.cnf,10.1772,50,218,False,6.9500005338341e-05,59,685,51,11.610169491525424,1000,2.3416010662913322e-05,59,685,51,11.610169491525424,True,3.912023005428146,0.0
uuf50-218,uuf50-0123.cnf,11.6333,50,218,False,0.00010770797962322831,63,742,57,11.777777777777779,10,1.3708020560443401e-05,18,113,10,6.277777777777778,False,3.912023005428146,0.46698113207547176
uuf50-218,uuf50-0123.cnf,11.6333,50,218,False,0.00010770797962322831,63,742,57,11.777777777777779,30,2.5583984097465873e-05,40,374,30,9.35,False,3.912023005428146,0.2061320754716982
uuf50-218,uuf50-0123.cnf,11.6333,50,218,False,0.00010770797962322831,63,742,57,11.777777777777779,100,4.8707996029406786e-05,63,742,57,11.777777777777779,True,3.912023005428146,0.0
uuf50-218,uuf50-0123.cnf,11.6333,50,218,False,0.00010770797962322831,63,742,57,11.777777777777779,300,9.891699301078916e-05,63,742,57,11.777777777777779,True,3.912023005428146,0.0
uuf50-218,uuf50-0123.cnf,11.6333,50,218,False,0.00010770797962322831,63,742,57,11.777777777777779,1000,7.866701344028115e-05,63,742,57,11.777777777777779,True,3.912023005428146,0.0
uuf50-218,uuf50-0124.cnf,14.575,50,218,False,0.00011933298083022237,87,1090,77,12.528735632183908,10,1.4541990822181106e-05,18,139,10,7.722222222222222,False,3.912023005428146,0.38363914373088687
uuf50-218,uuf50-0124.cnf,14.575,50,218,False,0.00011933298083022237,87,1090,77,12.528735632183908,30,2.850001328624785e-05,41,439,31,10.707317073170731,False,3.912023005428146,0.14537927948086823
uuf50-218,uuf50-0124.cnf,14.575,50,218,False,0.00011933298083022237,87,1090,77,12.528735632183908,100,6.591601413674653e-05,87,1090,77,12.528735632183908,True,3.912023005428146,0.0
uuf50-218,uuf50-0124.cnf,14.575,50,218,False,0.00011933298083022237,87,1090,77,12.528735632183908,300,5.3208001190796494e-05,87,1090,77,12.528735632183908,True,3.912023005428146,0.0
uuf50-218,uuf50-0124.cnf,14.575,50,218,False,0.00011933298083022237,87,1090,77,12.528735632183908,1000,4.387498483993113e-05,87,1090,77,12.528735632183908,True,3.912023005428146,0.0
uuf50-218,uuf50-0125.cnf,12.629,50,218,False,5.495801451615989e-05,46,578,41,12.565217391304348,10,1.4459015801548958e-05,16,156,11,9.75,False,3.912023005428146,0.22404844290657439
uuf50-218,uuf50-0125.cnf,12.629,50,218,False,5.495801451615989e-05,46,578,41,12.565217391304348,30,2.3500004317611456e-05,37,434,31,11.72972972972973,False,3.912023005428146,0.06649209763396613
uuf50-218,uuf50-0125.cnf,12.629,50,218,False,5.495801451615989e-05,46,578,41,12.565217391304348,100,2.3542001144960523e-05,46,578,41,12.565217391304348,True,3.912023005428146,0.0
uuf50-218,uuf50-0125.cnf,12.629,50,218,False,5.495801451615989e-05,46,578,41,12.565217391304348,300,2.0709005184471607e-05,46,578,41,12.565217391304348,True,3.912023005428146,0.0
uuf50-218,uuf50-0125.cnf,12.629,50,218,False,5.495801451615989e-05,46,578,41,12.565217391304348,1000,1.9458006136119366e-05,46,578,41,12.565217391304348,True,3.912023005428146,0.0
uuf50-218,uuf50-0126.cnf,11.1587,50,218,False,0.00011066699516959488,72,869,64,12.069444444444445,10,1.550000160932541e-05,14,127,11,9.071428571428571,False,3.912023005428146,0.2483971724478054
uuf50-218,uuf50-0126.cnf,11.1587,50,218,False,0.00011066699516959488,72,869,64,12.069444444444445,30,2.5124987587332726e-05,40,368,31,9.2,False,3.912023005428146,0.23774453394706566
uuf50-218,uuf50-0126.cnf,11.1587,50,218,False,0.00011066699516959488,72,869,64,12.069444444444445,100,5.079101538285613e-05,72,869,64,12.069444444444445,True,3.912023005428146,0.0
uuf50-218,uuf50-0126.cnf,11.1587,50,218,False,0.00011066699516959488,72,869,64,12.069444444444445,300,3.97919793613255e-05,72,869,64,12.069444444444445,True,3.912023005428146,0.0
uuf50-218,uuf50-0126.cnf,11.1587,50,218,False,0.00011066699516959488,72,869,64,12.069444444444445,1000,3.5999983083456755e-05,72,869,64,12.069444444444445,True,3.912023005428146,0.0
uuf50-218,uuf50-0127.cnf,13.9615,50,218,False,0.0001806250074878335,135,1738,115,12.874074074074073,10,1.7165992176160216e-05,15,139,10,9.266666666666667,False,3.912023005428146,0.2802071346375143
uuf50-218,uuf50-0127.cnf,13.9615,50,218,False,0.0001806250074878335,135,1738,115,12.874074074074073,30,3.2499985536560416e-05,39,484,32,12.41025641025641,False,3.912023005428146,0.03602726387536506
uuf50-218,uuf50-0127.cnf,13.9615,50,218,False,0.0001806250074878335,135,1738,115,12.874074074074073,100,9.47499938774854e-05,121,1583,102,13.082644628099173,False,3.912023005428146,0.016200819789061238
uuf50-218,uuf50-0127.cnf,13.9615,50,218,False,0.0001806250074878335,135,1738,115,12.874074074074073,300,8.437500218860805e-05,135,1738,115,12.874074074074073,True,3.912023005428146,0.0
uuf50-218,uuf50-0127.cnf,13.9615,50,218,False,0.0001806250074878335,135,1738,115,12.874074074074073,1000,7.18749943189323e-05,135,1738,115,12.874074074074073,True,3.912023005428146,0.0
uuf50-218,uuf50-0128.cnf,14.557,50,218,False,0.00010587499127723277,86,958,78,11.13953488372093,10,1.5208992408588529e-05,15,127,10,8.466666666666667,False,3.912023005428146,0.23994432846207378
uuf50-218,uuf50-0128.cnf,14.557,50,218,False,0.00010587499127723277,86,958,78,11.13953488372093,30,2.562499139457941e-05,37,364,30,9.837837837837839,False,3.912023005428146,0.11685380578908758
uuf50-218,uuf50-0128.cnf,14.557,50,218,False,0.00010587499127723277,86,958,78,11.13953488372093,100,5.995799438096583e-05,86,958,78,11.13953488372093,True,3.912023005428146,0.0
uuf50-218,uuf50-0128.cnf,14.557,50,218,False,0.00010587499127723277,86,958,78,11.13953488372093,300,4.470901330932975e-05,86,958,78,11.13953488372093,True,3.912023005428146,0.0
uuf50-218,uuf50-0128.cnf,14.557,50,218,False,0.00010587499127723277,86,958,78,11.13953488372093,1000,3.945801290683448e-05,86,958,78,11.13953488372093,True,3.912023005428146,0.0
uuf50-218,uuf50-0129.cnf,13.1486,50,218,False,9.34590061660856e-05,72,898,65,12.472222222222221,10,1.4583987649530172e-05,18,135,11,7.5,False,3.912023005428146,0.39866369710467703
uuf50-218,uuf50-0129.cnf,13.1486,50,218,False,9.34590061660856e-05,72,898,65,12.472222222222221,30,2.804200630635023e-05,40,452,33,11.3,False,3.912023005428146,0.09398663697104666
uuf50-218,uuf50-0129.cnf,13.1486,50,218,False,9.34590061660856e-05,72,898,65,12.472222222222221,100,4.891701973974705e-05,72,898,65,12.472222222222221,True,3.912023005428146,0.0
uuf50-218,uuf50-0129.cnf,13.1486,50,218,False,9.34590061660856e-05,72,898,65,12.472222222222221,300,3.766699228435755e-05,72,898,65,12.472222222222221,True,3.912023005428146,0.0
uuf50-218,uuf50-0129.cnf,13.1486,50,218,False,9.34590061660856e-05,72,898,65,12.472222222222221,1000,3.5290984669700265e-05,72,898,65,12.472222222222221,True,3.912023005428146,0.0
uuf50-218,uuf50-013.cnf,10.5397,50,218,False,9.92499990388751e-05,61,735,51,12.049180327868852,10,2.0334002329036593e-05,18,142,10,7.888888888888889,False,3.912023005428146,0.34527588813303095
uuf50-218,uuf50-013.cnf,10.5397,50,218,False,9.92499990388751e-05,61,735,51,12.049180327868852,30,3.8124999264255166e-05,41,421,30,10.268292682926829,False,3.912023005428146,0.14780155964824956
uuf50-218,uuf50-013.cnf,10.5397,50,218,False,9.92499990388751e-05,61,735,51,12.049180327868852,100,5.5041018640622497e-05,61,735,51,12.049180327868852,True,3.912023005428146,0.0
uuf50-218,uuf50-013.cnf,10.5397,50,218,False,9.92499990388751e-05,61,735,51,12.049180327868852,300,3.700001980178058e-05,61,735,51,12.049180327868852,True,3.912023005428146,0.0
uuf50-218,uuf50-013.cnf,10.5397,50,218,False,9.92499990388751e-05,61,735,51,12.049180327868852,1000,3.2625015592202544e-05,61,735,51,12.049180327868852,True,3.912023005428146,0.0
uuf50-218,uuf50-0130.cnf,15.4865,50,218,False,0.00012500002048909664,93,1207,86,12.978494623655914,10,1.8665974494069815e-05,17,167,10,9.823529411764707,False,3.912023005428146,0.2430917686047078
uuf50-218,uuf50-0130.cnf,15.4865,50,218,False,0.00012500002048909664,93,1207,86,12.978494623655914,30,4.0041981264948845e-05,36,430,30,11.944444444444445,False,3.912023005428146,0.0796741231703949
uuf50-218,uuf50-0130.cnf,15.4865,50,218,False,0.00012500002048909664,93,1207,86,12.978494623655914,100,0.00012595899170264602,93,1207,86,12.978494623655914,True,3.912023005428146,0.0
uuf50-218,uuf50-0130.cnf,15.4865,50,218,False,0.00012500002048909664,93,1207,86,12.978494623655914,300,8.166598854586482e-05,93,1207,86,12.978494623655914,True,3.912023005428146,0.0
uuf50-218,uuf50-0130.cnf,15.4865,50,218,False,0.00012500002048909664,93,1207,86,12.978494623655914,1000,5.729199619963765e-05,93,1207,86,12.978494623655914,True,3.912023005428146,0.0
uuf50-218,uuf50-0131.cnf,12.4342,50,218,False,0.00012074998812749982,99,1266,87,12.787878787878787,10,1.420799526385963e-05,18,154,11,8.555555555555555,False,3.912023005428146,0.3309636650868878
uuf50-218,uuf50-0131.cnf,12.4342,50,218,False,0.00012074998812749982,99,1266,87,12.787878787878787,30,2.391598536632955e-05,37,390,30,10.54054054054054,False,3.912023005428146,0.17573972076341743
uuf50-218,uuf50-0131.cnf,12.4342,50,218,False,0.00012074998812749982,99,1266,87,12.787878787878787,100,6.67919812258333e-05,99,1266,87,12.787878787878787,True,3.912023005428146,0.0
uuf50-218,uuf50-0131.cnf,12.4342,50,218,False,0.00012074998812749982,99,1266,87,12.787878787878787,300,5.2499992307275534e-05,99,1266,87,12.787878787878787,True,3.912023005428146,0.0
uuf50-218,uuf50-0131.cnf,12.4342,50,218,False,0.00012074998812749982,99,1266,87,12.787878787878787,1000,4.849999095313251e-05,99,1266,87,12.787878787878787,True,3.912023005428146,0.0
uuf50-218,uuf50-0132.cnf,11.5714,50,218,False,0.0001158749801106751,97,1315,88,13.556701030927835,10,1.691700890660286e-05,17,169,10,9.941176470588236,False,3.912023005428146,0.26669648848132405
uuf50-218,uuf50-0132.cnf,11.5714,50,218,False,0.0001158749801106751,97,1315,88,13.556701030927835,30,2.679100725799799e-05,38,436,30,11.473684210526315,False,3.912023005428146,0.1536521913147889
uuf50-218,uuf50-0132.cnf,11.5714,50,218,False,0.0001158749801106751,97,1315,88,13.556701030927835,100,7.370900129899383e-05,97,1315,88,13.556701030927835,True,3.912023005428146,0.0
uuf50-218,uuf50-0132.cnf,11.5714,50,218,False,0.0001158749801106751,97,1315,88,13.556701030927835,300,5.329199484549463e-05,97,1315,88,13.556701030927835,True,3.912023005428146,0.0
uuf50-218,uuf50-0132.cnf,11.5714,50,218,False,0.0001158749801106751,97,1315,88,13.556701030927835,1000,4.433299181982875e-05,97,1315,88,13.556701030927835,True,3.912023005428146,0.0
uuf50-218,uuf50-0133.cnf,12.0843,50,218,False,0.00011245801579207182,82,1189,73,14.5,10,1.620801049284637e-05,23,155,10,6.739130434782608,False,3.912023005428146,0.535232383808096
uuf50-218,uuf50-0133.cnf,12.0843,50,218,False,0.00011245801579207182,82,1189,73,14.5,30,3.341599949635565e-05,43,504,31,11.720930232558139,False,3.912023005428146,0.19165998396150766
uuf50-218,uuf50-0133.cnf,12.0843,50,218,False,0.00011245801579207182,82,1189,73,14.5,100,6.349998875521123e-05,82,1189,73,14.5,True,3.912023005428146,0.0
uuf50-218,uuf50-0133.cnf,12.0843,50,218,False,0.00011245801579207182,82,1189,73,14.5,300,4.8542016884312034e-05,82,1189,73,14.5,True,3.912023005428146,0.0
uuf50-218,uuf50-0133.cnf,12.0843,50,218,False,0.00011245801579207182,82,1189,73,14.5,1000,4.0000013541430235e-05,82,1189,73,14.5,True,3.912023005428146,0.0
uuf50-218,uuf50-0134.cnf,11.9512,50,218,False,7.529102731496096e-05,65,768,59,11.815384615384616,10,1.2625008821487427e-05,18,128,10,7.111111111111111,False,3.912023005428146,0.3981481481481482
uuf50-218,uuf50-0134.cnf,11.9512,50,218,False,7.529102731496096e-05,65,768,59,11.815384615384616,30,2.429200685583055e-05,41,405,30,9.878048780487806,False,3.912023005428146,0.16396722560975607
uuf50-218,uuf50-0134.cnf,11.9512,50,218,False,7.529102731496096e-05,65,768,59,11.815384615384616,100,3.7416990380734205e-05,65,768,59,11.815384615384616,True,3.912023005428146,0.0
uuf50-218,uuf50-0134.cnf,11.9512,50,218,False,7.529102731496096e-05,65,768,59,11.815384615384616,300,2.950002090074122e-05,65,768,59,11.815384615384616,True,3.912023005428146,0.0
uuf50-218,uuf50-0134.cnf,11.9512,50,218,False,7.529102731496096e-05,65,768,59,11.815384615384616,1000,2.6708003133535385e-05,65,768,59,11.815384615384616,True,3.912023005428146,0.0
uuf50-218,uuf50-0135.cnf,9.3636,50,218,False,8.829199941828847e-05,57,728,55,12.771929824561404,10,3.291599568910897e-05,14,179,11,12.785714285714286,False,3.912023005428146,0.0010792778649921615
uuf50-218,uuf50-0135.cnf,9.3636,50,218,False,8.829199941828847e-05,57,728,55,12.771929824561404,30,5.879197851754725e-05,38,506,35,13.31578947368421,False,3.912023005428146,0.04258241758241754
uuf50-218,uuf50-0135.cnf,9.3636,50,218,False,8.829199941828847e-05,57,728,55,12.771929824561404,100,7.329101208597422e-05,57,728,55,12.771929824561404,True,3.912023005428146,0.0
uuf50-218,uuf50-0135.cnf,9.3636,50,218,False,8.829199941828847e-05,57,728,55,12.771929824561404,300,4.9084017518907785e-05,57,728,55,12.771929824561404,True,3.912023005428146,0.0
uuf50-218,uuf50-0135.cnf,9.3636,50,218,False,8.829199941828847e-05,57,728,55,12.771929824561404,1000,6.191700231283903e-05,57,728,55,12.771929824561404,True,3.912023005428146,0.0
uuf50-218,uuf50-0136.cnf,13.7778,50,218,False,0.00010816700523719192,78,1062,68,13.615384615384615,10,1.8291990272700787e-05,15,159,10,10.6,False,3.912023005428146,0.2214689265536723
uuf50-218,uuf50-0136.cnf,13.7778,50,218,False,0.00010816700523719192,78,1062,68,13.615384615384615,30,3.508297959342599e-05,43,495,31,11.511627906976743,False,3.912023005428146,0.15451320457232956
uuf50-218,uuf50-0136.cnf,13.7778,50,218,False,0.00010816700523719192,78,1062,68,13.615384615384615,100,6.229200516827404e-05,78,1062,68,13.615384615384615,True,3.912023005428146,0.0
uuf50-218,uuf50-0136.cnf,13.7778,50,218,False,0.00010816700523719192,78,1062,68,13.615384615384615,300,5.2207993576303124e-05,78,1062,68,13.615384615384615,True,3.912023005428146,0.0
uuf50-218,uuf50-0136.cnf,13.7778,50,218,False,0.00010816700523719192,78,1062,68,13.615384615384615,1000,4.629199975170195e-05,78,1062,68,13.615384615384615,True,3.912023005428146,0.0
uuf50-218,uuf50-0137.cnf,13.6491,50,218,False,0.00012091599637642503,82,1139,74,13.890243902439025,10,1.8250022549182177e-05,18,207,10,11.5,False,3.912023005428146,0.1720807726075505
uuf50-218,uuf50-0137.cnf,13.6491,50,218,False,0.00012091599637642503,82,1139,74,13.890243902439025,30,2.895799116231501e-05,33,508,30,15.393939393939394,False,3.912023005428146,0.10825551387447789
uuf50-218,uuf50-0137.cnf,13.6491,50,218,False,0.00012091599637642503,82,1139,74,13.890243902439025,100,6.34159951005131e-05,82,1139,74,13.890243902439025,True,3.912023005428146,0.0
uuf50-218,uuf50-0137.cnf,13.6491,50,218,False,0.00012091599637642503,82,1139,74,13.890243902439025,300,4.712500958703458e-05,82,1139,74,13.890243902439025,True,3.912023005428146,0.0
uuf50-218,uuf50-0137.cnf,13.6491,50,218,False,0.00012091599637642503,82,1139,74,13.890243902439025,1000,4.1000021155923605e-05,82,1139,74,13.890243902439025,True,3.912023005428146,0.0
uuf50-218,uuf50-0138.cnf,14.3488,50,218,False,4.8291985876858234e-05,32,457,29,14.28125,10,1.7583020962774754e-05,17,213,12,12.529411764705882,False,3.912023005428146,0.12266700991118548
uuf50-218,uuf50-0138.cnf,14.3488,50,218,False,4.8291985876858234e-05,32,457,29,14.28125,30,2.2207997972145677e-05,32,457,29,14.28125,True,3.912023005428146,0.0
uuf50-218,uuf50-0138.cnf,14.3488,50,218,False,4.8291985876858234e-05,32,457,29,14.28125,100,1.824999344535172e-05,32,457,29,14.28125,True,3.912023005428146,0.0
uuf50-218,uuf50-0138.cnf,14.3488,50,218,False,4.8291985876858234e-05,32,457,29,14.28125,300,1.6833015251904726e-05,32,457,29,14.28125,True,3.912023005428146,0.0
uuf50-218,uuf50-0138.cnf,14.3488,50,218,False,4.8291985876858234e-05,32,457,29,14.28125,1000,1.6292004147544503e-05,32,457,29,14.28125,True,3.912023005428146,0.0
uuf50-218,uuf50-0139.cnf,11.9487,50,218,False,7.18749943189323e-05,62,669,56,10.790322580645162,10,1.5458004781976342e-05,14,145,10,10.357142857142858,False,3.912023005428146,0.040145206064488584
uuf50-218,uuf50-0139.cnf,11.9487,50,218,False,7.18749943189323e-05,62,669,56,10.790322580645162,30,2.591600059531629e-05,38,369,30,9.710526315789474,False,3.912023005428146,0.1000708048147274
uuf50-218,uuf50-0139.cnf,11.9487,50,218,False,7.18749943189323e-05,62,669,56,10.790322580645162,100,3.7250021705403924e-05,62,669,56,10.790322580645162,True,3.912023005428146,0.0
uuf50-218,uuf50-0139.cnf,11.9487,50,218,False,7.18749943189323e-05,62,669,56,10.790322580645162,300,2.9375019948929548e-05,62,669,56,10.790322580645162,True,3.912023005428146,0.0
uuf50-218,uuf50-0139.cnf,11.9487,50,218,False,7.18749943189323e-05,62,669,56,10.790322580645162,1000,2.8916983865201473e-05,62,669,56,10.790322580645162,True,3.912023005428146,0.0
uuf50-218,uuf50-014.cnf,12.1042,50,218,False,6.145800580270588e-05,49,598,42,12.204081632653061,10,1.5459023416042328e-05,17,137,10,8.058823529411764,False,3.912023005428146,0.3396616171552233
uuf50-218,uuf50-014.cnf,12.1042,50,218,False,6.145800580270588e-05,49,598,42,12.204081632653061,30,2.8624985134229064e-05,40,441,31,11.025,False,3.912023005428146,0.0966137123745819
uuf50-218,uuf50-014.cnf,12.1042,50,218,False,6.145800580270588e-05,49,598,42,12.204081632653061,100,2.791700535453856e-05,49,598,42,12.204081632653061,True,3.912023005428146,0.0
uuf50-218,uuf50-014.cnf,12.1042,50,218,False,6.145800580270588e-05,49,598,42,12.204081632653061,300,2.341700019314885e-05,49,598,42,12.204081632653061,True,3.912023005428146,0.0
uuf50-218,uuf50-014.cnf,12.1042,50,218,False,6.145800580270588e-05,49,598,42,12.204081632653061,1000,2.2624997654929757e-05,49,598,42,12.204081632653061,True,3.912023005428146,0.0
uuf50-218,uuf50-0140.cnf,12.4706,50,218,False,0.00011679099407047033,90,1048,76,11.644444444444444,10,1.5833007637411356e-05,17,149,12,8.764705882352942,False,3.912023005428146,0.24730579254602594
uuf50-218,uuf50-0140.cnf,12.4706,50,218,False,0.00011679099407047033,90,1048,76,11.644444444444444,30,2.5833986001089215e-05,43,393,31,9.13953488372093,False,3.912023005428146,0.21511627906976738
uuf50-218,uuf50-0140.cnf,12.4706,50,218,False,0.00011679099407047033,90,1048,76,11.644444444444444,100,6.20420032646507e-05,90,1048,76,11.644444444444444,True,3.912023005428146,0.0
uuf50-218,uuf50-0140.cnf,12.4706,50,218,False,0.00011679099407047033,90,1048,76,11.644444444444444,300,4.6375003876164556e-05,90,1048,76,11.644444444444444,True,3.912023005428146,0.0
uuf50-218,uuf50-0140.cnf,12.4706,50,218,False,0.00011679099407047033,90,1048,76,11.644444444444444,1000,4.066701512783766e-05,90,1048,76,11.644444444444444,True,3.912023005428146,0.0
uuf50-218,uuf50-0141.cnf,11.9733,50,218,False,9.858299745246768e-05,74,920,65,12.432432432432432,10,1.750001683831215e-05,16,182,12,11.375,False,3.912023005428146,0.0850543478260869
uuf50-218,uuf50-0141.cnf,11.9733,50,218,False,9.858299745246768e-05,74,920,65,12.432432432432432,30,2.837498323060572e-05,42,467,32,11.119047619047619,False,3.912023005428146,0.10564182194616975
uuf50-218,uuf50-0141.cnf,11.9733,50,218,False,9.858299745246768e-05,74,920,65,12.432432432432432,100,5.287499516271055e-05,74,920,65,12.432432432432432,True,3.912023005428146,0.0
uuf50-218,uuf50-0141.cnf,11.9733,50,218,False,9.858299745246768e-05,74,920,65,12.432432432432432,300,4.254200030118227e-05,74,920,65,12.432432432432432,True,3.912023005428146,0.0
uuf50-218,uuf50-0141.cnf,11.9733,50,218,False,9.858299745246768e-05,74,920,65,12.432432432432432,1000,3.9125006878748536e-05,74,920,65,12.432432432432432,True,3.912023005428146,0.0
uuf50-218,uuf50-0142.cnf,12.4074,50,218,False,0.00011345799430273473,83,971,71,11.698795180722891,10,1.6082980437204242e-05,22,153,11,6.954545454545454,False,3.912023005428146,0.4055331897762382
uuf50-218,uuf50-0142.cnf,12.4074,50,218,False,0.00011345799430273473,83,971,71,11.698795180722891,30,2.9292015824466944e-05,40,401,30,10.025,False,3.912023005428146,0.1430741503604531
uuf50-218,uuf50-0142.cnf,12.4074,50,218,False,0.00011345799430273473,83,971,71,11.698795180722891,100,6.729198503307998e-05,83,971,71,11.698795180722891,True,3.912023005428146,0.0
uuf50-218,uuf50-0142.cnf,12.4074,50,218,False,0.00011345799430273473,83,971,71,11.698795180722891,300,5.3292023949325085e-05,83,971,71,11.698795180722891,True,3.912023005428146,0.0
uuf50-218,uuf50-0142.cnf,12.4074,50,218,False,0.00011345799430273473,83,971,71,11.698795180722891,1000,4.754099063575268e-05,83,971,71,11.698795180722891,True,3.912023005428146,0.0
uuf50-218,uuf50-0143.cnf,13.4211,50,218,False,0.00014212500536814332,101,1306,86,12.930693069306932,10,1.8332997569814324e-05,22,184,10,8.363636363636363,False,3.912023005428146,0.35319504385354317
uuf50-218,uuf50-0143.cnf,13.4211,50,218,False,0.00014212500536814332,101,1306,86,12.930693069306932,30,3.64589795935899e-05,41,551,31,13.439024390243903,False,3.912023005428146,0.039311993426212936
uuf50-218,uuf50-0143.cnf,13.4211,50,218,False,0.00014212500536814332,101,1306,86,12.930693069306932,100,8.670799434185028e-05,101,1306,86,12.930693069306932,True,3.912023005428146,0.0
uuf50-218,uuf50-0143.cnf,13.4211,50,218,False,0.00014212500536814332,101,1306,86,12.930693069306932,300,6.270900485105813e-05,101,1306,86,12.930693069306932,True,3.912023005428146,0.0
uuf50-218,uuf50-0143.cnf,13.4211,50,218,False,0.00014212500536814332,101,1306,86,12.930693069306932,1000,5.3625000873580575e-05,101,1306,86,12.930693069306932,True,3.912023005428146,0.0
uuf50-218,uuf50-0144.cnf,12.8679,50,218,False,9.162499918602407e-05,68,692,58,10.176470588235293,10,1.5083001926541328e-05,15,145,11,9.666666666666666,False,3.912023005428146,0.05009633911368015
uuf50-218,uuf50-0144.cnf,12.8679,50,218,False,9.162499918602407e-05,68,692,58,10.176470588235293,30,2.4083012249320745e-05,38,342,30,9.0,False,3.912023005428146,0.11560693641618491
uuf50-218,uuf50-0144.cnf,12.8679,50,218,False,9.162499918602407e-05,68,692,58,10.176470588235293,100,4.891600110568106e-05,68,692,58,10.176470588235293,True,3.912023005428146,0.0
uuf50-218,uuf50-0144.cnf,12.8679,50,218,False,9.162499918602407e-05,68,692,58,10.176470588235293,300,3.8749974919483066e-05,68,692,58,10.176470588235293,True,3.912023005428146,0.0
uuf50-218,uuf50-0144.cnf,12.8679,50,218,False,9.162499918602407e-05,68,692,58,10.176470588235293,1000,3.6084005841985345e-05,68,692,58,10.176470588235293,True,3.912023005428146,0.0
uuf50-218,uuf50-0145.cnf,15.7667,50,218,False,8.537500980310142e-05,56,720,49,12.857142857142858,10,1.5375000657513738e-05,15,160,10,10.666666666666666,False,3.912023005428146,0.17037037037037045
uuf50-218,uuf50-0145.cnf,15.7667,50,218,False,8.537500980310142e-05,56,720,49,12.857142857142858,30,2.850001328624785e-05,43,458,32,10.651162790697674,False,3.912023005428146,0.17157622739018097
uuf50-218,uuf50-0145.cnf,15.7667,50,218,False,8.537500980310142e-05,56,720,49,12.857142857142858,100,4.325000918470323e-05,56,720,49,12.857142857142858,True,3.912023005428146,0.0
uuf50-218,uuf50-0145.cnf,15.7667,50,218,False,8.537500980310142e-05,56,720,49,12.857142857142858,300,3.6291981814429164e-05,56,720,49,12.857142857142858,True,3.912023005428146,0.0
uuf50-218,uuf50-0145.cnf,15.7667,50,218,False,8.537500980310142e-05,56,720,49,12.857142857142858,1000,3.337502130307257e-05,56,720,49,12.857142857142858,True,3.912023005428146,0.0
uuf50-218,uuf50-0146.cnf,12.1714,50,218,False,5.308300023898482e-05,43,527,39,12.255813953488373,10,1.604200224392116e-05,16,178,11,11.125,False,3.912023005428146,0.09226755218216322
uuf50-218,uuf50-0146.cnf,12.1714,50,218,False,5.308300023898482e-05,43,527,39,12.255813953488373,30,2.6416993932798505e-05,39,471,33,12.076923076923077,False,3.912023005428146,0.014596409283316363
uuf50-218,uuf50-0146.cnf,12.1714,50,218,False,5.308300023898482e-05,43,527,39,12.255813953488373,100,2.2499996703118086e-05,43,527,39,12.255813953488373,True,3.912023005428146,0.0
uuf50-218,uuf50-0146.cnf,12.1714,50,218,False,5.308300023898482e-05,43,527,39,12.255813953488373,300,2.01669754460454e-05,43,527,39,12.255813953488373,True,3.912023005428146,0.0
uuf50-218,uuf50-0146.cnf,12.1714,50,218,False,5.308300023898482e-05,43,527,39,12.255813953488373,1000,5.6416000006720424e-05,43,527,39,12.255813953488373,True,3.912023005428146,0.0
uuf50-218,uuf50-0147.cnf,12.8158,50,218,False,0.00012020798749290407,75,1020,67,13.6,10,1.6250007320195436e-05,17,178,13,10.470588235294118,False,3.912023005428146,0.23010380622837368
uuf50-218,uuf50-0147.cnf,12.8158,50,218,False,0.00012020798749290407,75,1020,67,13.6,30,2.6958005037158728e-05,43,428,31,9.953488372093023,False,3.912023005428146,0.26812585499316005
uuf50-218,uuf50-0147.cnf,12.8158,50,218,False,0.00012020798749290407,75,1020,67,13.6,100,5.620799493044615e-05,75,1020,67,13.6,True,3.912023005428146,0.0
uuf50-218,uuf50-0147.cnf,12.8158,50,218,False,0.00012020798749290407,75,1020,67,13.6,300,4.2333995224907994e-05,75,1020,67,13.6,True,3.912023005428146,0.0
uuf50-218,uuf50-0147.cnf,12.8158,50,218,False,0.00012020798749290407,75,1020,67,13.6,1000,4.1457999031990767e-05,75,1020,67,13.6,True,3.912023005428146,0.0
uuf50-218,uuf50-0148.cnf,13.4699,50,218,False,0.00012095802230760455,86,1098,77,12.767441860465116,10,1.4707999071106315e-05,19,125,10,6.578947368421052,False,3.912023005428146,0.484709040360464
uuf50-218,uuf50-0148.cnf,13.4699,50,218,False,0.00012095802230760455,86,1098,77,12.767441860465116,30,2.8874987037852407e-05,37,405,30,10.945945945945946,False,3.912023005428146,0.14266725742135578
uuf50-218,uuf50-0148.cnf,13.4699,50,218,False,0.00012095802230760455,86,1098,77,12.767441860465116,100,7.074998575262725e-05,86,1098,77,12.767441860465116,True,3.912023005428146,0.0
uuf50-218,uuf50-0148.cnf,13.4699,50,218,False,0.00012095802230760455,86,1098,77,12.767441860465116,300,4.762501339428127e-05,86,1098,77,12.767441860465116,True,3.912023005428146,0.0
uuf50-218,uuf50-0148.cnf,13.4699,50,218,False,0.00012095802230760455,86,1098,77,12.767441860465116,1000,4.1417020838707685e-05,86,1098,77,12.767441860465116,True,3.912023005428146,0.0
uuf50-218,uuf50-0149.cnf,13.6857,50,218,False,0.00015558302402496338,104,1230,93,11.826923076923077,10,1.7541024135425687e-05,15,150,11,10.0,False,3.912023005428146,0.15447154471544713
uuf50-218,uuf50-0149.cnf,13.6857,50,218,False,0.00015558302402496338,104,1230,93,11.826923076923077,30,2.804200630635023e-05,35,443,30,12.657142857142857,False,3.912023005428146,0.07019744483159115
uuf50-218,uuf50-0149.cnf,13.6857,50,218,False,0.00015558302402496338,104,1230,93,11.826923076923077,100,7.612499757669866e-05,104,1230,93,11.826923076923077,True,3.912023005428146,0.0
uuf50-218,uuf50-0149.cnf,13.6857,50,218,False,0.00015558302402496338,104,1230,93,11.826923076923077,300,5.6832999689504504e-05,104,1230,93,11.826923076923077,True,3.912023005428146,0.0
uuf50-218,uuf50-0149.cnf,13.6857,50,218,False,0.00015558302402496338,104,1230,93,11.826923076923077,1000,4.616699879989028e-05,104,1230,93,11.826923076923077,True,3.912023005428146,0.0
uuf50-218,uuf50-015.cnf,12.1026,50,218,False,4.587500006891787e-05,42,470,32,11.19047619047619,10,1.2833013897761703e-05,16,136,11,8.5,False,3.912023005428146,0.24042553191489358
uuf50-218,uuf50-015.cnf,12.1026,50,218,False,4.587500006891787e-05,42,470,32,11.19047619047619,30,2.300000051036477e-05,42,470,32,11.19047619047619,True,3.912023005428146,0.0
uuf50-218,uuf50-015.cnf,12.1026,50,218,False,4.587500006891787e-05,42,470,32,11.19047619047619,100,1.954101026058197e-05,42,470,32,11.19047619047619,True,3.912023005428146,0.0
uuf50-218,uuf50-015.cnf,12.1026,50,218,False,4.587500006891787e-05,42,470,32,11.19047619047619,300,1.8416991224512458e-05,42,470,32,11.19047619047619,True,3.912023005428146,0.0
uuf50-218,uuf50-015.cnf,12.1026,50,218,False,4.587500006891787e-05,42,470,32,11.19047619047619,1000,1.7916987417265773e-05,42,470,32,11.19047619047619,True,3.912023005428146,0.0
uuf50-218,uuf50-0150.cnf,14.6633,50,218,False,0.00017341598868370056,128,1802,113,14.078125,10,1.5166995581239462e-05,17,155,10,9.117647058823529,False,3.912023005428146,0.35235359404583144
uuf50-218,uuf50-0150.cnf,14.6633,50,218,False,0.00017341598868370056,128,1802,113,14.078125,30,3.250001464039087e-05,41,541,32,13.195121951219512,False,3.912023005428146,0.06272163720527327
uuf50-218,uuf50-0150.cnf,14.6633,50,218,False,0.00017341598868370056,128,1802,113,14.078125,100,0.00010870900587178767,116,1636,100,14.10344827586207,False,3.912023005428146,0.0017987676527996019
uuf50-218,uuf50-0150.cnf,14.6633,50,218,False,0.00017341598868370056,128,1802,113,14.078125,300,9.200000204145908e-05,128,1802,113,14.078125,True,3.912023005428146,0.0
uuf50-218,uuf50-0150.cnf,14.6633,50,218,False,0.00017341598868370056,128,1802,113,14.078125,1000,7.612499757669866e-05,128,1802,113,14.078125,True,3.912023005428146,0.0
uuf50-218,uuf50-0151.cnf,13.3182,50,218,False,5.604198668152094e-05,38,527,34,13.868421052631579,10,1.6834004782140255e-05,16,203,11,12.6875,False,3.912023005428146,0.08515180265654648
uuf50-218,uuf50-0151.cnf,13.3182,50,218,False,5.604198668152094e-05,38,527,34,13.868421052631579,30,2.820801455527544e-05,36,507,31,14.083333333333334,False,3.912023005428146,0.015496521189120866
uuf50-218,uuf50-0151.cnf,13.3182,50,218,False,5.604198668152094e-05,38,527,34,13.868421052631579,100,2.3457978386431932e-05,38,527,34,13.868421052631579,True,3.912023005428146,0.0
uuf50-218,uuf50-0151.cnf,13.3182,50,218,False,5.604198668152094e-05,38,527,34,13.868421052631579,300,2.1249987185001373e-05,38,527,34,13.868421052631579,True,3.912023005428146,0.0
uuf50-218,uuf50-0151.cnf,13.3182,50,218,False,5.604198668152094e-05,38,527,34,13.868421052631579,1000,2.041601692326367e-05,38,527,34,13.868421052631579,True,3.912023005428146,0.0
