hash,family,instance,solver,result,completed,variables,clauses,decisions,propagations,props_per_decision,cpu_time,status
be9a6f49b162977be1c1a2fe0eedf987,hardware-verification,be9a6f49b162977be1c1a2fe0eedf987-ibm-2004-29-k25.cnf,minisat,UNSAT,True,17494,74526,493546,107222355,217.2490,10.0528,ok
be9a6f49b162977be1c1a2fe0eedf987,hardware-verification,be9a6f49b162977be1c1a2fe0eedf987-ibm-2004-29-k25.cnf,cadical,UNSAT,True,,,236795,23490632,99.2024,2.95,ok
be9a6f49b162977be1c1a2fe0eedf987,hardware-verification,be9a6f49b162977be1c1a2fe0eedf987-ibm-2004-29-k25.cnf,kissat,UNSAT,True,,,191797,27112804,141.3620,1.91,ok
a15a3a637ac8ee47d65e5a1834021085,hardware-verification,a15a3a637ac8ee47d65e5a1834021085-SAT_dat.k85.cnf,minisat,SAT,True,298266,1208005,1122264,213556373,190.2907,15.3949,ok
a15a3a637ac8ee47d65e5a1834021085,hardware-verification,a15a3a637ac8ee47d65e5a1834021085-SAT_dat.k85.cnf,cadical,SAT,True,,,1243377,102554399,82.4805,23.82,ok
a15a3a637ac8ee47d65e5a1834021085,hardware-verification,a15a3a637ac8ee47d65e5a1834021085-SAT_dat.k85.cnf,kissat,SAT,True,,,874480,73990864,84.6113,8.03,ok
1e2c7326c2e7898d40665a86a747fa0e,hardware-verification,1e2c7326c2e7898d40665a86a747fa0e-engine_5_case1.cnf,minisat,UNSAT,True,18810,214144,32307,9521419,294.7169,0.573463,ok
1e2c7326c2e7898d40665a86a747fa0e,hardware-verification,1e2c7326c2e7898d40665a86a747fa0e-engine_5_case1.cnf,cadical,UNSAT,True,,,45753,14911679,325.9170,2.01,ok
1e2c7326c2e7898d40665a86a747fa0e,hardware-verification,1e2c7326c2e7898d40665a86a747fa0e-engine_5_case1.cnf,kissat,UNSAT,True,,,60835,23043244,378.7827,1.22,ok
214a609d6a70d397010c27e42a2463fe,hardware-verification,214a609d6a70d397010c27e42a2463fe-sss-sat-1.shuffled.cnf,minisat,SAT,True,4824,48180,7668,210031,27.3906,0.06562,ok
214a609d6a70d397010c27e42a2463fe,hardware-verification,214a609d6a70d397010c27e42a2463fe-sss-sat-1.shuffled.cnf,cadical,SAT,True,,,10378,255247,24.5950,0.14,ok
214a609d6a70d397010c27e42a2463fe,hardware-verification,214a609d6a70d397010c27e42a2463fe-sss-sat-1.shuffled.cnf,kissat,SAT,True,,,10588,762792,72.0431,0.07,ok
3e5480781f89dfa11b41c034f68a713b,hardware-verification,3e5480781f89dfa11b41c034f68a713b-edn_5371_12.cnf_0.50000000.unsat.cnf,minisat,UNSAT,True,1042190,3037731,0,334676,,0.640752,no_decisions
3e5480781f89dfa11b41c034f68a713b,hardware-verification,3e5480781f89dfa11b41c034f68a713b-edn_5371_12.cnf_0.50000000.unsat.cnf,cadical,UNSAT,True,,,,,,0.65,no_decisions
3e5480781f89dfa11b41c034f68a713b,hardware-verification,3e5480781f89dfa11b41c034f68a713b-edn_5371_12.cnf_0.50000000.unsat.cnf,kissat,UNSAT,True,,,0,334676,,0.33,no_decisions
381218f7cd0f1771eede9252a5963a48,hardware-verification,381218f7cd0f1771eede9252a5963a48-manol-pipe-cha05-113.cnf,minisat,UNSAT,True,36757,109044,288838,23621842,81.7823,2.10769,ok
381218f7cd0f1771eede9252a5963a48,hardware-verification,381218f7cd0f1771eede9252a5963a48-manol-pipe-cha05-113.cnf,cadical,UNSAT,True,,,417019,16673135,39.9817,2.90,ok
381218f7cd0f1771eede9252a5963a48,hardware-verification,381218f7cd0f1771eede9252a5963a48-manol-pipe-cha05-113.cnf,kissat,UNSAT,True,,,653882,47896696,73.2498,3.95,ok
d5ed2be381f3a58b0abaed0d95c1b2a2,hardware-verification,d5ed2be381f3a58b0abaed0d95c1b2a2-c6bidw_i.cnf,minisat,UNSAT,True,96089,283992,1189852,66992231,56.3030,6.60517,ok
d5ed2be381f3a58b0abaed0d95c1b2a2,hardware-verification,d5ed2be381f3a58b0abaed0d95c1b2a2-c6bidw_i.cnf,cadical,UNSAT,True,,,2477944,53536557,21.6052,11.86,ok
d5ed2be381f3a58b0abaed0d95c1b2a2,hardware-verification,d5ed2be381f3a58b0abaed0d95c1b2a2-c6bidw_i.cnf,kissat,UNSAT,True,,,3456511,100887828,29.1878,14.23,ok
709fa71fcbe9f58f0696c723e9c5afce,hardware-verification,709fa71fcbe9f58f0696c723e9c5afce-shuffling-2-s261218073-of-bench-sat04-724.used-as.sat04-750.cnf,minisat,SAT,True,138918,4678656,202978,22455053,110.6280,34.4689,ok
709fa71fcbe9f58f0696c723e9c5afce,hardware-verification,709fa71fcbe9f58f0696c723e9c5afce-shuffling-2-s261218073-of-bench-sat04-724.used-as.sat04-750.cnf,cadical,SAT,True,,,678017,103387694,152.4854,21.18,ok
709fa71fcbe9f58f0696c723e9c5afce,hardware-verification,709fa71fcbe9f58f0696c723e9c5afce-shuffling-2-s261218073-of-bench-sat04-724.used-as.sat04-750.cnf,kissat,SAT,True,,,587526,168582033,286.9354,21.64,ok
9df7f45363e2fd8186db17f3a951fccf,hardware-verification,9df7f45363e2fd8186db17f3a951fccf-ip50.shuffled-as.sat03-434.cnf,minisat,UNSAT,True,66131,208500,66342,10621621,160.1040,1.01475,ok
9df7f45363e2fd8186db17f3a951fccf,hardware-verification,9df7f45363e2fd8186db17f3a951fccf-ip50.shuffled-as.sat03-434.cnf,cadical,UNSAT,True,,,66197,3525014,53.2504,0.93,ok
9df7f45363e2fd8186db17f3a951fccf,hardware-verification,9df7f45363e2fd8186db17f3a951fccf-ip50.shuffled-as.sat03-434.cnf,kissat,UNSAT,True,,,146144,23915621,163.6442,1.53,ok
42cbec6edb9f3f2ccb461c800db0707a,hardware-verification,42cbec6edb9f3f2ccb461c800db0707a-ooo.rf6.ucl.sat.chaff.4.1.bryant.cnf,minisat,UNSAT,True,3026,8393,109,4199,38.5229,0.014896,ok
42cbec6edb9f3f2ccb461c800db0707a,hardware-verification,42cbec6edb9f3f2ccb461c800db0707a-ooo.rf6.ucl.sat.chaff.4.1.bryant.cnf,cadical,UNSAT,True,,,2037,10198,5.0064,0.02,ok
42cbec6edb9f3f2ccb461c800db0707a,hardware-verification,42cbec6edb9f3f2ccb461c800db0707a-ooo.rf6.ucl.sat.chaff.4.1.bryant.cnf,kissat,UNSAT,True,,,102,56749,556.3627,0.02,ok
1c4954b4113ddc4413612977b85818af,hardware-verification,1c4954b4113ddc4413612977b85818af-g6b.cnf,minisat,UNSAT,True,13495,39570,14788,400136,27.0582,0.082979,ok
1c4954b4113ddc4413612977b85818af,hardware-verification,1c4954b4113ddc4413612977b85818af-g6b.cnf,cadical,UNSAT,True,,,38350,510409,13.3092,0.17,ok
1c4954b4113ddc4413612977b85818af,hardware-verification,1c4954b4113ddc4413612977b85818af-g6b.cnf,kissat,UNSAT,True,,,22439,3257630,145.1771,0.17,ok
497e516c4d926d82596e88fb263a0b87,hardware-verification,497e516c4d926d82596e88fb263a0b87-manol-pipe-c7_i.cnf,minisat,UNSAT,True,13023,38508,88335,5050194,57.1709,0.497601,ok
497e516c4d926d82596e88fb263a0b87,hardware-verification,497e516c4d926d82596e88fb263a0b87-manol-pipe-c7_i.cnf,cadical,UNSAT,True,,,65791,1251322,19.0197,0.30,ok
497e516c4d926d82596e88fb263a0b87,hardware-verification,497e516c4d926d82596e88fb263a0b87-manol-pipe-c7_i.cnf,kissat,UNSAT,True,,,210334,13709110,65.1778,1.11,ok
193060ecba8e768744195ef72f9751fd,hardware-verification,193060ecba8e768744195ef72f9751fd-c8bidw_s.cnf,minisat,UNSAT,True,171486,508464,158284,5712992,36.0933,0.733552,ok
193060ecba8e768744195ef72f9751fd,hardware-verification,193060ecba8e768744195ef72f9751fd-c8bidw_s.cnf,cadical,UNSAT,True,,,178380,2870478,16.0919,2.08,ok
193060ecba8e768744195ef72f9751fd,hardware-verification,193060ecba8e768744195ef72f9751fd-c8bidw_s.cnf,kissat,UNSAT,True,,,82196,21014930,255.6685,1.35,ok
29bbe29cc785a954ce4c60f3266948e9,hardware-verification,29bbe29cc785a954ce4c60f3266948e9-g7nidw.cnf,minisat,UNSAT,True,75496,222378,1662512,63476915,38.1813,5.17664,ok
29bbe29cc785a954ce4c60f3266948e9,hardware-verification,29bbe29cc785a954ce4c60f3266948e9-g7nidw.cnf,cadical,UNSAT,True,,,653327,8362304,12.7996,2.07,ok
29bbe29cc785a954ce4c60f3266948e9,hardware-verification,29bbe29cc785a954ce4c60f3266948e9-g7nidw.cnf,kissat,UNSAT,True,,,908475,39561404,43.5470,3.15,ok
bae8f46988f3f06fb8f4f42be1b8c6c5,hardware-verification,bae8f46988f3f06fb8f4f42be1b8c6c5-edn_5371_8.cnf_0.39000000.unsat.cnf,minisat,UNSAT,True,686766,1994673,0,271770,,0.424963,no_decisions
bae8f46988f3f06fb8f4f42be1b8c6c5,hardware-verification,bae8f46988f3f06fb8f4f42be1b8c6c5-edn_5371_8.cnf_0.39000000.unsat.cnf,cadical,UNSAT,True,,,,,,0.43,no_decisions
bae8f46988f3f06fb8f4f42be1b8c6c5,hardware-verification,bae8f46988f3f06fb8f4f42be1b8c6c5-edn_5371_8.cnf_0.39000000.unsat.cnf,kissat,UNSAT,True,,,0,271770,,0.23,no_decisions
c3dfabc07a14354de3e71457dc6632cb,planning,c3dfabc07a14354de3e71457dc6632cb-shuffling-2-s1466302401-of-bench-sat04-427.used-as.sat04-704.cnf,minisat,SAT,True,4758,43694,2481646,219532057,88.4623,33.8846,ok
c3dfabc07a14354de3e71457dc6632cb,planning,c3dfabc07a14354de3e71457dc6632cb-shuffling-2-s1466302401-of-bench-sat04-427.used-as.sat04-704.cnf,cadical,SAT,True,,,1162789,102049901,87.7630,8.85,ok
c3dfabc07a14354de3e71457dc6632cb,planning,c3dfabc07a14354de3e71457dc6632cb-shuffling-2-s1466302401-of-bench-sat04-427.used-as.sat04-704.cnf,kissat,SAT,True,,,2654814,206459040,77.7678,15.50,ok
4777e305e53a46a97e784abae072c204,planning,4777e305e53a46a97e784abae072c204-mrpp_4x4#4_5.cnf,minisat,SAT,True,963,4981,539,3534,6.5566,0.010328,ok
4777e305e53a46a97e784abae072c204,planning,4777e305e53a46a97e784abae072c204-mrpp_4x4#4_5.cnf,cadical,SAT,True,,,1542,3471,2.2510,0.02,ok
4777e305e53a46a97e784abae072c204,planning,4777e305e53a46a97e784abae072c204-mrpp_4x4#4_5.cnf,kissat,SAT,True,,,4392,35679,8.1236,0.02,ok
b2d89917d97f65150eef03cf1db3c03d,planning,b2d89917d97f65150eef03cf1db3c03d-grid-strips-grid-y-4.035-NOTKNOWN.cnf,minisat,SAT,True,394366,2774534,89495,90972840,1016.5131,8.27455,ok
b2d89917d97f65150eef03cf1db3c03d,planning,b2d89917d97f65150eef03cf1db3c03d-grid-strips-grid-y-4.035-NOTKNOWN.cnf,cadical,SAT,True,,,184561,419149849,2271.0640,24.05,ok
b2d89917d97f65150eef03cf1db3c03d,planning,b2d89917d97f65150eef03cf1db3c03d-grid-strips-grid-y-4.035-NOTKNOWN.cnf,kissat,SAT,True,,,1205108,617435374,512.3486,15.66,ok
24706f6663f0524f28b62e0c8b6abf1e,planning,24706f6663f0524f28b62e0c8b6abf1e-ferry9.shuffled-as.sat03-386.cnf,minisat,SAT,True,2410,15860,10589,259387,24.4959,0.043607,ok
24706f6663f0524f28b62e0c8b6abf1e,planning,24706f6663f0524f28b62e0c8b6abf1e-ferry9.shuffled-as.sat03-386.cnf,cadical,SAT,True,,,10391,445972,42.9191,0.08,ok
24706f6663f0524f28b62e0c8b6abf1e,planning,24706f6663f0524f28b62e0c8b6abf1e-ferry9.shuffled-as.sat03-386.cnf,kissat,SAT,True,,,392,79335,202.3852,0.03,ok
022dc7e9935f3570c088db58bd84b2c6,planning,022dc7e9935f3570c088db58bd84b2c6-mrpp_6x6#12_8.cnf,minisat,UNSAT,True,3893,25257,273,1282,4.6960,0.029892,ok
022dc7e9935f3570c088db58bd84b2c6,planning,022dc7e9935f3570c088db58bd84b2c6-mrpp_6x6#12_8.cnf,cadical,UNSAT,True,,,1571,5674,3.6117,0.04,ok
022dc7e9935f3570c088db58bd84b2c6,planning,022dc7e9935f3570c088db58bd84b2c6-mrpp_6x6#12_8.cnf,kissat,UNSAT,True,,,64,39023,609.7344,0.03,ok
11dcd55f9d6ce8873cd8150ce5ca6c4e,planning,11dcd55f9d6ce8873cd8150ce5ca6c4e-logistics-rotate-09t6.shuffled-as.sat05-1133.cnf,minisat,SAT,True,8186,887207,120086,5215425,43.4307,1.41561,ok
11dcd55f9d6ce8873cd8150ce5ca6c4e,planning,11dcd55f9d6ce8873cd8150ce5ca6c4e-logistics-rotate-09t6.shuffled-as.sat05-1133.cnf,cadical,SAT,True,,,123576,27524525,222.7336,3.34,ok
11dcd55f9d6ce8873cd8150ce5ca6c4e,planning,11dcd55f9d6ce8873cd8150ce5ca6c4e-logistics-rotate-09t6.shuffled-as.sat05-1133.cnf,kissat,SAT,True,,,219283,66300848,302.3529,2.84,ok
7edf55fdf6dc152493b5e2aaa86977e5,planning,7edf55fdf6dc152493b5e2aaa86977e5-strips-gripper-20t39.shuffled-as.sat05-1148.cnf,minisat,SAT,True,14020,433927,423831,69939407,165.0172,7.46921,ok
7edf55fdf6dc152493b5e2aaa86977e5,planning,7edf55fdf6dc152493b5e2aaa86977e5-strips-gripper-20t39.shuffled-as.sat05-1148.cnf,cadical,SAT,True,,,1192660,244784569,205.2425,17.85,ok
7edf55fdf6dc152493b5e2aaa86977e5,planning,7edf55fdf6dc152493b5e2aaa86977e5-strips-gripper-20t39.shuffled-as.sat05-1148.cnf,kissat,rc0,False,,,7235043,995128423,137.5428,60.00,ok
57f34c7f226121206e07b7219879838d,planning,57f34c7f226121206e07b7219879838d-satellite1_v01a.shuffled-as.sat05-4052.cnf,minisat,SAT,True,158,3086,12,197,16.4167,0.008798,ok
57f34c7f226121206e07b7219879838d,planning,57f34c7f226121206e07b7219879838d-satellite1_v01a.shuffled-as.sat05-4052.cnf,cadical,SAT,True,,,,,,0.00,no_decisions
57f34c7f226121206e07b7219879838d,planning,57f34c7f226121206e07b7219879838d-satellite1_v01a.shuffled-as.sat05-4052.cnf,kissat,SAT,True,,,0,1003,,0.00,no_decisions
a7f58b183abd97e19ae5d77b6450fcc6,planning,a7f58b183abd97e19ae5d77b6450fcc6-logistics-rotate-06t6.shuffled-as.sat05-1130.cnf,minisat,SAT,True,3337,161797,7032,289830,41.2159,0.212136,ok
a7f58b183abd97e19ae5d77b6450fcc6,planning,a7f58b183abd97e19ae5d77b6450fcc6-logistics-rotate-06t6.shuffled-as.sat05-1130.cnf,cadical,SAT,True,,,7859,403886,51.3915,0.31,ok
a7f58b183abd97e19ae5d77b6450fcc6,planning,a7f58b183abd97e19ae5d77b6450fcc6-logistics-rotate-06t6.shuffled-as.sat05-1130.cnf,kissat,SAT,True,,,10346,973440,94.0885,0.14,ok
43c2a4e1db24cc4ae0859da7e038d070,planning,43c2a4e1db24cc4ae0859da7e038d070-uts-l06-ipc5-h34-unknown.cnf,minisat,SAT,True,187667,874688,69134,32250638,466.4946,3.38876,ok
43c2a4e1db24cc4ae0859da7e038d070,planning,43c2a4e1db24cc4ae0859da7e038d070-uts-l06-ipc5-h34-unknown.cnf,cadical,SAT,True,,,84342,15093130,178.9515,5.33,ok
43c2a4e1db24cc4ae0859da7e038d070,planning,43c2a4e1db24cc4ae0859da7e038d070-uts-l06-ipc5-h34-unknown.cnf,kissat,SAT,True,,,213307,221818810,1039.9040,8.29,ok
9555e601f3faa7ba666378d2b2678c49,planning,9555e601f3faa7ba666378d2b2678c49-strips-gripper-10t18.shuffled-as.sat05-1150.cnf,minisat,UNSAT,True,3192,49051,266898,33887822,126.9692,4.35893,ok
9555e601f3faa7ba666378d2b2678c49,planning,9555e601f3faa7ba666378d2b2678c49-strips-gripper-10t18.shuffled-as.sat05-1150.cnf,cadical,UNSAT,True,,,187892,31264784,166.3976,2.47,ok
9555e601f3faa7ba666378d2b2678c49,planning,9555e601f3faa7ba666378d2b2678c49-strips-gripper-10t18.shuffled-as.sat05-1150.cnf,kissat,UNSAT,True,,,232616,37301022,160.3545,2.13,ok
08469bbccc41da0c124d69c61ce7dc58,planning,08469bbccc41da0c124d69c61ce7dc58-barman-pfile07-027.sas.cr.37.cnf,minisat,UNSAT,True,119130,4906547,507218,568233335,1120.2941,24.6186,ok
08469bbccc41da0c124d69c61ce7dc58,planning,08469bbccc41da0c124d69c61ce7dc58-barman-pfile07-027.sas.cr.37.cnf,cadical,UNSAT,True,,,313487,436373733,1391.9995,26.53,ok
08469bbccc41da0c124d69c61ce7dc58,planning,08469bbccc41da0c124d69c61ce7dc58-barman-pfile07-027.sas.cr.37.cnf,kissat,UNSAT,True,,,1315946,728684614,553.7344,21.08,ok
bd45768806383cd306b10e026790594f,planning,bd45768806383cd306b10e026790594f-ferry10_ks99a.shuffled-as.sat05-4059.cnf,minisat,SAT,True,1977,29000,1679,93155,55.4824,0.027218,ok
bd45768806383cd306b10e026790594f,planning,bd45768806383cd306b10e026790594f-ferry10_ks99a.shuffled-as.sat05-4059.cnf,cadical,SAT,True,,,8241,662794,80.4264,0.09,ok
bd45768806383cd306b10e026790594f,planning,bd45768806383cd306b10e026790594f-ferry10_ks99a.shuffled-as.sat05-4059.cnf,kissat,SAT,True,,,13657,2000115,146.4535,0.12,ok
151a12771ab52c3b85df72a3d1f7f32d,planning,151a12771ab52c3b85df72a3d1f7f32d-ferry7_v01i.renamed-as.sat05-4003.cnf,minisat,SAT,True,1329,21688,4221,168457,39.9093,0.028754,ok
151a12771ab52c3b85df72a3d1f7f32d,planning,151a12771ab52c3b85df72a3d1f7f32d-ferry7_v01i.renamed-as.sat05-4003.cnf,cadical,SAT,True,,,23688,1231430,51.9854,0.13,ok
151a12771ab52c3b85df72a3d1f7f32d,planning,151a12771ab52c3b85df72a3d1f7f32d-ferry7_v01i.renamed-as.sat05-4003.cnf,kissat,SAT,True,,,51724,2968370,57.3886,0.18,ok
1169b7c01112d97a6835d259052284ba,planning,1169b7c01112d97a6835d259052284ba-driverlog3_v01a.shuffled-as.sat05-4030.cnf,minisat,SAT,True,170,1559,2,45,22.5000,0.005807,ok
1169b7c01112d97a6835d259052284ba,planning,1169b7c01112d97a6835d259052284ba-driverlog3_v01a.shuffled-as.sat05-4030.cnf,cadical,SAT,True,,,,,,0.00,no_decisions
1169b7c01112d97a6835d259052284ba,planning,1169b7c01112d97a6835d259052284ba-driverlog3_v01a.shuffled-as.sat05-4030.cnf,kissat,SAT,True,,,0,235,,0.00,no_decisions
8d384ee7598d39a0a2dada9cc6f411d9,coloring,8d384ee7598d39a0a2dada9cc6f411d9-3col140_5_9.shuffled.cnf,minisat,SAT,True,280,1170,2321,130599,56.2684,0.022646,ok
8d384ee7598d39a0a2dada9cc6f411d9,coloring,8d384ee7598d39a0a2dada9cc6f411d9-3col140_5_9.shuffled.cnf,cadical,SAT,True,,,5127,249202,48.6058,0.05,ok
8d384ee7598d39a0a2dada9cc6f411d9,coloring,8d384ee7598d39a0a2dada9cc6f411d9-3col140_5_9.shuffled.cnf,kissat,SAT,True,,,22492,180114,8.0079,0.03,ok
c0ee301a9bae7b5ff51d87854d89d549,coloring,c0ee301a9bae7b5ff51d87854d89d549-clqcolor-12-08-08.shuffled-as.sat05-1243.cnf,minisat,SAT,True,258,4580,295,3942,13.3627,0.007545,ok
c0ee301a9bae7b5ff51d87854d89d549,coloring,c0ee301a9bae7b5ff51d87854d89d549-clqcolor-12-08-08.shuffled-as.sat05-1243.cnf,cadical,SAT,True,,,472,5606,11.8771,0.02,ok
c0ee301a9bae7b5ff51d87854d89d549,coloring,c0ee301a9bae7b5ff51d87854d89d549-clqcolor-12-08-08.shuffled-as.sat05-1243.cnf,kissat,SAT,True,,,2400,18871,7.8629,0.02,ok
28f29fe949422ec88892e18073de065c,coloring,28f29fe949422ec88892e18073de065c-5col100_15_6.shuffled.cnf,minisat,UNSAT,True,300,3973,941576,35102564,37.2806,6.40822,ok
28f29fe949422ec88892e18073de065c,coloring,28f29fe949422ec88892e18073de065c-5col100_15_6.shuffled.cnf,cadical,UNSAT,True,,,205734,7230397,35.1444,2.32,ok
28f29fe949422ec88892e18073de065c,coloring,28f29fe949422ec88892e18073de065c-5col100_15_6.shuffled.cnf,kissat,UNSAT,True,,,272501,7210595,26.4608,2.34,ok
9c34300615109a8f111055a9b48c13d6,coloring,9c34300615109a8f111055a9b48c13d6-rope_0009.shuffled.cnf,minisat,UNSAT,True,324,756,19993,192719,9.6393,0.042079,ok
9c34300615109a8f111055a9b48c13d6,coloring,9c34300615109a8f111055a9b48c13d6-rope_0009.shuffled.cnf,cadical,UNSAT,True,,,6115,59543,9.7372,0.02,ok
9c34300615109a8f111055a9b48c13d6,coloring,9c34300615109a8f111055a9b48c13d6-rope_0009.shuffled.cnf,kissat,UNSAT,True,,,5177,70159,13.5521,0.01,ok
9361e49a823baf899f11706cbd9b5e72,coloring,9361e49a823baf899f11706cbd9b5e72-3col220_5_1.shuffled.cnf,minisat,SAT,True,440,1848,50659,4010363,79.1639,0.442729,ok
9361e49a823baf899f11706cbd9b5e72,coloring,9361e49a823baf899f11706cbd9b5e72-3col220_5_1.shuffled.cnf,cadical,SAT,True,,,7581,554769,73.1789,0.09,ok
9361e49a823baf899f11706cbd9b5e72,coloring,9361e49a823baf899f11706cbd9b5e72-3col220_5_1.shuffled.cnf,kissat,SAT,True,,,156257,2866852,18.3470,0.48,ok
f92890120255523d223c4d234688d0f2,coloring,f92890120255523d223c4d234688d0f2-3col20_5_9.shuffled.cnf,minisat,UNSAT,True,40,151,0,33,,0.003377,no_decisions
f92890120255523d223c4d234688d0f2,coloring,f92890120255523d223c4d234688d0f2-3col20_5_9.shuffled.cnf,cadical,UNSAT,True,,,,,,0.00,no_decisions
f92890120255523d223c4d234688d0f2,coloring,f92890120255523d223c4d234688d0f2-3col20_5_9.shuffled.cnf,kissat,UNSAT,True,,,0,148,,0.00,no_decisions
cdd5a62c5d3dffa917b0e7a9d8211994,coloring,cdd5a62c5d3dffa917b0e7a9d8211994-5col100_15_9.shuffled.cnf,minisat,UNSAT,True,300,3950,637509,23456307,36.7937,4.05732,ok
cdd5a62c5d3dffa917b0e7a9d8211994,coloring,cdd5a62c5d3dffa917b0e7a9d8211994-5col100_15_9.shuffled.cnf,cadical,UNSAT,True,,,277660,10114444,36.4274,3.39,ok
cdd5a62c5d3dffa917b0e7a9d8211994,coloring,cdd5a62c5d3dffa917b0e7a9d8211994-5col100_15_9.shuffled.cnf,kissat,UNSAT,True,,,315477,8089720,25.6428,2.74,ok
cf381961b164085caa6c67b547f872ab,coloring,cf381961b164085caa6c67b547f872ab-3col240_5_3.shuffled.cnf,minisat,SAT,True,480,2023,129118,11149983,86.3550,1.28686,ok
cf381961b164085caa6c67b547f872ab,coloring,cf381961b164085caa6c67b547f872ab-3col240_5_3.shuffled.cnf,cadical,SAT,True,,,9765,717639,73.4909,0.12,ok
cf381961b164085caa6c67b547f872ab,coloring,cf381961b164085caa6c67b547f872ab-3col240_5_3.shuffled.cnf,kissat,SAT,True,,,326557,7332230,22.4531,1.41,ok
ee2931af7bf1246b68c70a04767f7407,coloring,ee2931af7bf1246b68c70a04767f7407-5col100_15_2.shuffled.cnf,minisat,UNSAT,True,300,3965,483349,17517306,36.2415,2.98791,ok
ee2931af7bf1246b68c70a04767f7407,coloring,ee2931af7bf1246b68c70a04767f7407-5col100_15_2.shuffled.cnf,cadical,UNSAT,True,,,321126,12389434,38.5812,3.96,ok
ee2931af7bf1246b68c70a04767f7407,coloring,ee2931af7bf1246b68c70a04767f7407-5col100_15_2.shuffled.cnf,kissat,UNSAT,True,,,305938,8170553,26.7066,2.71,ok
b3e069e1df11c02f22093b6ebd52345f,coloring,b3e069e1df11c02f22093b6ebd52345f-3col260_5_4.shuffled.cnf,minisat,SAT,True,520,2190,112972,9808512,86.8225,1.13241,ok
b3e069e1df11c02f22093b6ebd52345f,coloring,b3e069e1df11c02f22093b6ebd52345f-3col260_5_4.shuffled.cnf,cadical,SAT,True,,,150826,9343276,61.9474,2.03,ok
b3e069e1df11c02f22093b6ebd52345f,coloring,b3e069e1df11c02f22093b6ebd52345f-3col260_5_4.shuffled.cnf,kissat,SAT,True,,,118251,1316650,11.1344,0.20,ok
e7ee9430abd1307b7fb47b378cfa834a,coloring,e7ee9430abd1307b7fb47b378cfa834a-3col20_5_10.shuffled.cnf,minisat,UNSAT,True,40,149,0,32,,0.003136,no_decisions
e7ee9430abd1307b7fb47b378cfa834a,coloring,e7ee9430abd1307b7fb47b378cfa834a-3col20_5_10.shuffled.cnf,cadical,UNSAT,True,,,,,,0.00,no_decisions
e7ee9430abd1307b7fb47b378cfa834a,coloring,e7ee9430abd1307b7fb47b378cfa834a-3col20_5_10.shuffled.cnf,kissat,UNSAT,True,,,0,171,,0.00,no_decisions
c6b615af5704716d42c23307e4f62c94,coloring,c6b615af5704716d42c23307e4f62c94-3col100_5_3.shuffled.cnf,minisat,SAT,True,200,836,1422,62788,44.1547,0.016492,ok
c6b615af5704716d42c23307e4f62c94,coloring,c6b615af5704716d42c23307e4f62c94-3col100_5_3.shuffled.cnf,cadical,SAT,True,,,1192,42551,35.6971,0.02,ok
c6b615af5704716d42c23307e4f62c94,coloring,c6b615af5704716d42c23307e4f62c94-3col100_5_3.shuffled.cnf,kissat,SAT,True,,,8611,50711,5.8891,0.01,ok
a966c820655e43166b9e83b5b8327f97,coloring,a966c820655e43166b9e83b5b8327f97-3col140_5_6.shuffled.cnf,minisat,SAT,True,280,1166,1809,95266,52.6622,0.021956,ok
a966c820655e43166b9e83b5b8327f97,coloring,a966c820655e43166b9e83b5b8327f97-3col140_5_6.shuffled.cnf,cadical,SAT,True,,,4248,240037,56.5059,0.05,ok
a966c820655e43166b9e83b5b8327f97,coloring,a966c820655e43166b9e83b5b8327f97-3col140_5_6.shuffled.cnf,kissat,SAT,True,,,20400,201951,9.8996,0.03,ok
b246b2b371bc766de2d1f5eb13ea9672,coloring,b246b2b371bc766de2d1f5eb13ea9672-3col160_5_4.shuffled.cnf,minisat,SAT,True,320,1350,3278,203027,61.9362,0.031792,ok
b246b2b371bc766de2d1f5eb13ea9672,coloring,b246b2b371bc766de2d1f5eb13ea9672-3col160_5_4.shuffled.cnf,cadical,SAT,True,,,5918,386585,65.3236,0.07,ok
b246b2b371bc766de2d1f5eb13ea9672,coloring,b246b2b371bc766de2d1f5eb13ea9672-3col160_5_4.shuffled.cnf,kissat,SAT,True,,,45151,566524,12.5473,0.10,ok
6da135e88d08796e1fbc7c8378fcc785,coloring,6da135e88d08796e1fbc7c8378fcc785-3col180_5_4.shuffled.cnf,minisat,SAT,True,360,1505,6593,428414,64.9801,0.058158,ok
6da135e88d08796e1fbc7c8378fcc785,coloring,6da135e88d08796e1fbc7c8378fcc785-3col180_5_4.shuffled.cnf,cadical,SAT,True,,,9687,540235,55.7691,0.09,ok
6da135e88d08796e1fbc7c8378fcc785,coloring,6da135e88d08796e1fbc7c8378fcc785-3col180_5_4.shuffled.cnf,kissat,SAT,True,,,80215,1334656,16.6385,0.25,ok
3f8635f474f26eed1c88c81c49f8a93a,cryptography,3f8635f474f26eed1c88c81c49f8a93a-md5__zeroOut_03__freeIn_07__seed_2.cnf,minisat,SAT,True,15233,138643,537226,6032986,11.2299,0.634901,ok
3f8635f474f26eed1c88c81c49f8a93a,cryptography,3f8635f474f26eed1c88c81c49f8a93a-md5__zeroOut_03__freeIn_07__seed_2.cnf,cadical,SAT,True,,,1033411,20947387,20.2701,4.20,ok
3f8635f474f26eed1c88c81c49f8a93a,cryptography,3f8635f474f26eed1c88c81c49f8a93a-md5__zeroOut_03__freeIn_07__seed_2.cnf,kissat,SAT,True,,,1227404,18685756,15.2238,2.41,ok
dd5eb1bc337be11ab832e945a0c6cb6d,cryptography,dd5eb1bc337be11ab832e945a0c6cb6d-gss-15-s100.cnf,minisat,SAT,True,31238,93678,6457,43926400,6802.9116,2.06511,ok
dd5eb1bc337be11ab832e945a0c6cb6d,cryptography,dd5eb1bc337be11ab832e945a0c6cb6d-gss-15-s100.cnf,cadical,SAT,True,,,21639,192983256,8918.3075,14.76,ok
dd5eb1bc337be11ab832e945a0c6cb6d,cryptography,dd5eb1bc337be11ab832e945a0c6cb6d-gss-15-s100.cnf,kissat,SAT,True,,,28951,269662905,9314.4591,11.08,ok
9ef46b401df36e4110d09c4f60a13ad4,cryptography,9ef46b401df36e4110d09c4f60a13ad4-vmpc_25.shuffled-as.sat05-1945.cnf,minisat,SAT,True,625,76775,444255,27039094,60.8639,7.5636,ok
9ef46b401df36e4110d09c4f60a13ad4,cryptography,9ef46b401df36e4110d09c4f60a13ad4-vmpc_25.shuffled-as.sat05-1945.cnf,cadical,SAT,True,,,642976,51104344,79.4810,11.38,ok
9ef46b401df36e4110d09c4f60a13ad4,cryptography,9ef46b401df36e4110d09c4f60a13ad4-vmpc_25.shuffled-as.sat05-1945.cnf,kissat,SAT,True,,,2044338,128959801,63.0814,28.54,ok
a48c6bde272ae96f0fe01271777a22d3,cryptography,a48c6bde272ae96f0fe01271777a22d3-grieu-vmpc-s05-05s.cnf,minisat,SAT,True,625,76775,444255,27039094,60.8639,7.73344,ok
a48c6bde272ae96f0fe01271777a22d3,cryptography,a48c6bde272ae96f0fe01271777a22d3-grieu-vmpc-s05-05s.cnf,cadical,SAT,True,,,122431,10471323,85.5284,2.07,ok
a48c6bde272ae96f0fe01271777a22d3,cryptography,a48c6bde272ae96f0fe01271777a22d3-grieu-vmpc-s05-05s.cnf,kissat,SAT,True,,,1306407,82119440,62.8590,15.87,ok
652bc63d7054bd9e06da4adfbd2fc397,cryptography,652bc63d7054bd9e06da4adfbd2fc397-md5__zeroOut_09__freeIn_13__seed_1.cnf,minisat,SAT,True,15233,138643,924478,41208431,44.5748,5.63722,ok
652bc63d7054bd9e06da4adfbd2fc397,cryptography,652bc63d7054bd9e06da4adfbd2fc397-md5__zeroOut_09__freeIn_13__seed_1.cnf,cadical,SAT,True,,,3453402,104792673,30.3448,19.90,ok
652bc63d7054bd9e06da4adfbd2fc397,cryptography,652bc63d7054bd9e06da4adfbd2fc397-md5__zeroOut_09__freeIn_13__seed_1.cnf,kissat,SAT,True,,,5250859,111146376,21.1673,14.83,ok
3e8a93289f23c6384b4373981d241b03,cryptography,3e8a93289f23c6384b4373981d241b03-mp1-22.8.cnf,minisat,SAT,True,4128,72259,2056478,22441067,10.9124,3.96124,ok
3e8a93289f23c6384b4373981d241b03,cryptography,3e8a93289f23c6384b4373981d241b03-mp1-22.8.cnf,cadical,rc0,False,,,19658071,211790238,10.7737,60.00,ok
3e8a93289f23c6384b4373981d241b03,cryptography,3e8a93289f23c6384b4373981d241b03-mp1-22.8.cnf,kissat,rc0,False,,,26034831,264462963,10.1580,60.00,ok
f79b51d583e3477a96c8f69e6eb434ae,cryptography,f79b51d583e3477a96c8f69e6eb434ae-009.cnf,minisat,SAT,True,4128,72259,2279737,20954949,9.1918,3.52951,ok
f79b51d583e3477a96c8f69e6eb434ae,cryptography,f79b51d583e3477a96c8f69e6eb434ae-009.cnf,cadical,rc0,False,,,21746080,202675964,9.3201,60.01,ok
f79b51d583e3477a96c8f69e6eb434ae,cryptography,f79b51d583e3477a96c8f69e6eb434ae-009.cnf,kissat,rc0,False,,,28215943,273862022,9.7059,60.00,ok
4cf373cad2b740fcf21c55e830e28a98,cryptography,4cf373cad2b740fcf21c55e830e28a98-sha1__zeroOut_03__freeIn_07__seed_1.cnf,minisat,SAT,True,13409,307102,1881184,67918358,36.1040,14.6034,ok
4cf373cad2b740fcf21c55e830e28a98,cryptography,4cf373cad2b740fcf21c55e830e28a98-sha1__zeroOut_03__freeIn_07__seed_1.cnf,cadical,SAT,True,,,,,,0.14,no_decisions
4cf373cad2b740fcf21c55e830e28a98,cryptography,4cf373cad2b740fcf21c55e830e28a98-sha1__zeroOut_03__freeIn_07__seed_1.cnf,kissat,SAT,True,,,0,13857,,0.11,no_decisions
f10b15b078811d443c859aade6d3863b,cryptography,f10b15b078811d443c859aade6d3863b-md5__zeroOut_05__freeIn_09__seed_1.cnf,minisat,SAT,True,15233,138643,841478,47204981,56.0977,6.04139,ok
f10b15b078811d443c859aade6d3863b,cryptography,f10b15b078811d443c859aade6d3863b-md5__zeroOut_05__freeIn_09__seed_1.cnf,cadical,SAT,True,,,1742185,47427594,27.2231,8.26,ok
f10b15b078811d443c859aade6d3863b,cryptography,f10b15b078811d443c859aade6d3863b-md5__zeroOut_05__freeIn_09__seed_1.cnf,kissat,SAT,True,,,2062409,56265169,27.2813,7.08,ok
f42ff899418dfff5c9c7c958b2a09177,cryptography,f42ff899418dfff5c9c7c958b2a09177-sha1__zeroOut_00__freeIn_04__seed_2.cnf,minisat,SAT,True,13409,307102,969248,9702830,10.0107,1.71235,ok
f42ff899418dfff5c9c7c958b2a09177,cryptography,f42ff899418dfff5c9c7c958b2a09177-sha1__zeroOut_00__freeIn_04__seed_2.cnf,cadical,SAT,True,,,,,,0.14,no_decisions
f42ff899418dfff5c9c7c958b2a09177,cryptography,f42ff899418dfff5c9c7c958b2a09177-sha1__zeroOut_00__freeIn_04__seed_2.cnf,kissat,SAT,True,,,0,13884,,0.10,no_decisions
4bc4e48017602be956d46b317739149b,cryptography,4bc4e48017602be956d46b317739149b-md5__zeroOut_09__freeIn_13__seed_0.cnf,minisat,SAT,True,15233,138643,884563,49476403,55.9332,7.12807,ok
4bc4e48017602be956d46b317739149b,cryptography,4bc4e48017602be956d46b317739149b-md5__zeroOut_09__freeIn_13__seed_0.cnf,cadical,SAT,True,,,3930068,161030786,40.9740,29.71,ok
4bc4e48017602be956d46b317739149b,cryptography,4bc4e48017602be956d46b317739149b-md5__zeroOut_09__freeIn_13__seed_0.cnf,kissat,SAT,True,,,5679188,120255669,21.1748,16.26,ok
f9246fd6fd1e617b3e71798543df32f7,cryptography,f9246fd6fd1e617b3e71798543df32f7-vmpc_24.shuffled-as.sat05-1944.cnf,minisat,SAT,True,576,67872,109688,6144511,56.0181,1.1467,ok
f9246fd6fd1e617b3e71798543df32f7,cryptography,f9246fd6fd1e617b3e71798543df32f7-vmpc_24.shuffled-as.sat05-1944.cnf,cadical,SAT,True,,,321322,25318064,78.7934,5.09,ok
f9246fd6fd1e617b3e71798543df32f7,cryptography,f9246fd6fd1e617b3e71798543df32f7-vmpc_24.shuffled-as.sat05-1944.cnf,kissat,SAT,True,,,727595,49319906,67.7848,7.93,ok
eeac24c170880dd8465008f89816341d,cryptography,eeac24c170880dd8465008f89816341d-mizh-sha0-36-2.cnf,minisat,SAT,True,50073,179931,1102951,59950302,54.3545,6.12714,ok
eeac24c170880dd8465008f89816341d,cryptography,eeac24c170880dd8465008f89816341d-mizh-sha0-36-2.cnf,cadical,SAT,True,,,2545417,44108505,17.3286,7.53,ok
eeac24c170880dd8465008f89816341d,cryptography,eeac24c170880dd8465008f89816341d-mizh-sha0-36-2.cnf,kissat,SAT,True,,,2550026,41107296,16.1203,4.59,ok
5bdadbd296bfcd8254fda1e650fe56f0,cryptography,5bdadbd296bfcd8254fda1e650fe56f0-md5__zeroOut_02__freeIn_06__seed_2.cnf,minisat,SAT,True,15233,138643,568288,6236335,10.9739,0.654813,ok
5bdadbd296bfcd8254fda1e650fe56f0,cryptography,5bdadbd296bfcd8254fda1e650fe56f0-md5__zeroOut_02__freeIn_06__seed_2.cnf,cadical,SAT,True,,,462647,5202759,11.2456,1.84,ok
5bdadbd296bfcd8254fda1e650fe56f0,cryptography,5bdadbd296bfcd8254fda1e650fe56f0-md5__zeroOut_02__freeIn_06__seed_2.cnf,kissat,SAT,True,,,438154,4892199,11.1655,0.90,ok
a723d60f96607c2e54bcdbaf8a6b943c,cryptography,a723d60f96607c2e54bcdbaf8a6b943c-md4__zeroOut_05__freeIn_09__seed_1.cnf,minisat,SAT,True,7089,84110,291006,6802670,23.3764,0.890722,ok
a723d60f96607c2e54bcdbaf8a6b943c,cryptography,a723d60f96607c2e54bcdbaf8a6b943c-md4__zeroOut_05__freeIn_09__seed_1.cnf,cadical,SAT,True,,,260093,2178690,8.3766,0.73,ok
a723d60f96607c2e54bcdbaf8a6b943c,cryptography,a723d60f96607c2e54bcdbaf8a6b943c-md4__zeroOut_05__freeIn_09__seed_1.cnf,kissat,SAT,True,,,744670,14801905,19.8771,2.03,ok
32c362d1c770a4eb66a5c78346c5e917,quasigroup-completion,32c362d1c770a4eb66a5c78346c5e917-gensys-brn100.shuffled-as.sat05-2844.cnf,minisat,SAT,True,642,15161,6777,134508,19.8477,0.04175,ok
32c362d1c770a4eb66a5c78346c5e917,quasigroup-completion,32c362d1c770a4eb66a5c78346c5e917-gensys-brn100.shuffled-as.sat05-2844.cnf,cadical,SAT,True,,,794,4210,5.3023,0.02,ok
32c362d1c770a4eb66a5c78346c5e917,quasigroup-completion,32c362d1c770a4eb66a5c78346c5e917-gensys-brn100.shuffled-as.sat05-2844.cnf,kissat,SAT,True,,,1969,39546,20.0843,0.03,ok
caf945ecc09eb7e3392b251b753712f8,quasigroup-completion,caf945ecc09eb7e3392b251b753712f8-gensys-brn004.shuffled-as.sat05-3669.cnf,minisat,SAT,True,2435,15698,207107,5841446,28.2050,1.19784,ok
caf945ecc09eb7e3392b251b753712f8,quasigroup-completion,caf945ecc09eb7e3392b251b753712f8-gensys-brn004.shuffled-as.sat05-3669.cnf,cadical,SAT,True,,,228796,4980867,21.7699,1.16,ok
caf945ecc09eb7e3392b251b753712f8,quasigroup-completion,caf945ecc09eb7e3392b251b753712f8-gensys-brn004.shuffled-as.sat05-3669.cnf,kissat,SAT,True,,,202435,2472868,12.2156,0.54,ok
1911bb724b626d44649cdd27bf727098,quasigroup-completion,1911bb724b626d44649cdd27bf727098-iso-brn006.shuffled-as.sat05-3506.cnf,minisat,SAT,True,2672,16365,1204,20449,16.9842,0.031156,ok
1911bb724b626d44649cdd27bf727098,quasigroup-completion,1911bb724b626d44649cdd27bf727098-iso-brn006.shuffled-as.sat05-3506.cnf,cadical,SAT,True,,,11498,29068,2.5281,0.03,ok
1911bb724b626d44649cdd27bf727098,quasigroup-completion,1911bb724b626d44649cdd27bf727098-iso-brn006.shuffled-as.sat05-3506.cnf,kissat,SAT,True,,,11246,48039,4.2717,0.03,ok
5481abf46acb8b750ba0fc041d84f95d,quasigroup-completion,5481abf46acb8b750ba0fc041d84f95d-iso-ukn008.shuffled-as.sat05-3389.cnf,minisat,UNSAT,True,2686,10010,2369,41077,17.3394,0.028132,ok
5481abf46acb8b750ba0fc041d84f95d,quasigroup-completion,5481abf46acb8b750ba0fc041d84f95d-iso-ukn008.shuffled-as.sat05-3389.cnf,cadical,UNSAT,True,,,10660,119250,11.1867,0.04,ok
5481abf46acb8b750ba0fc041d84f95d,quasigroup-completion,5481abf46acb8b750ba0fc041d84f95d-iso-ukn008.shuffled-as.sat05-3389.cnf,kissat,UNSAT,True,,,9158,169850,18.5466,0.04,ok
3efe71750bfdf2724c21e0d818dd90db,quasigroup-completion,3efe71750bfdf2724c21e0d818dd90db-gensys-ukn001.shuffled-as.sat05-3500.cnf,minisat,SAT,True,1524,59870,2489,3435,1.3801,0.155144,ok
3efe71750bfdf2724c21e0d818dd90db,quasigroup-completion,3efe71750bfdf2724c21e0d818dd90db-gensys-ukn001.shuffled-as.sat05-3500.cnf,cadical,SAT,True,,,2022,4732,2.3403,0.21,ok
3efe71750bfdf2724c21e0d818dd90db,quasigroup-completion,3efe71750bfdf2724c21e0d818dd90db-gensys-ukn001.shuffled-as.sat05-3500.cnf,kissat,SAT,True,,,2386,14075,5.8990,0.23,ok
29fb7d9de75c58f6f0da7b4df997f0af,quasigroup-completion,29fb7d9de75c58f6f0da7b4df997f0af-iso-brn005.shuffled-as.sat05-3505.cnf,minisat,SAT,True,2473,15443,2132,16653,7.8110,0.03374,ok
29fb7d9de75c58f6f0da7b4df997f0af,quasigroup-completion,29fb7d9de75c58f6f0da7b4df997f0af-iso-brn005.shuffled-as.sat05-3505.cnf,cadical,SAT,True,,,9278,23005,2.4795,0.03,ok
29fb7d9de75c58f6f0da7b4df997f0af,quasigroup-completion,29fb7d9de75c58f6f0da7b4df997f0af-iso-brn005.shuffled-as.sat05-3505.cnf,kissat,SAT,True,,,17706,74797,4.2244,0.03,ok
c14229d9604377e6fdf282f554056e44,quasigroup-completion,c14229d9604377e6fdf282f554056e44-gensys-ukn002.shuffled-as.sat05-3345.cnf,minisat,SAT,True,994,16449,3894,52675,13.5272,0.029992,ok
c14229d9604377e6fdf282f554056e44,quasigroup-completion,c14229d9604377e6fdf282f554056e44-gensys-ukn002.shuffled-as.sat05-3345.cnf,cadical,SAT,True,,,13160,359505,27.3180,0.07,ok
c14229d9604377e6fdf282f554056e44,quasigroup-completion,c14229d9604377e6fdf282f554056e44-gensys-ukn002.shuffled-as.sat05-3345.cnf,kissat,SAT,True,,,34706,1362759,39.2658,0.19,ok
4db602d4e22062c3dcc01bc740300752,quasigroup-completion,4db602d4e22062c3dcc01bc740300752-iso-ukn004.shuffled-as.sat05-3385.cnf,minisat,SAT,True,1253,10295,655,14643,22.3557,0.014131,ok
4db602d4e22062c3dcc01bc740300752,quasigroup-completion,4db602d4e22062c3dcc01bc740300752-iso-ukn004.shuffled-as.sat05-3385.cnf,cadical,SAT,True,,,1897,8317,4.3843,0.02,ok
4db602d4e22062c3dcc01bc740300752,quasigroup-completion,4db602d4e22062c3dcc01bc740300752-iso-ukn004.shuffled-as.sat05-3385.cnf,kissat,SAT,True,,,9015,54687,6.0662,0.03,ok
c5ce12e7059cfce8b754151289b7b7a7,quasigroup-completion,c5ce12e7059cfce8b754151289b7b7a7-iso-ukn002.shuffled-as.sat05-3625.cnf,minisat,SAT,True,2280,16374,165,1014,6.1455,0.044723,ok
c5ce12e7059cfce8b754151289b7b7a7,quasigroup-completion,c5ce12e7059cfce8b754151289b7b7a7-iso-ukn002.shuffled-as.sat05-3625.cnf,cadical,SAT,True,,,2076,4443,2.1402,0.03,ok
c5ce12e7059cfce8b754151289b7b7a7,quasigroup-completion,c5ce12e7059cfce8b754151289b7b7a7-iso-ukn002.shuffled-as.sat05-3625.cnf,kissat,SAT,True,,,5326,18111,3.4005,0.03,ok
a14004e92effe93ea79dbf1b269bf3bb,quasigroup-completion,a14004e92effe93ea79dbf1b269bf3bb-iso-brn004.shuffled-as.sat05-2698.cnf,minisat,SAT,True,1877,6408,6903,54711,7.9257,0.027384,ok
a14004e92effe93ea79dbf1b269bf3bb,quasigroup-completion,a14004e92effe93ea79dbf1b269bf3bb-iso-brn004.shuffled-as.sat05-2698.cnf,cadical,SAT,True,,,15879,96871,6.1006,0.04,ok
a14004e92effe93ea79dbf1b269bf3bb,quasigroup-completion,a14004e92effe93ea79dbf1b269bf3bb-iso-brn004.shuffled-as.sat05-2698.cnf,kissat,SAT,True,,,61632,533373,8.6542,0.13,ok
b5a08d7466b116c1117e6837c380f88a,quasigroup-completion,b5a08d7466b116c1117e6837c380f88a-iso-ukn009.shuffled-as.sat05-3632.cnf,minisat,SAT,True,3182,12672,293,3447,11.7645,0.017754,ok
b5a08d7466b116c1117e6837c380f88a,quasigroup-completion,b5a08d7466b116c1117e6837c380f88a-iso-ukn009.shuffled-as.sat05-3632.cnf,cadical,SAT,True,,,5249,9202,1.7531,0.02,ok
b5a08d7466b116c1117e6837c380f88a,quasigroup-completion,b5a08d7466b116c1117e6837c380f88a-iso-ukn009.shuffled-as.sat05-3632.cnf,kissat,SAT,True,,,2272,11749,5.1712,0.03,ok
27ebd53e3afdad974c51aed6f7ccf513,quasigroup-completion,27ebd53e3afdad974c51aed6f7ccf513-iso-ukn006.shuffled-as.sat05-3629.cnf,minisat,SAT,True,1861,7827,24,824,34.3333,0.008823,ok
27ebd53e3afdad974c51aed6f7ccf513,quasigroup-completion,27ebd53e3afdad974c51aed6f7ccf513-iso-ukn006.shuffled-as.sat05-3629.cnf,cadical,SAT,True,,,,,,0.00,no_decisions
27ebd53e3afdad974c51aed6f7ccf513,quasigroup-completion,27ebd53e3afdad974c51aed6f7ccf513-iso-ukn006.shuffled-as.sat05-3629.cnf,kissat,SAT,True,,,0,1549,,0.00,no_decisions
f98872116237d4b25a73bb2c4c64e331,quasigroup-completion,f98872116237d4b25a73bb2c4c64e331-QG-gensys-brn008.sat05-2685.reshuffled-07.cnf,minisat,UNSAT,True,1467,7309,3997830,74956696,18.7493,24.7824,ok
f98872116237d4b25a73bb2c4c64e331,quasigroup-completion,f98872116237d4b25a73bb2c4c64e331-QG-gensys-brn008.sat05-2685.reshuffled-07.cnf,cadical,UNSAT,True,,,370849,7647953,20.6228,3.23,ok
f98872116237d4b25a73bb2c4c64e331,quasigroup-completion,f98872116237d4b25a73bb2c4c64e331-QG-gensys-brn008.sat05-2685.reshuffled-07.cnf,kissat,UNSAT,True,,,488277,8153914,16.6994,3.00,ok
779d4b59a9aab723af1db5b72e58ac7d,quasigroup-completion,779d4b59a9aab723af1db5b72e58ac7d-gensys-icl001.shuffled-as.sat05-2695.cnf,minisat,UNSAT,True,1587,7777,3396468,58414851,17.1987,19.8516,ok
779d4b59a9aab723af1db5b72e58ac7d,quasigroup-completion,779d4b59a9aab723af1db5b72e58ac7d-gensys-icl001.shuffled-as.sat05-2695.cnf,cadical,UNSAT,True,,,382263,7118879,18.6230,3.29,ok
779d4b59a9aab723af1db5b72e58ac7d,quasigroup-completion,779d4b59a9aab723af1db5b72e58ac7d-gensys-icl001.shuffled-as.sat05-2695.cnf,kissat,UNSAT,True,,,492018,8465529,17.2057,3.19,ok
5d1c99873e9630383ab85019beecfe89,quasigroup-completion,5d1c99873e9630383ab85019beecfe89-gensys-brn002.shuffled-as.sat05-3935.cnf,minisat,SAT,True,2401,15709,65547,751524,11.4654,0.163408,ok
5d1c99873e9630383ab85019beecfe89,quasigroup-completion,5d1c99873e9630383ab85019beecfe89-gensys-brn002.shuffled-as.sat05-3935.cnf,cadical,SAT,True,,,92468,1281898,13.8632,0.34,ok
5d1c99873e9630383ab85019beecfe89,quasigroup-completion,5d1c99873e9630383ab85019beecfe89-gensys-brn002.shuffled-as.sat05-3935.cnf,kissat,SAT,True,,,200143,2403656,12.0097,0.52,ok
71dbf7ab78ef93c3d491c67752f03fd1,miter,71dbf7ab78ef93c3d491c67752f03fd1-hwmcc10-timeframe-expansion-k45-nusmvguidancep9-tseitin.cnf,minisat,UNSAT,True,64138,181071,93176,4961946,53.2535,0.521764,ok
71dbf7ab78ef93c3d491c67752f03fd1,miter,71dbf7ab78ef93c3d491c67752f03fd1-hwmcc10-timeframe-expansion-k45-nusmvguidancep9-tseitin.cnf,cadical,UNSAT,True,,,503630,8742190,17.3584,1.57,ok
71dbf7ab78ef93c3d491c67752f03fd1,miter,71dbf7ab78ef93c3d491c67752f03fd1-hwmcc10-timeframe-expansion-k45-nusmvguidancep9-tseitin.cnf,kissat,UNSAT,True,,,183086,36401012,198.8192,1.91,ok
8647c26ddc3d8d67dd6691583b83f310,miter,8647c26ddc3d8d67dd6691583b83f310-LS6_diag.cnf.gz.CP3-cnfmiter.cnf,minisat,UNSAT,True,3008,11794,428767,872436,2.0348,0.124239,ok
8647c26ddc3d8d67dd6691583b83f310,miter,8647c26ddc3d8d67dd6691583b83f310-LS6_diag.cnf.gz.CP3-cnfmiter.cnf,cadical,UNSAT,True,,,2071,19317,9.3274,0.03,ok
8647c26ddc3d8d67dd6691583b83f310,miter,8647c26ddc3d8d67dd6691583b83f310-LS6_diag.cnf.gz.CP3-cnfmiter.cnf,kissat,UNSAT,True,,,0,18463,,0.02,no_decisions
4b831ae59da3bc1b197c8dc9c69af18c,miter,4b831ae59da3bc1b197c8dc9c69af18c-goldb-heqc-rotmul.cnf,minisat,UNSAT,True,5980,35169,686303,31596631,46.0389,2.73618,ok
4b831ae59da3bc1b197c8dc9c69af18c,miter,4b831ae59da3bc1b197c8dc9c69af18c-goldb-heqc-rotmul.cnf,cadical,UNSAT,True,,,343737,14249913,41.4559,1.78,ok
4b831ae59da3bc1b197c8dc9c69af18c,miter,4b831ae59da3bc1b197c8dc9c69af18c-goldb-heqc-rotmul.cnf,kissat,UNSAT,True,,,399199,14793813,37.0587,1.30,ok
7310f9bbd57a85c7e808d237c8ac6d52,miter,7310f9bbd57a85c7e808d237c8ac6d52-shuffling-2-s1705735321-of-bench-sat04-336.used-as.sat04-580.cnf,minisat,UNSAT,True,5980,35106,709639,32610164,45.9532,3.12266,ok
7310f9bbd57a85c7e808d237c8ac6d52,miter,7310f9bbd57a85c7e808d237c8ac6d52-shuffling-2-s1705735321-of-bench-sat04-336.used-as.sat04-580.cnf,cadical,UNSAT,True,,,408378,17052383,41.7564,2.13,ok
7310f9bbd57a85c7e808d237c8ac6d52,miter,7310f9bbd57a85c7e808d237c8ac6d52-shuffling-2-s1705735321-of-bench-sat04-336.used-as.sat04-580.cnf,kissat,UNSAT,True,,,363938,14292499,39.2718,1.29,ok
30c26154809e48143f2f4328c9736578,miter,30c26154809e48143f2f4328c9736578-rotmul.miter.shuffled-as.sat03-356.cnf,minisat,UNSAT,True,5980,35117,601762,28681745,47.6629,2.66504,ok
30c26154809e48143f2f4328c9736578,miter,30c26154809e48143f2f4328c9736578-rotmul.miter.shuffled-as.sat03-356.cnf,cadical,UNSAT,True,,,364559,15496277,42.5069,1.88,ok
30c26154809e48143f2f4328c9736578,miter,30c26154809e48143f2f4328c9736578-rotmul.miter.shuffled-as.sat03-356.cnf,kissat,UNSAT,True,,,402865,15766190,39.1352,1.49,ok
07bbbb292324c8d8baeb232e144349fa,miter,07bbbb292324c8d8baeb232e144349fa-rand_net40-60-1.shuffled.cnf,minisat,UNSAT,True,4800,14321,1558,409229,262.6630,0.042632,ok
07bbbb292324c8d8baeb232e144349fa,miter,07bbbb292324c8d8baeb232e144349fa-rand_net40-60-1.shuffled.cnf,cadical,UNSAT,True,,,,,,0.01,no_decisions
07bbbb292324c8d8baeb232e144349fa,miter,07bbbb292324c8d8baeb232e144349fa-rand_net40-60-1.shuffled.cnf,kissat,UNSAT,True,,,0,16968,,0.01,no_decisions
a0b76f95482dd0f2d575b8859c7bc549,miter,a0b76f95482dd0f2d575b8859c7bc549-hwb-n20-02-S1178225014.shuffled-as.sat03-1608.cnf,minisat,UNSAT,True,134,630,4925197,122194523,24.8101,16.3292,ok
a0b76f95482dd0f2d575b8859c7bc549,miter,a0b76f95482dd0f2d575b8859c7bc549-hwb-n20-02-S1178225014.shuffled-as.sat03-1608.cnf,cadical,UNSAT,True,,,692158,13261495,19.1596,7.44,ok
a0b76f95482dd0f2d575b8859c7bc549,miter,a0b76f95482dd0f2d575b8859c7bc549-hwb-n20-02-S1178225014.shuffled-as.sat03-1608.cnf,kissat,UNSAT,True,,,596875,12031684,20.1578,5.36,ok
c49255402c653d2c90478b4e8f88381c,miter,c49255402c653d2c90478b4e8f88381c-rand_net60-25-1.shuffled.cnf,minisat,UNSAT,True,3000,8881,24996,4476630,179.0939,0.329264,ok
c49255402c653d2c90478b4e8f88381c,miter,c49255402c653d2c90478b4e8f88381c-rand_net60-25-1.shuffled.cnf,cadical,UNSAT,True,,,,,,0.01,no_decisions
c49255402c653d2c90478b4e8f88381c,miter,c49255402c653d2c90478b4e8f88381c-rand_net60-25-1.shuffled.cnf,kissat,UNSAT,True,,,0,8492,,0.00,no_decisions
8fa68e4ae4dc0395c853cb7d4dafdb35,miter,8fa68e4ae4dc0395c853cb7d4dafdb35-hwmcc10-timeframe-expansion-k45-nusmvtcastp2-tseitin.cnf,minisat,UNSAT,True,116886,331026,11460,1792237,156.3907,0.532225,ok
8fa68e4ae4dc0395c853cb7d4dafdb35,miter,8fa68e4ae4dc0395c853cb7d4dafdb35-hwmcc10-timeframe-expansion-k45-nusmvtcastp2-tseitin.cnf,cadical,UNSAT,True,,,783212,2722464,3.4760,0.88,ok
8fa68e4ae4dc0395c853cb7d4dafdb35,miter,8fa68e4ae4dc0395c853cb7d4dafdb35-hwmcc10-timeframe-expansion-k45-nusmvtcastp2-tseitin.cnf,kissat,UNSAT,True,,,254520,32818130,128.9413,1.10,ok
5ed0bbcb957ecc8ef2a049620f91385a,miter,5ed0bbcb957ecc8ef2a049620f91385a-c3540-s.shuffled.cnf,minisat,UNSAT,True,3499,9509,99201,5994981,60.4327,0.574516,ok
5ed0bbcb957ecc8ef2a049620f91385a,miter,5ed0bbcb957ecc8ef2a049620f91385a-c3540-s.shuffled.cnf,cadical,UNSAT,True,,,,,,0.01,no_decisions
5ed0bbcb957ecc8ef2a049620f91385a,miter,5ed0bbcb957ecc8ef2a049620f91385a-c3540-s.shuffled.cnf,kissat,UNSAT,True,,,0,13242,,0.00,no_decisions
78bb5dc48b6b5cd47feb6c5eab421d9b,miter,78bb5dc48b6b5cd47feb6c5eab421d9b-hwmcc10-timeframe-expansion-k50-pdtvisns2p3-tseitin.cnf,minisat,UNSAT,True,116405,346848,202556,23454681,115.7936,1.72889,ok
78bb5dc48b6b5cd47feb6c5eab421d9b,miter,78bb5dc48b6b5cd47feb6c5eab421d9b-hwmcc10-timeframe-expansion-k50-pdtvisns2p3-tseitin.cnf,cadical,UNSAT,True,,,2176950,22094649,10.1494,3.61,ok
78bb5dc48b6b5cd47feb6c5eab421d9b,miter,78bb5dc48b6b5cd47feb6c5eab421d9b-hwmcc10-timeframe-expansion-k50-pdtvisns2p3-tseitin.cnf,kissat,UNSAT,True,,,609279,76415270,125.4192,6.12,ok
fe2c6df3250d04882d7d253f488d60b9,miter,fe2c6df3250d04882d7d253f488d60b9-c3540-s.cnf,minisat,UNSAT,True,3499,9525,64479,3686558,57.1746,0.337472,ok
fe2c6df3250d04882d7d253f488d60b9,miter,fe2c6df3250d04882d7d253f488d60b9-c3540-s.cnf,cadical,UNSAT,True,,,,,,0.00,no_decisions
fe2c6df3250d04882d7d253f488d60b9,miter,fe2c6df3250d04882d7d253f488d60b9-c3540-s.cnf,kissat,UNSAT,True,,,0,10672,,0.00,no_decisions
cd9a6767f4605213966294c59a569b52,miter,cd9a6767f4605213966294c59a569b52-ls11-normalized.cnf.gz.CP3-cnfmiter.cnf,minisat,UNSAT,True,15872,61264,30899051,124816792,4.0395,12.006,ok
cd9a6767f4605213966294c59a569b52,miter,cd9a6767f4605213966294c59a569b52-ls11-normalized.cnf.gz.CP3-cnfmiter.cnf,cadical,UNSAT,True,,,,,,0.51,no_decisions
cd9a6767f4605213966294c59a569b52,miter,cd9a6767f4605213966294c59a569b52-ls11-normalized.cnf.gz.CP3-cnfmiter.cnf,kissat,UNSAT,True,,,0,45905,,0.47,no_decisions
4afe58f1411a91caffdaf28eb24db279,miter,4afe58f1411a91caffdaf28eb24db279-g2-ak128modbtbg1asaig.cnf,minisat,SAT,True,426328,1276688,99917,16309832,163.2338,1.97886,ok
4afe58f1411a91caffdaf28eb24db279,miter,4afe58f1411a91caffdaf28eb24db279-g2-ak128modbtbg1asaig.cnf,cadical,SAT,True,,,,,,0.31,no_decisions
4afe58f1411a91caffdaf28eb24db279,miter,4afe58f1411a91caffdaf28eb24db279-g2-ak128modbtbg1asaig.cnf,kissat,SAT,True,,,0,426328,,0.23,no_decisions
5156e5983365d1c3e4c10be1ab9404e8,miter,5156e5983365d1c3e4c10be1ab9404e8-hwb-n20-01-S208144465.shuffled-as.sat03-1607.cnf,minisat,UNSAT,True,134,630,2855575,65593473,22.9703,8.81975,ok
5156e5983365d1c3e4c10be1ab9404e8,miter,5156e5983365d1c3e4c10be1ab9404e8-hwb-n20-01-S208144465.shuffled-as.sat03-1607.cnf,cadical,UNSAT,True,,,361093,6350891,17.5880,3.17,ok
5156e5983365d1c3e4c10be1ab9404e8,miter,5156e5983365d1c3e4c10be1ab9404e8-hwb-n20-01-S208144465.shuffled-as.sat03-1607.cnf,kissat,UNSAT,True,,,352926,7236754,20.5050,3.27,ok
4928fcd2037af940ef3bbeb9fad2754d,bitvector,4928fcd2037af940ef3bbeb9fad2754d-shift1add.25952.cnf,minisat,UNSAT,True,570935,1012108,55317042,213115734,3.8526,9.22414,ok
4928fcd2037af940ef3bbeb9fad2754d,bitvector,4928fcd2037af940ef3bbeb9fad2754d-shift1add.25952.cnf,cadical,rc0,False,,,,,,60.01,no_decisions
4928fcd2037af940ef3bbeb9fad2754d,bitvector,4928fcd2037af940ef3bbeb9fad2754d-shift1add.25952.cnf,kissat,UNSAT,True,,,2863230,3059621917,1068.5910,33.93,ok
49538efad8a86131663aff9cd8e6d891,bitvector,49538efad8a86131663aff9cd8e6d891-ndist.b.26487.cnf,minisat,SAT,True,344323,476751,1,9,9.0000,0.631952,ok
49538efad8a86131663aff9cd8e6d891,bitvector,49538efad8a86131663aff9cd8e6d891-ndist.b.26487.cnf,cadical,SAT,True,,,,,,0.13,no_decisions
49538efad8a86131663aff9cd8e6d891,bitvector,49538efad8a86131663aff9cd8e6d891-ndist.b.26487.cnf,kissat,SAT,True,,,0,529734,,0.12,no_decisions
975cddad1afb6694e2a4ef252b1f2109,bitvector,975cddad1afb6694e2a4ef252b1f2109-icbrt1_32.cnf,minisat,UNSAT,True,11309,33831,69091,35905364,519.6822,2.6847,ok
975cddad1afb6694e2a4ef252b1f2109,bitvector,975cddad1afb6694e2a4ef252b1f2109-icbrt1_32.cnf,cadical,UNSAT,True,,,88258,25928838,293.7846,3.39,ok
975cddad1afb6694e2a4ef252b1f2109,bitvector,975cddad1afb6694e2a4ef252b1f2109-icbrt1_32.cnf,kissat,UNSAT,True,,,112854,38776756,343.6011,3.17,ok
9608f92659d36a5bb90370662a1cb761,bitvector,9608f92659d36a5bb90370662a1cb761-lfsr_004_031_128.smt2.cnf,minisat,UNSAT,True,66262,166656,352648,25895712,73.4322,5.02338,ok
9608f92659d36a5bb90370662a1cb761,bitvector,9608f92659d36a5bb90370662a1cb761-lfsr_004_031_128.smt2.cnf,cadical,UNSAT,True,,,871144,89079155,102.2554,14.12,ok
9608f92659d36a5bb90370662a1cb761,bitvector,9608f92659d36a5bb90370662a1cb761-lfsr_004_031_128.smt2.cnf,kissat,UNSAT,True,,,510610,138663612,271.5646,14.53,ok
a0bfed3e5f7b31720029e8b42a3865ac,bitvector,a0bfed3e5f7b31720029e8b42a3865ac-smtlib-qfbv-aigs-innfeed_innfeed_vc36608-tseitin.cnf,minisat,SAT,True,103279,302919,9272,1009895,108.9188,0.250836,ok
a0bfed3e5f7b31720029e8b42a3865ac,bitvector,a0bfed3e5f7b31720029e8b42a3865ac-smtlib-qfbv-aigs-innfeed_innfeed_vc36608-tseitin.cnf,cadical,SAT,True,,,,,,0.07,no_decisions
a0bfed3e5f7b31720029e8b42a3865ac,bitvector,a0bfed3e5f7b31720029e8b42a3865ac-smtlib-qfbv-aigs-innfeed_innfeed_vc36608-tseitin.cnf,kissat,SAT,True,,,0,136382,,0.05,no_decisions
7217bd62528cf71d639224eecca2da86,bitvector,7217bd62528cf71d639224eecca2da86-icbrt2_32.cnf,minisat,UNSAT,True,11516,34452,60153,30546409,507.8119,2.34742,ok
7217bd62528cf71d639224eecca2da86,bitvector,7217bd62528cf71d639224eecca2da86-icbrt2_32.cnf,cadical,UNSAT,True,,,138067,37288961,270.0787,4.57,ok
7217bd62528cf71d639224eecca2da86,bitvector,7217bd62528cf71d639224eecca2da86-icbrt2_32.cnf,kissat,UNSAT,True,,,123211,47337749,384.2007,3.64,ok
469aff5a43a9257e35f9c6742222d75d,bitvector,469aff5a43a9257e35f9c6742222d75d-shift1add.19970.cnf,minisat,UNSAT,True,439331,778810,32469838,113820518,3.5054,6.1212,ok
469aff5a43a9257e35f9c6742222d75d,bitvector,469aff5a43a9257e35f9c6742222d75d-shift1add.19970.cnf,cadical,UNSAT,True,,,91555,1087554,11.8787,31.60,ok
469aff5a43a9257e35f9c6742222d75d,bitvector,469aff5a43a9257e35f9c6742222d75d-shift1add.19970.cnf,kissat,UNSAT,True,,,14405156,1882487370,130.6815,19.61,ok
ad202768293c1e8d4581a00d13adcd31,bitvector,ad202768293c1e8d4581a00d13adcd31-countbitswegner064.cnf,minisat,UNSAT,True,24448,73149,694559,88599881,127.5628,14.6486,ok
ad202768293c1e8d4581a00d13adcd31,bitvector,ad202768293c1e8d4581a00d13adcd31-countbitswegner064.cnf,cadical,UNSAT,True,,,1719920,214272922,124.5831,26.61,ok
ad202768293c1e8d4581a00d13adcd31,bitvector,ad202768293c1e8d4581a00d13adcd31-countbitswegner064.cnf,kissat,UNSAT,True,,,1629844,162423256,99.6557,17.68,ok
0a7f0ceb23af7028dc9a46f3da3bb027,bitvector,0a7f0ceb23af7028dc9a46f3da3bb027-maxor032.cnf,minisat,UNSAT,True,13204,39033,183097,15380731,84.0032,1.23913,ok
0a7f0ceb23af7028dc9a46f3da3bb027,bitvector,0a7f0ceb23af7028dc9a46f3da3bb027-maxor032.cnf,cadical,UNSAT,True,,,155287,7535465,48.5261,0.94,ok
0a7f0ceb23af7028dc9a46f3da3bb027,bitvector,0a7f0ceb23af7028dc9a46f3da3bb027-maxor032.cnf,kissat,UNSAT,True,,,543335,37655997,69.3053,3.38,ok
6ddb1d74448f67dbc7f9ce40023125df,bitvector,6ddb1d74448f67dbc7f9ce40023125df-smtlib-qfbv-aigs-bin_libsmbsharemodes_vc4322-tseitin.cnf,minisat,SAT,True,400093,1149789,75332,3651830,48.4765,1.36663,ok
6ddb1d74448f67dbc7f9ce40023125df,bitvector,6ddb1d74448f67dbc7f9ce40023125df-smtlib-qfbv-aigs-bin_libsmbsharemodes_vc4322-tseitin.cnf,cadical,SAT,True,,,578822,5736957,9.9114,3.85,ok
6ddb1d74448f67dbc7f9ce40023125df,bitvector,6ddb1d74448f67dbc7f9ce40023125df-smtlib-qfbv-aigs-bin_libsmbsharemodes_vc4322-tseitin.cnf,kissat,SAT,True,,,114970,20677107,179.8478,2.05,ok
11eb35e15cc12c52b20174da5b71f039,bitvector,11eb35e15cc12c52b20174da5b71f039-lfsr_008_063_112.smt2.cnf,minisat,UNSAT,True,235836,596290,1649744,74567936,45.1997,15.5124,ok
11eb35e15cc12c52b20174da5b71f039,bitvector,11eb35e15cc12c52b20174da5b71f039-lfsr_008_063_112.smt2.cnf,cadical,UNSAT,True,,,1172596,148626992,126.7504,17.73,ok
11eb35e15cc12c52b20174da5b71f039,bitvector,11eb35e15cc12c52b20174da5b71f039-lfsr_008_063_112.smt2.cnf,kissat,UNSAT,True,,,2067944,172920287,83.6194,21.52,ok
7499847c9ffc5b7f60e8ee68573ecc2d,bitvector,7499847c9ffc5b7f60e8ee68573ecc2d-maxand128.cnf,minisat,UNSAT,True,53746,158931,1656879,73400932,44.3007,16.649,ok
7499847c9ffc5b7f60e8ee68573ecc2d,bitvector,7499847c9ffc5b7f60e8ee68573ecc2d-maxand128.cnf,cadical,UNSAT,True,,,3303946,54636791,16.5368,19.63,ok
7499847c9ffc5b7f60e8ee68573ecc2d,bitvector,7499847c9ffc5b7f60e8ee68573ecc2d-maxand128.cnf,kissat,UNSAT,True,,,1665269,44454798,26.6953,4.85,ok
c2758faefec5e7abcc6c077106214581,bitvector,c2758faefec5e7abcc6c077106214581-lfsr_004_063_128.smt2.cnf,minisat,UNSAT,True,132310,332032,283907,11343912,39.9564,2.56251,ok
c2758faefec5e7abcc6c077106214581,bitvector,c2758faefec5e7abcc6c077106214581-lfsr_004_063_128.smt2.cnf,cadical,UNSAT,True,,,442394,32408739,73.2576,6.13,ok
c2758faefec5e7abcc6c077106214581,bitvector,c2758faefec5e7abcc6c077106214581-lfsr_004_063_128.smt2.cnf,kissat,UNSAT,True,,,863091,96636447,111.9655,8.32,ok
3eee3f5f89db21beef9393597fa8a107,bitvector,3eee3f5f89db21beef9393597fa8a107-lfsr_004_063_112.smt2.cnf,minisat,UNSAT,True,116022,291280,137229,5506215,40.1243,1.06698,ok
3eee3f5f89db21beef9393597fa8a107,bitvector,3eee3f5f89db21beef9393597fa8a107-lfsr_004_063_112.smt2.cnf,cadical,UNSAT,True,,,287815,7099627,24.6673,1.98,ok
3eee3f5f89db21beef9393597fa8a107,bitvector,3eee3f5f89db21beef9393597fa8a107-lfsr_004_063_112.smt2.cnf,kissat,UNSAT,True,,,273297,47636404,174.3027,6.16,ok
9f418fa793e7b1e57a6d56e5aa6d7145,bitvector,9f418fa793e7b1e57a6d56e5aa6d7145-smtlib-qfbv-aigs-lfsr_008_079_112-tseitin.cnf,minisat,UNSAT,True,448370,1130523,857749,31402927,36.6109,5.85871,ok
9f418fa793e7b1e57a6d56e5aa6d7145,bitvector,9f418fa793e7b1e57a6d56e5aa6d7145-smtlib-qfbv-aigs-lfsr_008_079_112-tseitin.cnf,cadical,UNSAT,True,,,11780858,54625227,4.6368,7.26,ok
9f418fa793e7b1e57a6d56e5aa6d7145,bitvector,9f418fa793e7b1e57a6d56e5aa6d7145-smtlib-qfbv-aigs-lfsr_008_079_112-tseitin.cnf,kissat,UNSAT,True,,,1602911,435416805,271.6413,24.58,ok
0c5263783d198a377e8f8c0146737c52,design-debugging,0c5263783d198a377e8f8c0146737c52-dividers1.dimacs.filtered.cnf,minisat,UNSAT,True,45552,106216,0,24077,,0.027744,no_decisions
0c5263783d198a377e8f8c0146737c52,design-debugging,0c5263783d198a377e8f8c0146737c52-dividers1.dimacs.filtered.cnf,cadical,UNSAT,True,,,,,,0.03,no_decisions
0c5263783d198a377e8f8c0146737c52,design-debugging,0c5263783d198a377e8f8c0146737c52-dividers1.dimacs.filtered.cnf,kissat,UNSAT,True,,,0,24077,,0.02,no_decisions
033bdaf71d51a1645014a54ea614312f,design-debugging,033bdaf71d51a1645014a54ea614312f-s15850-bug-fourvec-gate-0.dimacs.seq.filtered.cnf,minisat,UNSAT,True,88536,198280,0,14147,,0.037439,no_decisions
033bdaf71d51a1645014a54ea614312f,design-debugging,033bdaf71d51a1645014a54ea614312f-s15850-bug-fourvec-gate-0.dimacs.seq.filtered.cnf,cadical,UNSAT,True,,,,,,0.04,no_decisions
033bdaf71d51a1645014a54ea614312f,design-debugging,033bdaf71d51a1645014a54ea614312f-s15850-bug-fourvec-gate-0.dimacs.seq.filtered.cnf,kissat,UNSAT,True,,,0,14147,,0.02,no_decisions
37450147d1a972829b0e6b3cf9d6ccaa,design-debugging,37450147d1a972829b0e6b3cf9d6ccaa-rsdecoder_fsm1.dimacs.filtered.cnf,minisat,UNSAT,True,238290,836085,42,165654,3944.1429,0.497018,ok
37450147d1a972829b0e6b3cf9d6ccaa,design-debugging,37450147d1a972829b0e6b3cf9d6ccaa-rsdecoder_fsm1.dimacs.filtered.cnf,cadical,UNSAT,True,,,,,,0.22,no_decisions
37450147d1a972829b0e6b3cf9d6ccaa,design-debugging,37450147d1a972829b0e6b3cf9d6ccaa-rsdecoder_fsm1.dimacs.filtered.cnf,kissat,UNSAT,True,,,0,549881,,0.13,no_decisions
5f8d22684f7e5b98493ee9daa609b47f,design-debugging,5f8d22684f7e5b98493ee9daa609b47f-c6_DD_s3_f1_e1_v1-bug-onevec-gate-0.dimacs.seq.filtered.cnf,minisat,UNSAT,True,44058,112434,0,42637,,0.027915,no_decisions
5f8d22684f7e5b98493ee9daa609b47f,design-debugging,5f8d22684f7e5b98493ee9daa609b47f-c6_DD_s3_f1_e1_v1-bug-onevec-gate-0.dimacs.seq.filtered.cnf,cadical,UNSAT,True,,,,,,0.02,no_decisions
5f8d22684f7e5b98493ee9daa609b47f,design-debugging,5f8d22684f7e5b98493ee9daa609b47f-c6_DD_s3_f1_e1_v1-bug-onevec-gate-0.dimacs.seq.filtered.cnf,kissat,UNSAT,True,,,0,42637,,0.01,no_decisions
a23f3b202a742f5b799e7d26eced13e2,design-debugging,a23f3b202a742f5b799e7d26eced13e2-dividers8.dimacs.filtered.cnf,minisat,UNSAT,True,45552,105089,0,24317,,0.024447,no_decisions
a23f3b202a742f5b799e7d26eced13e2,design-debugging,a23f3b202a742f5b799e7d26eced13e2-dividers8.dimacs.filtered.cnf,cadical,UNSAT,True,,,,,,0.03,no_decisions
a23f3b202a742f5b799e7d26eced13e2,design-debugging,a23f3b202a742f5b799e7d26eced13e2-dividers8.dimacs.filtered.cnf,kissat,UNSAT,True,,,0,24317,,0.02,no_decisions
fc01f674fda3a5cb65a83bc2fd29cb8b,design-debugging,fc01f674fda3a5cb65a83bc2fd29cb8b-fpu6-problem.dimacs_21.filtered.cnf,minisat,SAT,True,160120,350096,7147,267069,37.3680,0.244384,ok
fc01f674fda3a5cb65a83bc2fd29cb8b,design-debugging,fc01f674fda3a5cb65a83bc2fd29cb8b-fpu6-problem.dimacs_21.filtered.cnf,cadical,SAT,True,,,,,,0.63,no_decisions
fc01f674fda3a5cb65a83bc2fd29cb8b,design-debugging,fc01f674fda3a5cb65a83bc2fd29cb8b-fpu6-problem.dimacs_21.filtered.cnf,kissat,SAT,True,,,29614,1578653,53.3077,0.28,ok
b70f5a669ffaca43c1355d8855557f45,design-debugging,b70f5a669ffaca43c1355d8855557f45-fpu3_hack-problem.dimacs_17.filtered.cnf,minisat,UNSAT,True,96270,138961,0,28641,,0.038864,no_decisions
b70f5a669ffaca43c1355d8855557f45,design-debugging,b70f5a669ffaca43c1355d8855557f45-fpu3_hack-problem.dimacs_17.filtered.cnf,cadical,UNSAT,True,,,,,,0.05,no_decisions
b70f5a669ffaca43c1355d8855557f45,design-debugging,b70f5a669ffaca43c1355d8855557f45-fpu3_hack-problem.dimacs_17.filtered.cnf,kissat,UNSAT,True,,,0,28641,,0.03,no_decisions
d54b51193153ac84867b960b360c22e0,design-debugging,d54b51193153ac84867b960b360c22e0-SM_AS_TOP_buggy1.dimacs.filtered.cnf,minisat,UNSAT,True,145899,28137,0,7649,,0.046727,no_decisions
d54b51193153ac84867b960b360c22e0,design-debugging,d54b51193153ac84867b960b360c22e0-SM_AS_TOP_buggy1.dimacs.filtered.cnf,cadical,UNSAT,True,,,,,,0.08,no_decisions
d54b51193153ac84867b960b360c22e0,design-debugging,d54b51193153ac84867b960b360c22e0-SM_AS_TOP_buggy1.dimacs.filtered.cnf,kissat,UNSAT,True,,,0,7649,,0.05,no_decisions
20d3259fc425105fcf74375f6f421f0f,design-debugging,20d3259fc425105fcf74375f6f421f0f-c4_DD_s3_f1_e1_v1-bug-gate-0.dimacs.seq.filtered.cnf,minisat,UNSAT,True,794624,1710304,0,133664,,0.423912,no_decisions
20d3259fc425105fcf74375f6f421f0f,design-debugging,20d3259fc425105fcf74375f6f421f0f-c4_DD_s3_f1_e1_v1-bug-gate-0.dimacs.seq.filtered.cnf,cadical,UNSAT,True,,,,,,0.43,no_decisions
20d3259fc425105fcf74375f6f421f0f,design-debugging,20d3259fc425105fcf74375f6f421f0f-c4_DD_s3_f1_e1_v1-bug-gate-0.dimacs.seq.filtered.cnf,kissat,UNSAT,True,,,0,133664,,0.18,no_decisions
2f9ce6a257b9736f3ac791e8e62f32c5,design-debugging,2f9ce6a257b9736f3ac791e8e62f32c5-rsdecoder5.dimacs.filtered.cnf,minisat,UNSAT,True,238290,836085,200,197968,989.8400,0.507379,ok
2f9ce6a257b9736f3ac791e8e62f32c5,design-debugging,2f9ce6a257b9736f3ac791e8e62f32c5-rsdecoder5.dimacs.filtered.cnf,cadical,UNSAT,True,,,,,,0.21,no_decisions
2f9ce6a257b9736f3ac791e8e62f32c5,design-debugging,2f9ce6a257b9736f3ac791e8e62f32c5-rsdecoder5.dimacs.filtered.cnf,kissat,UNSAT,True,,,0,542403,,0.13,no_decisions
1379af7e96769d1e8397bee0c59c9918,design-debugging,1379af7e96769d1e8397bee0c59c9918-dividers11.dimacs.filtered.cnf,minisat,UNSAT,True,45552,105118,0,24274,,0.02694,no_decisions
1379af7e96769d1e8397bee0c59c9918,design-debugging,1379af7e96769d1e8397bee0c59c9918-dividers11.dimacs.filtered.cnf,cadical,UNSAT,True,,,,,,0.03,no_decisions
1379af7e96769d1e8397bee0c59c9918,design-debugging,1379af7e96769d1e8397bee0c59c9918-dividers11.dimacs.filtered.cnf,kissat,UNSAT,True,,,0,24274,,0.02,no_decisions
988056a8ffbb5811046b4f7c6455057d,design-debugging,988056a8ffbb5811046b4f7c6455057d-c6_DD_s3_f1_e1_v1-bug-gate-0.dimacs.seq.filtered.cnf,minisat,UNSAT,True,297916,760268,0,75791,,0.137906,no_decisions
988056a8ffbb5811046b4f7c6455057d,design-debugging,988056a8ffbb5811046b4f7c6455057d-c6_DD_s3_f1_e1_v1-bug-gate-0.dimacs.seq.filtered.cnf,cadical,UNSAT,True,,,,,,0.15,no_decisions
988056a8ffbb5811046b4f7c6455057d,design-debugging,988056a8ffbb5811046b4f7c6455057d-c6_DD_s3_f1_e1_v1-bug-gate-0.dimacs.seq.filtered.cnf,kissat,UNSAT,True,,,0,75791,,0.07,no_decisions
391975b3e1b5afacf474ef9bd4fde049,design-debugging,391975b3e1b5afacf474ef9bd4fde049-rsdecoder_multivec1.dimacs.filtered.cnf,minisat,UNSAT,True,394446,531907,0,193673,,0.17087,no_decisions
391975b3e1b5afacf474ef9bd4fde049,design-debugging,391975b3e1b5afacf474ef9bd4fde049-rsdecoder_multivec1.dimacs.filtered.cnf,cadical,UNSAT,True,,,,,,0.25,no_decisions
391975b3e1b5afacf474ef9bd4fde049,design-debugging,391975b3e1b5afacf474ef9bd4fde049-rsdecoder_multivec1.dimacs.filtered.cnf,kissat,UNSAT,True,,,0,193673,,0.15,no_decisions
321c2c54364ef2c3cd15beab6de42ca8,design-debugging,321c2c54364ef2c3cd15beab6de42ca8-rsdecoder2.dimacs.filtered.cnf,minisat,UNSAT,True,415480,1520475,5,152784,30556.8000,1.05879,ok
321c2c54364ef2c3cd15beab6de42ca8,design-debugging,321c2c54364ef2c3cd15beab6de42ca8-rsdecoder2.dimacs.filtered.cnf,cadical,UNSAT,True,,,,,,0.38,no_decisions
321c2c54364ef2c3cd15beab6de42ca8,design-debugging,321c2c54364ef2c3cd15beab6de42ca8-rsdecoder2.dimacs.filtered.cnf,kissat,UNSAT,True,,,0,731121,,0.23,no_decisions
a9bd9256044850b3c406250bcb8760f0,design-debugging,a9bd9256044850b3c406250bcb8760f0-rsdecoder-problem.dimacs_36.filtered.cnf,minisat,UNSAT,True,1220611,1923841,0,1188096,,0.499952,no_decisions
a9bd9256044850b3c406250bcb8760f0,design-debugging,a9bd9256044850b3c406250bcb8760f0-rsdecoder-problem.dimacs_36.filtered.cnf,cadical,UNSAT,True,,,,,,0.68,no_decisions
a9bd9256044850b3c406250bcb8760f0,design-debugging,a9bd9256044850b3c406250bcb8760f0-rsdecoder-problem.dimacs_36.filtered.cnf,kissat,UNSAT,True,,,0,1188096,,0.39,no_decisions
43e492bccfd57029b758897b17d7f04f,scheduling,43e492bccfd57029b758897b17d7f04f-pb_300_09_lb_07.cnf,minisat,SAT,True,145943,625454,698234,304840553,436.5880,15.8072,ok
43e492bccfd57029b758897b17d7f04f,scheduling,43e492bccfd57029b758897b17d7f04f-pb_300_09_lb_07.cnf,cadical,SAT,True,,,426368,178252842,418.0727,15.55,ok
43e492bccfd57029b758897b17d7f04f,scheduling,43e492bccfd57029b758897b17d7f04f-pb_300_09_lb_07.cnf,kissat,SAT,True,,,559709,234938865,419.7518,7.85,ok
3988a60c6e93167763c6fd2a347d5859,scheduling,3988a60c6e93167763c6fd2a347d5859-Break_08_24.xml.cnf,minisat,SAT,True,3890,14187,8178,665025,81.3188,0.051917,ok
3988a60c6e93167763c6fd2a347d5859,scheduling,3988a60c6e93167763c6fd2a347d5859-Break_08_24.xml.cnf,cadical,SAT,True,,,32515,1807243,55.5818,0.17,ok
3988a60c6e93167763c6fd2a347d5859,scheduling,3988a60c6e93167763c6fd2a347d5859-Break_08_24.xml.cnf,kissat,SAT,True,,,30455,977400,32.0933,0.05,ok
13cff41e276654c44b1a23d118bd698e,scheduling,13cff41e276654c44b1a23d118bd698e-ITC2021_Early_8.xml.cnf,minisat,SAT,True,23487,113870,5682,139893,24.6204,0.049052,ok
13cff41e276654c44b1a23d118bd698e,scheduling,13cff41e276654c44b1a23d118bd698e-ITC2021_Early_8.xml.cnf,cadical,SAT,True,,,168413,5637138,33.4721,0.37,ok
13cff41e276654c44b1a23d118bd698e,scheduling,13cff41e276654c44b1a23d118bd698e-ITC2021_Early_8.xml.cnf,kissat,SAT,True,,,318039,12445030,39.1305,0.34,ok
64ac2fa4336178304e4a1d45f3893f4c,scheduling,64ac2fa4336178304e4a1d45f3893f4c-ITC2021_Late_9.xml.cnf,minisat,SAT,True,138297,414006,2036816,218376266,107.2145,12.2691,ok
64ac2fa4336178304e4a1d45f3893f4c,scheduling,64ac2fa4336178304e4a1d45f3893f4c-ITC2021_Late_9.xml.cnf,cadical,SAT,True,,,1932591,165327641,85.5471,17.35,ok
64ac2fa4336178304e4a1d45f3893f4c,scheduling,64ac2fa4336178304e4a1d45f3893f4c-ITC2021_Late_9.xml.cnf,kissat,SAT,True,,,762102,111833542,146.7435,3.98,ok
c589cd14f61278a0c0e507dde649704f,scheduling,c589cd14f61278a0c0e507dde649704f-Break_04_08.xml.cnf,minisat,SAT,True,256,1156,41,730,17.8049,0.004039,ok
c589cd14f61278a0c0e507dde649704f,scheduling,c589cd14f61278a0c0e507dde649704f-Break_04_08.xml.cnf,cadical,SAT,True,,,130,302,2.3231,0.01,ok
c589cd14f61278a0c0e507dde649704f,scheduling,c589cd14f61278a0c0e507dde649704f-Break_04_08.xml.cnf,kissat,SAT,True,,,78,3216,41.2308,0.01,ok
69f6dd335626a9b71bfc6f2332f52b9d,scheduling,69f6dd335626a9b71bfc6f2332f52b9d-Break_04_04.xml.cnf,minisat,SAT,True,227,1105,98,4498,45.8980,0.004282,ok
69f6dd335626a9b71bfc6f2332f52b9d,scheduling,69f6dd335626a9b71bfc6f2332f52b9d-Break_04_04.xml.cnf,cadical,SAT,True,,,170,1138,6.6941,0.01,ok
69f6dd335626a9b71bfc6f2332f52b9d,scheduling,69f6dd335626a9b71bfc6f2332f52b9d-Break_04_04.xml.cnf,kissat,SAT,True,,,82,4560,55.6098,0.01,ok
a8674bfdde8aa2a0468521abffabd6b7,scheduling,a8674bfdde8aa2a0468521abffabd6b7-CarSequencing-90-02_c18.cnf,minisat,SAT,True,48941,552747,6146368,259074488,42.1508,20.093,ok
a8674bfdde8aa2a0468521abffabd6b7,scheduling,a8674bfdde8aa2a0468521abffabd6b7-CarSequencing-90-02_c18.cnf,cadical,SAT,True,,,1221795,44378143,36.3221,10.71,ok
a8674bfdde8aa2a0468521abffabd6b7,scheduling,a8674bfdde8aa2a0468521abffabd6b7-CarSequencing-90-02_c18.cnf,kissat,SAT,True,,,2006385,80290087,40.0173,7.41,ok
547ee6e6f03bfe77e39987b8c6936519,scheduling,547ee6e6f03bfe77e39987b8c6936519-Break_08_12.xml.cnf,minisat,SAT,True,3588,13615,21751,1711929,78.7058,0.128015,ok
547ee6e6f03bfe77e39987b8c6936519,scheduling,547ee6e6f03bfe77e39987b8c6936519-Break_08_12.xml.cnf,cadical,SAT,True,,,61376,3869047,63.0384,0.38,ok
547ee6e6f03bfe77e39987b8c6936519,scheduling,547ee6e6f03bfe77e39987b8c6936519-Break_08_12.xml.cnf,kissat,SAT,True,,,34489,2833922,82.1689,0.15,ok
b40a1e31a6232b5e30534cb5208f0b71,scheduling,b40a1e31a6232b5e30534cb5208f0b71-SC21_Timetable_C_151_E_66_Cl_10_S_15.cnf,minisat,SAT,True,105442,485748,830827,2415825,2.9077,0.3638,ok
b40a1e31a6232b5e30534cb5208f0b71,scheduling,b40a1e31a6232b5e30534cb5208f0b71-SC21_Timetable_C_151_E_66_Cl_10_S_15.cnf,cadical,SAT,True,,,489695,1381646,2.8214,0.52,ok
b40a1e31a6232b5e30534cb5208f0b71,scheduling,b40a1e31a6232b5e30534cb5208f0b71-SC21_Timetable_C_151_E_66_Cl_10_S_15.cnf,kissat,SAT,True,,,1526762,17359336,11.3700,0.70,ok
95ee4af256f84b50aae14f8f620850a5,scheduling,95ee4af256f84b50aae14f8f620850a5-Break_triple_08_30.xml.cnf,minisat,SAT,True,4057,14499,1317,75494,57.3227,0.019003,ok
95ee4af256f84b50aae14f8f620850a5,scheduling,95ee4af256f84b50aae14f8f620850a5-Break_triple_08_30.xml.cnf,cadical,SAT,True,,,3901,52350,13.4196,0.03,ok
95ee4af256f84b50aae14f8f620850a5,scheduling,95ee4af256f84b50aae14f8f620850a5-Break_triple_08_30.xml.cnf,kissat,SAT,True,,,8309,278127,33.4730,0.03,ok
081f111af59344b61346367a930e24f6,scheduling,081f111af59344b61346367a930e24f6-Break_triple_04_06.xml.cnf,minisat,SAT,True,252,1162,39,733,18.7949,0.004055,ok
081f111af59344b61346367a930e24f6,scheduling,081f111af59344b61346367a930e24f6-Break_triple_04_06.xml.cnf,cadical,SAT,True,,,258,3754,14.5504,0.01,ok
081f111af59344b61346367a930e24f6,scheduling,081f111af59344b61346367a930e24f6-Break_triple_04_06.xml.cnf,kissat,SAT,True,,,110,4642,42.2000,0.01,ok
daf59d675b57107ac1179bd2769c4d89,scheduling,daf59d675b57107ac1179bd2769c4d89-SC21_Timetable_C_301_E_45_Cl_20_S_26.cnf,minisat,SAT,True,222406,1275704,2223716,11873805,5.3396,1.14949,ok
daf59d675b57107ac1179bd2769c4d89,scheduling,daf59d675b57107ac1179bd2769c4d89-SC21_Timetable_C_301_E_45_Cl_20_S_26.cnf,cadical,SAT,True,,,3546270,18813608,5.3052,7.66,ok
daf59d675b57107ac1179bd2769c4d89,scheduling,daf59d675b57107ac1179bd2769c4d89-SC21_Timetable_C_301_E_45_Cl_20_S_26.cnf,kissat,SAT,True,,,2869744,54285390,18.9165,6.53,ok
487c01b15c84c08657895a10cbe565de,scheduling,487c01b15c84c08657895a10cbe565de-Break_06_08.xml.cnf,minisat,SAT,True,1109,5051,4112,330456,80.3638,0.039073,ok
487c01b15c84c08657895a10cbe565de,scheduling,487c01b15c84c08657895a10cbe565de-Break_06_08.xml.cnf,cadical,SAT,True,,,8801,445422,50.6104,0.05,ok
487c01b15c84c08657895a10cbe565de,scheduling,487c01b15c84c08657895a10cbe565de-Break_06_08.xml.cnf,kissat,SAT,True,,,7363,254654,34.5856,0.03,ok
07e6413459f92b613498a719125b6239,scheduling,07e6413459f92b613498a719125b6239-j3037_10_mdd_bm1.cnf,minisat,UNSAT,True,14400,63874,324243,271243033,836.5424,14.3041,ok
07e6413459f92b613498a719125b6239,scheduling,07e6413459f92b613498a719125b6239-j3037_10_mdd_bm1.cnf,cadical,UNSAT,True,,,669187,224403822,335.3380,20.09,ok
07e6413459f92b613498a719125b6239,scheduling,07e6413459f92b613498a719125b6239-j3037_10_mdd_bm1.cnf,kissat,UNSAT,True,,,651865,235085089,360.6346,14.99,ok
97f0882d3c8f1d17c100c1b3214c00e7,scheduling,97f0882d3c8f1d17c100c1b3214c00e7-Break_triple_04_04.xml.cnf,minisat,SAT,True,232,1133,158,6959,44.0443,0.005496,ok
97f0882d3c8f1d17c100c1b3214c00e7,scheduling,97f0882d3c8f1d17c100c1b3214c00e7-Break_triple_04_04.xml.cnf,cadical,SAT,True,,,171,1145,6.6959,0.01,ok
97f0882d3c8f1d17c100c1b3214c00e7,scheduling,97f0882d3c8f1d17c100c1b3214c00e7-Break_triple_04_04.xml.cnf,kissat,SAT,True,,,71,4362,61.4366,0.01,ok
8a25c090c30d0b5416658fd8a756080e,software-verification,8a25c090c30d0b5416658fd8a756080e-itox_vc1216.cnf,minisat,UNSAT,True,151791,428110,0,20731,,0.111375,no_decisions
8a25c090c30d0b5416658fd8a756080e,software-verification,8a25c090c30d0b5416658fd8a756080e-itox_vc1216.cnf,cadical,UNSAT,True,,,,,,0.10,no_decisions
8a25c090c30d0b5416658fd8a756080e,software-verification,8a25c090c30d0b5416658fd8a756080e-itox_vc1216.cnf,kissat,UNSAT,True,,,0,217453,,0.06,no_decisions
4076b976f0337108afb6fcafe2548294,software-verification,4076b976f0337108afb6fcafe2548294-hard-12-U-7061.cnf,minisat,UNSAT,True,426005,1220511,8533,9806111,1149.1985,2.45403,ok
4076b976f0337108afb6fcafe2548294,software-verification,4076b976f0337108afb6fcafe2548294-hard-12-U-7061.cnf,cadical,UNSAT,True,,,149401,27648701,185.0637,6.22,ok
4076b976f0337108afb6fcafe2548294,software-verification,4076b976f0337108afb6fcafe2548294-hard-12-U-7061.cnf,kissat,UNSAT,True,,,25683,140623297,5475.3454,4.80,ok
7e4acbc746fb7cf8e5ee1b47d45e3ce8,software-verification,7e4acbc746fb7cf8e5ee1b47d45e3ce8-dspam_dump_vc1081.cnf,minisat,UNSAT,True,118426,372337,0,8584,,0.160966,no_decisions
7e4acbc746fb7cf8e5ee1b47d45e3ce8,software-verification,7e4acbc746fb7cf8e5ee1b47d45e3ce8-dspam_dump_vc1081.cnf,cadical,UNSAT,True,,,35884,181674,5.0628,0.77,ok
7e4acbc746fb7cf8e5ee1b47d45e3ce8,software-verification,7e4acbc746fb7cf8e5ee1b47d45e3ce8-dspam_dump_vc1081.cnf,kissat,UNSAT,True,,,11064,2314405,209.1834,0.31,ok
8eb1b095914e4a6dc7400abcdca66762,software-verification,8eb1b095914e4a6dc7400abcdca66762-aws-encryption-sdk-c:aws_cryptosdk_enc_ctx_serialize.dimacs.cnf,minisat,UNSAT,True,958059,4158237,926119,83855126,90.5447,7.92135,ok
8eb1b095914e4a6dc7400abcdca66762,software-verification,8eb1b095914e4a6dc7400abcdca66762-aws-encryption-sdk-c:aws_cryptosdk_enc_ctx_serialize.dimacs.cnf,cadical,UNSAT,True,,,1090104,27928638,25.6202,15.46,ok
8eb1b095914e4a6dc7400abcdca66762,software-verification,8eb1b095914e4a6dc7400abcdca66762-aws-encryption-sdk-c:aws_cryptosdk_enc_ctx_serialize.dimacs.cnf,kissat,UNSAT,True,,,429893,51495751,119.7874,9.36,ok
18e86b73af9b6adadc355a281387348b,software-verification,18e86b73af9b6adadc355a281387348b-zfcp.cnf,minisat,UNSAT,True,9685433,541439,0,51052,,1.44037,no_decisions
18e86b73af9b6adadc355a281387348b,software-verification,18e86b73af9b6adadc355a281387348b-zfcp.cnf,cadical,UNSAT,True,,,,,,2.15,no_decisions
18e86b73af9b6adadc355a281387348b,software-verification,18e86b73af9b6adadc355a281387348b-zfcp.cnf,kissat,UNSAT,True,,,0,51052,,1.04,no_decisions
cd711ea43647d0b4b4ee57e78a8b7a1c,software-verification,cd711ea43647d0b4b4ee57e78a8b7a1c-aws-encryption-sdk-c:aws_cryptosdk_enc_materials_destroy.dimacs.cnf,minisat,UNSAT,True,1693835,8815659,315531,52837599,167.4561,15.1764,ok
cd711ea43647d0b4b4ee57e78a8b7a1c,software-verification,cd711ea43647d0b4b4ee57e78a8b7a1c-aws-encryption-sdk-c:aws_cryptosdk_enc_materials_destroy.dimacs.cnf,cadical,UNSAT,True,,,5238231,55113644,10.5214,20.74,ok
cd711ea43647d0b4b4ee57e78a8b7a1c,software-verification,cd711ea43647d0b4b4ee57e78a8b7a1c-aws-encryption-sdk-c:aws_cryptosdk_enc_materials_destroy.dimacs.cnf,kissat,UNSAT,True,,,307146,84385388,274.7403,17.69,ok
44bba88af37cce7712701583b09c3033,software-verification,44bba88af37cce7712701583b09c3033-hsat_vc11935.cnf,minisat,UNSAT,True,179140,487023,0,24042,,0.153753,no_decisions
44bba88af37cce7712701583b09c3033,software-verification,44bba88af37cce7712701583b09c3033-hsat_vc11935.cnf,cadical,UNSAT,True,,,,,,0.28,no_decisions
44bba88af37cce7712701583b09c3033,software-verification,44bba88af37cce7712701583b09c3033-hsat_vc11935.cnf,kissat,UNSAT,True,,,0,135241,,0.17,no_decisions
b418ff1175e0b727ac09053fdec0f7a2,software-verification,b418ff1175e0b727ac09053fdec0f7a2-hsat_vc11935.cnf,minisat,UNSAT,True,179181,487023,0,24039,,0.175312,no_decisions
b418ff1175e0b727ac09053fdec0f7a2,software-verification,b418ff1175e0b727ac09053fdec0f7a2-hsat_vc11935.cnf,cadical,UNSAT,True,,,,,,0.28,no_decisions
b418ff1175e0b727ac09053fdec0f7a2,software-verification,b418ff1175e0b727ac09053fdec0f7a2-hsat_vc11935.cnf,kissat,UNSAT,True,,,0,135241,,0.17,no_decisions
c597584300c33b1ee175909f92d9a693,software-verification,c597584300c33b1ee175909f92d9a693-hsat_vc11817.cnf,minisat,UNSAT,True,240300,662515,0,31084,,0.231297,no_decisions
c597584300c33b1ee175909f92d9a693,software-verification,c597584300c33b1ee175909f92d9a693-hsat_vc11817.cnf,cadical,UNSAT,True,,,,,,0.41,no_decisions
c597584300c33b1ee175909f92d9a693,software-verification,c597584300c33b1ee175909f92d9a693-hsat_vc11817.cnf,kissat,UNSAT,True,,,0,364167,,0.25,no_decisions
4d0ee8ce77532b0fa5b023475f6de32b,software-verification,4d0ee8ce77532b0fa5b023475f6de32b-aws-encryption-sdk-c:list_copy_all.dimacs.cnf,minisat,UNSAT,True,780000,3863615,965412,362968732,375.9729,16.72,ok
4d0ee8ce77532b0fa5b023475f6de32b,software-verification,4d0ee8ce77532b0fa5b023475f6de32b-aws-encryption-sdk-c:list_copy_all.dimacs.cnf,cadical,UNSAT,True,,,428041,50518019,118.0214,9.95,ok
4d0ee8ce77532b0fa5b023475f6de32b,software-verification,4d0ee8ce77532b0fa5b023475f6de32b-aws-encryption-sdk-c:list_copy_all.dimacs.cnf,kissat,UNSAT,True,,,861619,92878794,107.7957,5.15,ok
bb7aed760137c3250190ef9053dc0bef,software-verification,bb7aed760137c3250190ef9053dc0bef-smt-modmul8.cnf,minisat,UNSAT,True,624,2725,65634,6775970,103.2387,0.640318,ok
bb7aed760137c3250190ef9053dc0bef,software-verification,bb7aed760137c3250190ef9053dc0bef-smt-modmul8.cnf,cadical,UNSAT,True,,,37923,3587937,94.6111,0.55,ok
bb7aed760137c3250190ef9053dc0bef,software-verification,bb7aed760137c3250190ef9053dc0bef-smt-modmul8.cnf,kissat,UNSAT,True,,,54859,5176219,94.3550,0.72,ok
3a1aeb4f09c3e2c147b5abb785019137,software-verification,3a1aeb4f09c3e2c147b5abb785019137-hsat_vc11773.cnf,minisat,UNSAT,True,238348,657786,0,30936,,0.248361,no_decisions
3a1aeb4f09c3e2c147b5abb785019137,software-verification,3a1aeb4f09c3e2c147b5abb785019137-hsat_vc11773.cnf,cadical,UNSAT,True,,,,,,0.41,no_decisions
3a1aeb4f09c3e2c147b5abb785019137,software-verification,3a1aeb4f09c3e2c147b5abb785019137-hsat_vc11773.cnf,kissat,UNSAT,True,,,0,362111,,0.25,no_decisions
87894ba21ccd7c8d45a2c55d04bf6f3e,software-verification,87894ba21ccd7c8d45a2c55d04bf6f3e-hsat_vc12072.cnf,minisat,UNSAT,True,236535,644937,0,31498,,0.250725,no_decisions
87894ba21ccd7c8d45a2c55d04bf6f3e,software-verification,87894ba21ccd7c8d45a2c55d04bf6f3e-hsat_vc12072.cnf,cadical,UNSAT,True,,,,,,0.39,no_decisions
87894ba21ccd7c8d45a2c55d04bf6f3e,software-verification,87894ba21ccd7c8d45a2c55d04bf6f3e-hsat_vc12072.cnf,kissat,UNSAT,True,,,0,292358,,0.24,no_decisions
71e9e9a680d64a1e5e4753e9efdefe84,software-verification,71e9e9a680d64a1e5e4753e9efdefe84-hsat_vc11944.cnf,minisat,UNSAT,True,178730,486291,0,23756,,0.152794,no_decisions
71e9e9a680d64a1e5e4753e9efdefe84,software-verification,71e9e9a680d64a1e5e4753e9efdefe84-hsat_vc11944.cnf,cadical,UNSAT,True,,,,,,0.28,no_decisions
71e9e9a680d64a1e5e4753e9efdefe84,software-verification,71e9e9a680d64a1e5e4753e9efdefe84-hsat_vc11944.cnf,kissat,UNSAT,True,,,0,134736,,0.17,no_decisions
78046f4c3951b8e93ddce25b6cacad70,software-verification,78046f4c3951b8e93ddce25b6cacad70-dspam_dump_vc1104.cnf,minisat,UNSAT,True,280900,921147,0,11142,,0.374303,no_decisions
78046f4c3951b8e93ddce25b6cacad70,software-verification,78046f4c3951b8e93ddce25b6cacad70-dspam_dump_vc1104.cnf,cadical,UNSAT,True,,,7145,440403,61.6379,1.57,ok
78046f4c3951b8e93ddce25b6cacad70,software-verification,78046f4c3951b8e93ddce25b6cacad70-dspam_dump_vc1104.cnf,kissat,UNSAT,True,,,229779,41566662,180.8984,2.87,ok
fee6dec07fe03d963b125435c215664d,prime-factoring,fee6dec07fe03d963b125435c215664d-ezfact16_2.shuffled.cnf,minisat,UNSAT,True,193,1070,0,89,,0.004808,no_decisions
fee6dec07fe03d963b125435c215664d,prime-factoring,fee6dec07fe03d963b125435c215664d-ezfact16_2.shuffled.cnf,cadical,UNSAT,True,,,,,,0.00,no_decisions
fee6dec07fe03d963b125435c215664d,prime-factoring,fee6dec07fe03d963b125435c215664d-ezfact16_2.shuffled.cnf,kissat,UNSAT,True,,,0,497,,0.00,no_decisions
abbace7dc70bf8938153528c11a800d1,prime-factoring,abbace7dc70bf8938153528c11a800d1-pyhala-braun-sat-30-4-02.shuffled.cnf,minisat,SAT,True,5428,17551,62287,19820406,318.2110,1.58461,ok
abbace7dc70bf8938153528c11a800d1,prime-factoring,abbace7dc70bf8938153528c11a800d1-pyhala-braun-sat-30-4-02.shuffled.cnf,cadical,SAT,True,,,100759,25124722,249.3546,2.65,ok
abbace7dc70bf8938153528c11a800d1,prime-factoring,abbace7dc70bf8938153528c11a800d1-pyhala-braun-sat-30-4-02.shuffled.cnf,kissat,SAT,True,,,19499,6577228,337.3110,0.45,ok
f250d74d1ad5d38873204be3ae122766,prime-factoring,f250d74d1ad5d38873204be3ae122766-46bits_12.dimacs.cnf,minisat,SAT,True,697,17080,1284637,98792551,76.9031,34.3414,ok
f250d74d1ad5d38873204be3ae122766,prime-factoring,f250d74d1ad5d38873204be3ae122766-46bits_12.dimacs.cnf,cadical,SAT,True,,,1582739,87205185,55.0976,46.67,ok
f250d74d1ad5d38873204be3ae122766,prime-factoring,f250d74d1ad5d38873204be3ae122766-46bits_12.dimacs.cnf,kissat,SAT,True,,,1409749,65399835,46.3911,32.94,ok
be845340bc27390b47b52b29c31aee02,prime-factoring,be845340bc27390b47b52b29c31aee02-pyhala-braun-sat-35-4-02.shuffled.cnf,minisat,SAT,True,7383,23996,369302,177351324,480.2339,14.3819,ok
be845340bc27390b47b52b29c31aee02,prime-factoring,be845340bc27390b47b52b29c31aee02-pyhala-braun-sat-35-4-02.shuffled.cnf,cadical,SAT,True,,,198512,63749044,321.1345,6.73,ok
be845340bc27390b47b52b29c31aee02,prime-factoring,be845340bc27390b47b52b29c31aee02-pyhala-braun-sat-35-4-02.shuffled.cnf,kissat,SAT,True,,,194156,44067563,226.9699,4.50,ok
72d3e22687e7913644f17c8b59fcafb6,prime-factoring,72d3e22687e7913644f17c8b59fcafb6-ezfact48_3.shuffled.cnf,minisat,UNSAT,True,1729,10880,32869,7946268,241.7557,0.742739,ok
72d3e22687e7913644f17c8b59fcafb6,prime-factoring,72d3e22687e7913644f17c8b59fcafb6-ezfact48_3.shuffled.cnf,cadical,UNSAT,True,,,35371,11375128,321.5948,1.12,ok
72d3e22687e7913644f17c8b59fcafb6,prime-factoring,72d3e22687e7913644f17c8b59fcafb6-ezfact48_3.shuffled.cnf,kissat,UNSAT,True,,,46635,14037947,301.0174,1.27,ok
bf5dca5c953247208a8960bb9b867cb6,prime-factoring,bf5dca5c953247208a8960bb9b867cb6-ezfact48_2.shuffled.cnf,minisat,UNSAT,True,1729,10868,13979,3750063,268.2640,0.305286,ok
bf5dca5c953247208a8960bb9b867cb6,prime-factoring,bf5dca5c953247208a8960bb9b867cb6-ezfact48_2.shuffled.cnf,cadical,UNSAT,True,,,19105,6595000,345.1976,0.61,ok
bf5dca5c953247208a8960bb9b867cb6,prime-factoring,bf5dca5c953247208a8960bb9b867cb6-ezfact48_2.shuffled.cnf,kissat,UNSAT,True,,,17518,7381582,421.3713,0.58,ok
b60d07d457088e9a173837c0b8efa201,prime-factoring,b60d07d457088e9a173837c0b8efa201-lisa20_2_a.shuffled.cnf,minisat,SAT,True,1201,6315,101599,21169995,208.3681,2.12981,ok
b60d07d457088e9a173837c0b8efa201,prime-factoring,b60d07d457088e9a173837c0b8efa201-lisa20_2_a.shuffled.cnf,cadical,SAT,True,,,258363,34405454,133.1671,5.14,ok
b60d07d457088e9a173837c0b8efa201,prime-factoring,b60d07d457088e9a173837c0b8efa201-lisa20_2_a.shuffled.cnf,kissat,SAT,True,,,246906,30688836,124.2936,4.37,ok
947ad7c9f0c0a94ac3fd03b90a50c272,prime-factoring,947ad7c9f0c0a94ac3fd03b90a50c272-ezfact32_1.shuffled.cnf,minisat,SAT,True,769,4682,36,4519,125.5278,0.008261,ok
947ad7c9f0c0a94ac3fd03b90a50c272,prime-factoring,947ad7c9f0c0a94ac3fd03b90a50c272-ezfact32_1.shuffled.cnf,cadical,SAT,True,,,320,23089,72.1531,0.02,ok
947ad7c9f0c0a94ac3fd03b90a50c272,prime-factoring,947ad7c9f0c0a94ac3fd03b90a50c272-ezfact32_1.shuffled.cnf,kissat,SAT,True,,,0,3086,,0.02,no_decisions
ad77e8b9cb5904fb60bbe9fcb9a4e4c9,prime-factoring,ad77e8b9cb5904fb60bbe9fcb9a4e4c9-lisa20_0_a.shuffled.cnf,minisat,SAT,True,1201,6411,21821,3322466,152.2600,0.352504,ok
ad77e8b9cb5904fb60bbe9fcb9a4e4c9,prime-factoring,ad77e8b9cb5904fb60bbe9fcb9a4e4c9-lisa20_0_a.shuffled.cnf,cadical,SAT,True,,,214633,22826042,106.3492,3.54,ok
ad77e8b9cb5904fb60bbe9fcb9a4e4c9,prime-factoring,ad77e8b9cb5904fb60bbe9fcb9a4e4c9-lisa20_0_a.shuffled.cnf,kissat,SAT,True,,,129136,15897448,123.1062,2.04,ok
83a96a7c2273f9a59624cb37be0cf24d,prime-factoring,83a96a7c2273f9a59624cb37be0cf24d-pyhala-braun-unsat-35-4-02.shuffled.cnf,minisat,UNSAT,True,7383,23992,597934,206746713,345.7685,24.3405,ok
83a96a7c2273f9a59624cb37be0cf24d,prime-factoring,83a96a7c2273f9a59624cb37be0cf24d-pyhala-braun-unsat-35-4-02.shuffled.cnf,cadical,UNSAT,True,,,360256,109811005,304.8138,12.04,ok
83a96a7c2273f9a59624cb37be0cf24d,prime-factoring,83a96a7c2273f9a59624cb37be0cf24d-pyhala-braun-unsat-35-4-02.shuffled.cnf,kissat,UNSAT,True,,,276595,58449953,211.3196,7.00,ok
f84ca44d421b988d48ecb0266afeba49,prime-factoring,f84ca44d421b988d48ecb0266afeba49-pyhala-braun-sat-35-4-01.shuffled.cnf,minisat,SAT,True,7383,24136,653814,300085491,458.9769,26.774,ok
f84ca44d421b988d48ecb0266afeba49,prime-factoring,f84ca44d421b988d48ecb0266afeba49-pyhala-braun-sat-35-4-01.shuffled.cnf,cadical,SAT,True,,,68332,16121670,235.9315,1.75,ok
f84ca44d421b988d48ecb0266afeba49,prime-factoring,f84ca44d421b988d48ecb0266afeba49-pyhala-braun-sat-35-4-01.shuffled.cnf,kissat,SAT,True,,,60588,18860249,311.2869,1.40,ok
65da22e0cf3c1479a8a2291a449d2b6a,prime-factoring,65da22e0cf3c1479a8a2291a449d2b6a-ezfact48_7.shuffled.cnf,minisat,UNSAT,True,1729,10874,99987,28335099,283.3878,2.74866,ok
65da22e0cf3c1479a8a2291a449d2b6a,prime-factoring,65da22e0cf3c1479a8a2291a449d2b6a-ezfact48_7.shuffled.cnf,cadical,UNSAT,True,,,105260,33012860,313.6316,3.34,ok
65da22e0cf3c1479a8a2291a449d2b6a,prime-factoring,65da22e0cf3c1479a8a2291a449d2b6a-ezfact48_7.shuffled.cnf,kissat,UNSAT,True,,,100722,25462557,252.8004,2.49,ok
b027487aae5281a762f289318f6b6146,prime-factoring,b027487aae5281a762f289318f6b6146-ezfact32_8.shuffled.cnf,minisat,SAT,True,769,4698,49,4914,100.2857,0.009636,ok
b027487aae5281a762f289318f6b6146,prime-factoring,b027487aae5281a762f289318f6b6146-ezfact32_8.shuffled.cnf,cadical,SAT,True,,,371,48192,129.8976,0.02,ok
b027487aae5281a762f289318f6b6146,prime-factoring,b027487aae5281a762f289318f6b6146-ezfact32_8.shuffled.cnf,kissat,SAT,True,,,497,36580,73.6016,0.02,ok
24bf910d2b9da558fb3e71a4dbe79ba3,prime-factoring,24bf910d2b9da558fb3e71a4dbe79ba3-lisa19_99_a.shuffled.cnf,minisat,SAT,True,1201,6428,45212,8002630,177.0023,0.813994,ok
24bf910d2b9da558fb3e71a4dbe79ba3,prime-factoring,24bf910d2b9da558fb3e71a4dbe79ba3-lisa19_99_a.shuffled.cnf,cadical,SAT,True,,,116082,13976658,120.4033,1.93,ok
24bf910d2b9da558fb3e71a4dbe79ba3,prime-factoring,24bf910d2b9da558fb3e71a4dbe79ba3-lisa19_99_a.shuffled.cnf,kissat,SAT,True,,,286237,37259438,130.1699,5.20,ok
d1abb05547e32e17361e3fc5aa5e4fe5,prime-factoring,d1abb05547e32e17361e3fc5aa5e4fe5-lisa19_1_a.shuffled.cnf,minisat,SAT,True,1201,6357,908917,198640329,218.5462,21.7549,ok
d1abb05547e32e17361e3fc5aa5e4fe5,prime-factoring,d1abb05547e32e17361e3fc5aa5e4fe5-lisa19_1_a.shuffled.cnf,cadical,SAT,True,,,60400,6636530,109.8763,0.89,ok
d1abb05547e32e17361e3fc5aa5e4fe5,prime-factoring,d1abb05547e32e17361e3fc5aa5e4fe5-lisa19_1_a.shuffled.cnf,kissat,SAT,True,,,45378,5609088,123.6081,0.72,ok
c98cb332cef9805eb77f592e7470fc56,fpga-routing,c98cb332cef9805eb77f592e7470fc56-homer10.shuffled.cnf,minisat,UNSAT,True,360,3460,1645352,33655960,20.4552,21.7263,ok
c98cb332cef9805eb77f592e7470fc56,fpga-routing,c98cb332cef9805eb77f592e7470fc56-homer10.shuffled.cnf,cadical,UNSAT,True,,,60146,2215824,36.8408,0.44,ok
c98cb332cef9805eb77f592e7470fc56,fpga-routing,c98cb332cef9805eb77f592e7470fc56-homer10.shuffled.cnf,kissat,UNSAT,True,,,63769,2484232,38.9567,0.35,ok
34aebb93dc0f9f68f6cc8b51efe1cc0c,fpga-routing,34aebb93dc0f9f68f6cc8b51efe1cc0c-alu2_gr_rcs_w7.shuffled.cnf,minisat,UNSAT,True,3570,73478,16269,4998449,307.2376,0.498335,ok
34aebb93dc0f9f68f6cc8b51efe1cc0c,fpga-routing,34aebb93dc0f9f68f6cc8b51efe1cc0c-alu2_gr_rcs_w7.shuffled.cnf,cadical,UNSAT,True,,,23869,12928556,541.6463,0.83,ok
34aebb93dc0f9f68f6cc8b51efe1cc0c,fpga-routing,34aebb93dc0f9f68f6cc8b51efe1cc0c-alu2_gr_rcs_w7.shuffled.cnf,kissat,UNSAT,True,,,52840,20917619,395.8671,0.87,ok
6486cd04a3965e50cc0fa261511b86fc,fpga-routing,6486cd04a3965e50cc0fa261511b86fc-example2_gr_2pin_w5.shuffled.cnf,minisat,UNSAT,True,3603,36344,4877,81275,16.6650,0.059235,ok
6486cd04a3965e50cc0fa261511b86fc,fpga-routing,6486cd04a3965e50cc0fa261511b86fc-example2_gr_2pin_w5.shuffled.cnf,cadical,UNSAT,True,,,87571,118902,1.3578,0.07,ok
6486cd04a3965e50cc0fa261511b86fc,fpga-routing,6486cd04a3965e50cc0fa261511b86fc-example2_gr_2pin_w5.shuffled.cnf,kissat,UNSAT,True,,,56039,319209,5.6962,0.17,ok
8846c4e670244c665607ebc6d0a9a5cc,fpga-routing,8846c4e670244c665607ebc6d0a9a5cc-9symml_gr_2pin_w5.shuffled.cnf,minisat,UNSAT,True,2604,32450,425,26414,62.1506,0.055987,ok
8846c4e670244c665607ebc6d0a9a5cc,fpga-routing,8846c4e670244c665607ebc6d0a9a5cc-9symml_gr_2pin_w5.shuffled.cnf,cadical,UNSAT,True,,,54214,71127,1.3120,0.06,ok
8846c4e670244c665607ebc6d0a9a5cc,fpga-routing,8846c4e670244c665607ebc6d0a9a5cc-9symml_gr_2pin_w5.shuffled.cnf,kissat,UNSAT,True,,,22999,88339,3.8410,0.07,ok
59ded647826181af059f60779b875e67,fpga-routing,59ded647826181af059f60779b875e67-vda_gr_rcs_w9.shuffled.cnf,minisat,SAT,True,6498,130997,1719,59855,34.8197,0.11074,ok
59ded647826181af059f60779b875e67,fpga-routing,59ded647826181af059f60779b875e67-vda_gr_rcs_w9.shuffled.cnf,cadical,SAT,True,,,5660,62979,11.1270,0.23,ok
59ded647826181af059f60779b875e67,fpga-routing,59ded647826181af059f60779b875e67-vda_gr_rcs_w9.shuffled.cnf,kissat,SAT,True,,,2403,176590,73.4873,0.10,ok
d8499c1060a71b03ee69df044f743a35,fpga-routing,d8499c1060a71b03ee69df044f743a35-shuffling-2-s2102867814-of-bench-sat04-349.used-as.sat04-626.cnf,minisat,UNSAT,True,3771,270136,3972589,13576630,3.4176,13.2587,ok
d8499c1060a71b03ee69df044f743a35,fpga-routing,d8499c1060a71b03ee69df044f743a35-shuffling-2-s2102867814-of-bench-sat04-349.used-as.sat04-626.cnf,cadical,rc0,False,,,9657104,50636883,5.2435,60.00,ok
d8499c1060a71b03ee69df044f743a35,fpga-routing,d8499c1060a71b03ee69df044f743a35-shuffling-2-s2102867814-of-bench-sat04-349.used-as.sat04-626.cnf,kissat,rc0,False,,,21860823,73982641,3.3843,60.01,ok
14f630622696acf0317df1ff5e20b1e9,fpga-routing,14f630622696acf0317df1ff5e20b1e9-bart22.shuffled.cnf,minisat,SAT,True,288,1596,546,4914,9.0000,0.005764,ok
14f630622696acf0317df1ff5e20b1e9,fpga-routing,14f630622696acf0317df1ff5e20b1e9-bart22.shuffled.cnf,cadical,SAT,True,,,,,,0.01,no_decisions
14f630622696acf0317df1ff5e20b1e9,fpga-routing,14f630622696acf0317df1ff5e20b1e9-bart22.shuffled.cnf,kissat,SAT,True,,,0,5860,,0.02,no_decisions
d02c05db2db553967294055996cc291a,fpga-routing,d02c05db2db553967294055996cc291a-homer08.shuffled.cnf,minisat,UNSAT,True,216,1212,1468705,16940506,11.5343,9.21761,ok
d02c05db2db553967294055996cc291a,fpga-routing,d02c05db2db553967294055996cc291a-homer08.shuffled.cnf,cadical,UNSAT,True,,,385289,7053008,18.3058,2.28,ok
d02c05db2db553967294055996cc291a,fpga-routing,d02c05db2db553967294055996cc291a-homer08.shuffled.cnf,kissat,UNSAT,True,,,166625,3573109,21.4440,0.86,ok
e84c7a79ff498abc627acf82bb5d003a,fpga-routing,e84c7a79ff498abc627acf82bb5d003a-too_large_gr_rcs_w8.shuffled.cnf,minisat,SAT,True,4152,57495,1088,12486,11.4761,0.050688,ok
e84c7a79ff498abc627acf82bb5d003a,fpga-routing,e84c7a79ff498abc627acf82bb5d003a-too_large_gr_rcs_w8.shuffled.cnf,cadical,SAT,True,,,3248,9482,2.9193,0.09,ok
e84c7a79ff498abc627acf82bb5d003a,fpga-routing,e84c7a79ff498abc627acf82bb5d003a-too_large_gr_rcs_w8.shuffled.cnf,kissat,SAT,True,,,1816,90824,50.0132,0.05,ok
68fb9e8640946901d3957dc0499bfc4d,fpga-routing,68fb9e8640946901d3957dc0499bfc4d-bart17.shuffled.cnf,minisat,SAT,True,231,1166,582,4786,8.2234,0.005311,ok
68fb9e8640946901d3957dc0499bfc4d,fpga-routing,68fb9e8640946901d3957dc0499bfc4d-bart17.shuffled.cnf,cadical,SAT,True,,,,,,0.01,no_decisions
68fb9e8640946901d3957dc0499bfc4d,fpga-routing,68fb9e8640946901d3957dc0499bfc4d-bart17.shuffled.cnf,kissat,SAT,True,,,591,12294,20.8020,0.02,ok
90533bfd1da71a799d046bca275303b9,fpga-routing,90533bfd1da71a799d046bca275303b9-apex7_gr_2pin_w5.shuffled.cnf,minisat,SAT,True,1983,15349,5685,30085,5.2920,0.035763,ok
90533bfd1da71a799d046bca275303b9,fpga-routing,90533bfd1da71a799d046bca275303b9-apex7_gr_2pin_w5.shuffled.cnf,cadical,SAT,True,,,13946,18139,1.3007,0.04,ok
90533bfd1da71a799d046bca275303b9,fpga-routing,90533bfd1da71a799d046bca275303b9-apex7_gr_2pin_w5.shuffled.cnf,kissat,SAT,True,,,18616,39531,2.1235,0.03,ok
932d18594f1d0b3ee5c67b67745e55f7,fpga-routing,932d18594f1d0b3ee5c67b67745e55f7-bart16.shuffled.cnf,minisat,SAT,True,210,990,285,2693,9.4491,0.004372,ok
932d18594f1d0b3ee5c67b67745e55f7,fpga-routing,932d18594f1d0b3ee5c67b67745e55f7-bart16.shuffled.cnf,cadical,SAT,True,,,468,6617,14.1389,0.01,ok
932d18594f1d0b3ee5c67b67745e55f7,fpga-routing,932d18594f1d0b3ee5c67b67745e55f7-bart16.shuffled.cnf,kissat,SAT,True,,,0,3345,,0.02,no_decisions
b70b07489391f3e323d29718ad2d61db,fpga-routing,b70b07489391f3e323d29718ad2d61db-homer09.shuffled.cnf,minisat,UNSAT,True,270,1920,2213447,32928368,14.8765,20.4372,ok
b70b07489391f3e323d29718ad2d61db,fpga-routing,b70b07489391f3e323d29718ad2d61db-homer09.shuffled.cnf,cadical,UNSAT,True,,,193310,4558173,23.5796,1.22,ok
b70b07489391f3e323d29718ad2d61db,fpga-routing,b70b07489391f3e323d29718ad2d61db-homer09.shuffled.cnf,kissat,UNSAT,True,,,95978,2632630,27.4295,0.45,ok
5b9fd1dfacf03372a45cdbf14c6315ce,fpga-routing,5b9fd1dfacf03372a45cdbf14c6315ce-too_large_gr_rcs_w5.shuffled.cnf,minisat,UNSAT,True,2595,36129,407,19069,46.8526,0.038509,ok
5b9fd1dfacf03372a45cdbf14c6315ce,fpga-routing,5b9fd1dfacf03372a45cdbf14c6315ce-too_large_gr_rcs_w5.shuffled.cnf,cadical,UNSAT,True,,,280,29295,104.6250,0.07,ok
5b9fd1dfacf03372a45cdbf14c6315ce,fpga-routing,5b9fd1dfacf03372a45cdbf14c6315ce-too_large_gr_rcs_w5.shuffled.cnf,kissat,UNSAT,True,,,459,85502,186.2789,0.04,ok
c2b569bfb62dad1700a325405a95dfa1,fpga-routing,c2b569bfb62dad1700a325405a95dfa1-c499_gr_rcs_w6.shuffled.cnf,minisat,SAT,True,1872,18870,572,12548,21.9371,0.020693,ok
c2b569bfb62dad1700a325405a95dfa1,fpga-routing,c2b569bfb62dad1700a325405a95dfa1-c499_gr_rcs_w6.shuffled.cnf,cadical,SAT,True,,,1855,34345,18.5148,0.04,ok
c2b569bfb62dad1700a325405a95dfa1,fpga-routing,c2b569bfb62dad1700a325405a95dfa1-c499_gr_rcs_w6.shuffled.cnf,kissat,SAT,True,,,1037,72027,69.4571,0.03,ok
677a85e7ceb02e51b47db7fb60445924,diagnosis,677a85e7ceb02e51b47db7fb60445924-total-5-13-s.cnf,minisat,SAT,True,179177,800510,8543,6749129,790.0186,0.632888,ok
677a85e7ceb02e51b47db7fb60445924,diagnosis,677a85e7ceb02e51b47db7fb60445924-total-5-13-s.cnf,cadical,SAT,True,,,54283,1587961,29.2534,1.33,ok
677a85e7ceb02e51b47db7fb60445924,diagnosis,677a85e7ceb02e51b47db7fb60445924-total-5-13-s.cnf,kissat,SAT,True,,,20401,29032340,1423.0842,1.10,ok
916035abcafaad8ed3a555c4b726e7fc,diagnosis,916035abcafaad8ed3a555c4b726e7fc-ACG-20-5t0.cnf,minisat,UNSAT,True,318850,1314964,8280,6707308,810.0614,0.819918,ok
916035abcafaad8ed3a555c4b726e7fc,diagnosis,916035abcafaad8ed3a555c4b726e7fc-ACG-20-5t0.cnf,cadical,UNSAT,True,,,1806,2014997,1115.7237,1.49,ok
916035abcafaad8ed3a555c4b726e7fc,diagnosis,916035abcafaad8ed3a555c4b726e7fc-ACG-20-5t0.cnf,kissat,UNSAT,True,,,16195,13291180,820.6965,0.63,ok
a817258b60fd6eb46b96b3f9b4236cfd,diagnosis,a817258b60fd6eb46b96b3f9b4236cfd-dated-10-15-u.cnf,minisat,UNSAT,True,193016,869679,33370,35887486,1075.4416,1.85602,ok
a817258b60fd6eb46b96b3f9b4236cfd,diagnosis,a817258b60fd6eb46b96b3f9b4236cfd-dated-10-15-u.cnf,cadical,UNSAT,True,,,35733,23588184,660.1232,3.34,ok
a817258b60fd6eb46b96b3f9b4236cfd,diagnosis,a817258b60fd6eb46b96b3f9b4236cfd-dated-10-15-u.cnf,kissat,UNSAT,True,,,67996,104556090,1537.6800,3.87,ok
4546fab27cba3b7f81f04a27804007f1,diagnosis,4546fab27cba3b7f81f04a27804007f1-total-5-13-u.cnf,minisat,UNSAT,True,178708,791609,83291,106745356,1281.5953,6.08695,ok
4546fab27cba3b7f81f04a27804007f1,diagnosis,4546fab27cba3b7f81f04a27804007f1-total-5-13-u.cnf,cadical,UNSAT,True,,,83467,35177798,421.4576,3.79,ok
4546fab27cba3b7f81f04a27804007f1,diagnosis,4546fab27cba3b7f81f04a27804007f1-total-5-13-u.cnf,kissat,UNSAT,True,,,74050,55511864,749.6538,2.37,ok
b03035f857f8014c2105e32484efc8db,diagnosis,b03035f857f8014c2105e32484efc8db-UR-15-5t0.cnf,minisat,UNSAT,True,164126,808030,12753,4703456,368.8117,0.494508,ok
b03035f857f8014c2105e32484efc8db,diagnosis,b03035f857f8014c2105e32484efc8db-UR-15-5t0.cnf,cadical,UNSAT,True,,,20759,2366811,114.0137,1.07,ok
b03035f857f8014c2105e32484efc8db,diagnosis,b03035f857f8014c2105e32484efc8db-UR-15-5t0.cnf,kissat,UNSAT,True,,,21301,7761385,364.3672,0.46,ok
aea96c852e73cccf900a701c3a4ba53c,diagnosis,aea96c852e73cccf900a701c3a4ba53c-dated-5-15-s.cnf,minisat,SAT,True,152348,692085,25525,13653185,534.8946,0.915267,ok
aea96c852e73cccf900a701c3a4ba53c,diagnosis,aea96c852e73cccf900a701c3a4ba53c-dated-5-15-s.cnf,cadical,SAT,True,,,46802,1023080,21.8597,1.12,ok
aea96c852e73cccf900a701c3a4ba53c,diagnosis,aea96c852e73cccf900a701c3a4ba53c-dated-5-15-s.cnf,kissat,SAT,True,,,21288,17269729,811.2424,0.57,ok
eda154ac9b1db0ea59c2e5c2a4d686d9,diagnosis,eda154ac9b1db0ea59c2e5c2a4d686d9-UCG-10-10t0.cnf,minisat,UNSAT,True,125691,589651,11323,6068189,535.9171,0.405897,ok
eda154ac9b1db0ea59c2e5c2a4d686d9,diagnosis,eda154ac9b1db0ea59c2e5c2a4d686d9-UCG-10-10t0.cnf,cadical,UNSAT,True,,,15060,6430350,426.9821,0.94,ok
eda154ac9b1db0ea59c2e5c2a4d686d9,diagnosis,eda154ac9b1db0ea59c2e5c2a4d686d9-UCG-10-10t0.cnf,kissat,UNSAT,True,,,34017,24610572,723.4786,0.93,ok
4e9552083f7a7510a195fd8990caeecf,diagnosis,4e9552083f7a7510a195fd8990caeecf-UCG-10-5p0.cnf,minisat,UNSAT,True,104481,494957,133116,63539090,477.3212,2.06073,ok
4e9552083f7a7510a195fd8990caeecf,diagnosis,4e9552083f7a7510a195fd8990caeecf-UCG-10-5p0.cnf,cadical,UNSAT,True,,,95500,46150939,483.2559,3.96,ok
4e9552083f7a7510a195fd8990caeecf,diagnosis,4e9552083f7a7510a195fd8990caeecf-UCG-10-5p0.cnf,kissat,UNSAT,True,,,474295,223001779,470.1753,7.99,ok
f4b20b0ce3ff1eb7cafce63ee095b2ed,diagnosis,f4b20b0ce3ff1eb7cafce63ee095b2ed-UTI-10-10p0.cnf,minisat,UNSAT,True,130859,619852,518817,107318521,206.8524,6.98221,ok
f4b20b0ce3ff1eb7cafce63ee095b2ed,diagnosis,f4b20b0ce3ff1eb7cafce63ee095b2ed-UTI-10-10p0.cnf,cadical,UNSAT,True,,,512860,130093339,253.6625,14.56,ok
f4b20b0ce3ff1eb7cafce63ee095b2ed,diagnosis,f4b20b0ce3ff1eb7cafce63ee095b2ed-UTI-10-10p0.cnf,kissat,UNSAT,True,,,723755,197022381,272.2225,8.80,ok
1e62a8b371d5a7de99faffc52d915e26,diagnosis,1e62a8b371d5a7de99faffc52d915e26-ACG-10-10p1.cnf,minisat,SAT,True,159117,684292,301742,491735936,1629.6569,14.578,ok
1e62a8b371d5a7de99faffc52d915e26,diagnosis,1e62a8b371d5a7de99faffc52d915e26-ACG-10-10p1.cnf,cadical,SAT,True,,,197067,177348911,899.9422,11.93,ok
1e62a8b371d5a7de99faffc52d915e26,diagnosis,1e62a8b371d5a7de99faffc52d915e26-ACG-10-10p1.cnf,kissat,SAT,True,,,837087,338921936,404.8826,13.56,ok
c3e0e65e139c5314b8df1bc3293c608e,diagnosis,c3e0e65e139c5314b8df1bc3293c608e-dated-10-19-s.cnf,minisat,SAT,True,246821,1159884,166420,93059672,559.1856,8.20824,ok
c3e0e65e139c5314b8df1bc3293c608e,diagnosis,c3e0e65e139c5314b8df1bc3293c608e-dated-10-19-s.cnf,cadical,SAT,True,,,30647,24653184,804.4241,4.40,ok
c3e0e65e139c5314b8df1bc3293c608e,diagnosis,c3e0e65e139c5314b8df1bc3293c608e-dated-10-19-s.cnf,kissat,SAT,True,,,192639,152564668,791.9719,6.93,ok
595710a1ccc21614ed557f0feae92f73,diagnosis,595710a1ccc21614ed557f0feae92f73-UTI-15-5p1.cnf,minisat,SAT,True,163388,823279,1248846,263791517,211.2282,19.9405,ok
595710a1ccc21614ed557f0feae92f73,diagnosis,595710a1ccc21614ed557f0feae92f73-UTI-15-5p1.cnf,cadical,SAT,True,,,931483,202588524,217.4903,23.08,ok
595710a1ccc21614ed557f0feae92f73,diagnosis,595710a1ccc21614ed557f0feae92f73-UTI-15-5p1.cnf,kissat,SAT,True,,,965791,243807858,252.4437,12.24,ok
f4aa348328e3b23fffc81cf4dc05cd44,diagnosis,f4aa348328e3b23fffc81cf4dc05cd44-UTI-20-5t0.cnf,minisat,UNSAT,True,220392,1134697,6948,2072686,298.3140,0.548225,ok
f4aa348328e3b23fffc81cf4dc05cd44,diagnosis,f4aa348328e3b23fffc81cf4dc05cd44-UTI-20-5t0.cnf,cadical,UNSAT,True,,,6729,1367472,203.2207,1.10,ok
f4aa348328e3b23fffc81cf4dc05cd44,diagnosis,f4aa348328e3b23fffc81cf4dc05cd44-UTI-20-5t0.cnf,kissat,UNSAT,True,,,13619,7851673,576.5235,0.61,ok
93df66fe35ae20e7dda278ac4c88123d,diagnosis,93df66fe35ae20e7dda278ac4c88123d-partial-5-15-s.cnf,minisat,SAT,True,218494,996243,916716,289575779,315.8838,16.7815,ok
93df66fe35ae20e7dda278ac4c88123d,diagnosis,93df66fe35ae20e7dda278ac4c88123d-partial-5-15-s.cnf,cadical,SAT,True,,,1851948,483453765,261.0515,51.73,ok
93df66fe35ae20e7dda278ac4c88123d,diagnosis,93df66fe35ae20e7dda278ac4c88123d-partial-5-15-s.cnf,kissat,rc0,False,,,3431185,1006857480,293.4431,60.00,ok
edcc3e7206ee90a054054e93143f0deb,diagnosis,edcc3e7206ee90a054054e93143f0deb-UTI-15-10p0.cnf,minisat,UNSAT,True,199586,995680,1528900,291750740,190.8240,23.4105,ok
edcc3e7206ee90a054054e93143f0deb,diagnosis,edcc3e7206ee90a054054e93143f0deb-UTI-15-10p0.cnf,cadical,UNSAT,True,,,944877,211492960,223.8312,24.38,ok
edcc3e7206ee90a054054e93143f0deb,diagnosis,edcc3e7206ee90a054054e93143f0deb-UTI-15-10p0.cnf,kissat,UNSAT,True,,,1951936,468812814,240.1784,24.29,ok
c36544159378a62a7d9585cb540df9f0,testpattern-generation,c36544159378a62a7d9585cb540df9f0-bf1355-461.cnf,minisat,UNSAT,True,2297,6268,0,373,,0.010551,no_decisions
c36544159378a62a7d9585cb540df9f0,testpattern-generation,c36544159378a62a7d9585cb540df9f0-bf1355-461.cnf,cadical,UNSAT,True,,,,,,0.01,no_decisions
c36544159378a62a7d9585cb540df9f0,testpattern-generation,c36544159378a62a7d9585cb540df9f0-bf1355-461.cnf,kissat,UNSAT,True,,,0,9300,,0.01,no_decisions
2c68c459d052b61e757d1fc261e56a9a,testpattern-generation,2c68c459d052b61e757d1fc261e56a9a-bf1355-565.cnf,minisat,UNSAT,True,2296,6455,49,1066,21.7551,0.009355,ok
2c68c459d052b61e757d1fc261e56a9a,testpattern-generation,2c68c459d052b61e757d1fc261e56a9a-bf1355-565.cnf,cadical,UNSAT,True,,,63,2594,41.1746,0.02,ok
2c68c459d052b61e757d1fc261e56a9a,testpattern-generation,2c68c459d052b61e757d1fc261e56a9a-bf1355-565.cnf,kissat,UNSAT,True,,,0,10473,,0.01,no_decisions
af46163a76ef180b5884e99a8417f409,testpattern-generation,af46163a76ef180b5884e99a8417f409-bf1355-360.cnf,minisat,UNSAT,True,2298,6423,135,4188,31.0222,0.01274,ok
af46163a76ef180b5884e99a8417f409,testpattern-generation,af46163a76ef180b5884e99a8417f409-bf1355-360.cnf,cadical,UNSAT,True,,,460,3417,7.4283,0.02,ok
af46163a76ef180b5884e99a8417f409,testpattern-generation,af46163a76ef180b5884e99a8417f409-bf1355-360.cnf,kissat,UNSAT,True,,,0,8947,,0.01,no_decisions
ce3024e84a1cc2ed52e00040c23805bb,testpattern-generation,ce3024e84a1cc2ed52e00040c23805bb-ssa2670-127.cnf,minisat,UNSAT,True,1355,3230,165,1089,6.6000,0.008378,ok
ce3024e84a1cc2ed52e00040c23805bb,testpattern-generation,ce3024e84a1cc2ed52e00040c23805bb-ssa2670-127.cnf,cadical,UNSAT,True,,,1030,1426,1.3845,0.01,ok
ce3024e84a1cc2ed52e00040c23805bb,testpattern-generation,ce3024e84a1cc2ed52e00040c23805bb-ssa2670-127.cnf,kissat,UNSAT,True,,,0,7357,,0.01,no_decisions
e40736ff7c03687dfaacce1da730d115,testpattern-generation,e40736ff7c03687dfaacce1da730d115-bf1355-662.cnf,minisat,UNSAT,True,2294,7043,188,8170,43.4574,0.011349,ok
e40736ff7c03687dfaacce1da730d115,testpattern-generation,e40736ff7c03687dfaacce1da730d115-bf1355-662.cnf,cadical,UNSAT,True,,,92,2104,22.8696,0.02,ok
e40736ff7c03687dfaacce1da730d115,testpattern-generation,e40736ff7c03687dfaacce1da730d115-bf1355-662.cnf,kissat,UNSAT,True,,,0,14017,,0.01,no_decisions
d9a79b6629d4724848139e28ef9d1c3c,testpattern-generation,d9a79b6629d4724848139e28ef9d1c3c-bf1355-529.cnf,minisat,UNSAT,True,2296,6499,0,324,,0.009807,no_decisions
d9a79b6629d4724848139e28ef9d1c3c,testpattern-generation,d9a79b6629d4724848139e28ef9d1c3c-bf1355-529.cnf,cadical,UNSAT,True,,,,,,0.01,no_decisions
d9a79b6629d4724848139e28ef9d1c3c,testpattern-generation,d9a79b6629d4724848139e28ef9d1c3c-bf1355-529.cnf,kissat,UNSAT,True,,,0,9769,,0.01,no_decisions
901745fe9f830f5206c0cf99e68b3e1b,testpattern-generation,901745fe9f830f5206c0cf99e68b3e1b-ssa2670-129.cnf,minisat,UNSAT,True,1355,3234,111,973,8.7658,0.008252,ok
901745fe9f830f5206c0cf99e68b3e1b,testpattern-generation,901745fe9f830f5206c0cf99e68b3e1b-ssa2670-129.cnf,cadical,UNSAT,True,,,1243,1743,1.4023,0.01,ok
901745fe9f830f5206c0cf99e68b3e1b,testpattern-generation,901745fe9f830f5206c0cf99e68b3e1b-ssa2670-129.cnf,kissat,UNSAT,True,,,0,7240,,0.01,no_decisions
ff70f721ad948efd3a66fa8d6b9d48af,testpattern-generation,ff70f721ad948efd3a66fa8d6b9d48af-bf1355-123.cnf,minisat,UNSAT,True,2297,6277,0,385,,0.007674,no_decisions
ff70f721ad948efd3a66fa8d6b9d48af,testpattern-generation,ff70f721ad948efd3a66fa8d6b9d48af-bf1355-123.cnf,cadical,UNSAT,True,,,,,,0.01,no_decisions
ff70f721ad948efd3a66fa8d6b9d48af,testpattern-generation,ff70f721ad948efd3a66fa8d6b9d48af-bf1355-123.cnf,kissat,UNSAT,True,,,0,8063,,0.01,no_decisions
a9dd0094ad50fa8e72f9b2bd0b2f1c0f,testpattern-generation,a9dd0094ad50fa8e72f9b2bd0b2f1c0f-bf1355-622.cnf,minisat,UNSAT,True,2296,6475,0,322,,0.00947,no_decisions
a9dd0094ad50fa8e72f9b2bd0b2f1c0f,testpattern-generation,a9dd0094ad50fa8e72f9b2bd0b2f1c0f-bf1355-622.cnf,cadical,UNSAT,True,,,,,,0.01,no_decisions
a9dd0094ad50fa8e72f9b2bd0b2f1c0f,testpattern-generation,a9dd0094ad50fa8e72f9b2bd0b2f1c0f-bf1355-622.cnf,kissat,UNSAT,True,,,0,6181,,0.00,no_decisions
1f77a8cda544f1bd1e305cae526d864e,testpattern-generation,1f77a8cda544f1bd1e305cae526d864e-bf1355-227.cnf,minisat,UNSAT,True,2298,6498,0,327,,0.009994,no_decisions
1f77a8cda544f1bd1e305cae526d864e,testpattern-generation,1f77a8cda544f1bd1e305cae526d864e-bf1355-227.cnf,cadical,UNSAT,True,,,,,,0.01,no_decisions
1f77a8cda544f1bd1e305cae526d864e,testpattern-generation,1f77a8cda544f1bd1e305cae526d864e-bf1355-227.cnf,kissat,UNSAT,True,,,0,6966,,0.00,no_decisions
aa1b85a103ea1352484c8b0f1f09facf,testpattern-generation,aa1b85a103ea1352484c8b0f1f09facf-bf1355-127.cnf,minisat,UNSAT,True,2297,6268,0,375,,0.010123,no_decisions
aa1b85a103ea1352484c8b0f1f09facf,testpattern-generation,aa1b85a103ea1352484c8b0f1f09facf-bf1355-127.cnf,cadical,UNSAT,True,,,,,,0.01,no_decisions
aa1b85a103ea1352484c8b0f1f09facf,testpattern-generation,aa1b85a103ea1352484c8b0f1f09facf-bf1355-127.cnf,kissat,UNSAT,True,,,0,9354,,0.01,no_decisions
b204db0dce7f9a05790b7c8e85a0a609,testpattern-generation,b204db0dce7f9a05790b7c8e85a0a609-bf1355-128.cnf,minisat,UNSAT,True,2297,6422,61,1203,19.7213,0.008946,ok
b204db0dce7f9a05790b7c8e85a0a609,testpattern-generation,b204db0dce7f9a05790b7c8e85a0a609-bf1355-128.cnf,cadical,UNSAT,True,,,,,,0.01,no_decisions
b204db0dce7f9a05790b7c8e85a0a609,testpattern-generation,b204db0dce7f9a05790b7c8e85a0a609-bf1355-128.cnf,kissat,UNSAT,True,,,0,9459,,0.00,no_decisions
6a1a89aaf40ad7aded6393d4089af2ea,testpattern-generation,6a1a89aaf40ad7aded6393d4089af2ea-bf1355-239.cnf,minisat,UNSAT,True,2298,7049,62,1111,17.9194,0.010695,ok
6a1a89aaf40ad7aded6393d4089af2ea,testpattern-generation,6a1a89aaf40ad7aded6393d4089af2ea-bf1355-239.cnf,cadical,UNSAT,True,,,110,2472,22.4727,0.02,ok
6a1a89aaf40ad7aded6393d4089af2ea,testpattern-generation,6a1a89aaf40ad7aded6393d4089af2ea-bf1355-239.cnf,kissat,UNSAT,True,,,0,11619,,0.01,no_decisions
46f9591d706cc38ff7319613d80b9d4c,testpattern-generation,46f9591d706cc38ff7319613d80b9d4c-bf1355-240.cnf,minisat,UNSAT,True,2298,7018,101,4511,44.6634,0.010076,ok
46f9591d706cc38ff7319613d80b9d4c,testpattern-generation,46f9591d706cc38ff7319613d80b9d4c-bf1355-240.cnf,cadical,UNSAT,True,,,110,2478,22.5273,0.02,ok
46f9591d706cc38ff7319613d80b9d4c,testpattern-generation,46f9591d706cc38ff7319613d80b9d4c-bf1355-240.cnf,kissat,UNSAT,True,,,0,10800,,0.01,no_decisions
5fcfad9a73901d5b08c57f82f9c5cf95,testpattern-generation,5fcfad9a73901d5b08c57f82f9c5cf95-bf1355-466.cnf,minisat,UNSAT,True,2293,6404,69,1152,16.6957,0.010779,ok
5fcfad9a73901d5b08c57f82f9c5cf95,testpattern-generation,5fcfad9a73901d5b08c57f82f9c5cf95-bf1355-466.cnf,cadical,UNSAT,True,,,67,2252,33.6119,0.02,ok
5fcfad9a73901d5b08c57f82f9c5cf95,testpattern-generation,5fcfad9a73901d5b08c57f82f9c5cf95-bf1355-466.cnf,kissat,UNSAT,True,,,0,8485,,0.01,no_decisions
